accession	species	gene_id	chrom	start	end	len_bp	strand	class	tier	status	len_aa	model
hmaj_V2R001	hmaj	LOC_00004506	ch1	23283692	23297642	13950	pos	intact	T2	pseudogene	862	miniprot
hmaj_V2R002	hmaj	LOC_00004507	ch1	23366915	23375779	8864	pos	intact	T2	pseudogene	878	miniprot
hmaj_V2R003	hmaj	LOC_00004508	ch1	23518792	23519329	537	pos	intact	T2	pseudogene	855	miniprot
hmaj_V2R004	hmaj	LOC_00004509	ch1	23584092	23592789	8697	neg	intact	T2	pseudogene	867	eviann
hmaj_V2R005	hmaj	LOC_00004510	ch1	23624536	23633611	9075	pos	intact	T2	functional	866	miniprot
hmaj_V2R006	hmaj	LOC_00004512	ch1	23770879	23771622	743	neg	fragmented	T2	partial	78	eviann
hmaj_V2R007	hmaj	LOC_00004513	ch1	23856764	23870226	13462	neg	intact	T2	pseudogene	839	miniprot
hmaj_V2R008	hmaj	LOC_00004515	ch1	23952513	23954224	1711	neg	fragmented	T2	partial	336	eviann
hmaj_V2R009	hmaj	LOC_00004516	ch1	24004444	24020442	15998	neg	intact	T2	pseudogene	1124	miniprot
hmaj_V2R010	hmaj	LOC_00004517	ch1	24068019	24081123	13104	neg	intact	T2	pseudogene	864	miniprot
hmaj_V2R011	hmaj	LOC_00004518	ch1	24159847	24161579	1732	pos	intact	T2	functional	867	miniprot
hmaj_V2R012	hmaj	LOC_00004520	ch1	24280794	24282545	1751	pos	intact	T2	pseudogene	867	miniprot
hmaj_V2R013	hmaj	LOC_00004521	ch1	24345381	24347142	1761	pos	intact	T2	functional	874	miniprot
hmaj_V2R014	hmaj	LOC_00004522	ch1	24385872	24387653	1781	pos	intact	T2	functional	874	miniprot
hmaj_V2R015	hmaj	LOC_00004523	ch1	24447555	24462562	15007	neg	intact	T2	functional	863	eviann
hmaj_V2R016	hmaj	LOC_00004524	ch1	24695840	24697600	1760	pos	intact	T2	functional	795	miniprot
hmaj_V2R017	hmaj	LOC_00004525	ch1	24725001	24736158	11157	pos	intact	T2	functional	867	miniprot
hmaj_V2R018	hmaj	LOC_00004554	ch1	26031252	26055790	24538	neg	intact	T2	pseudogene	733	miniprot
hmaj_V2R019	hmaj	LOC_00004556	ch1	26115536	26123226	7690	neg	intact	T2	pseudogene	865	miniprot
hmaj_V2R020	hmaj	LOC_00004557	ch1	26137413	26137970	557	neg	intact	T2	pseudogene	865	miniprot
hmaj_V2R021	hmaj	LOC_00004558	ch1	26171288	26175731	4443	neg	fragmented	T2	partial	240	orf
hmaj_V2R022	hmaj	LOC_00004559	ch1	26294049	26302921	8872	neg	intact	T2	pseudogene	864	miniprot
hmaj_V2R023	hmaj	LOC_00004560	ch1	26337076	26345827	8751	neg	intact	T2	pseudogene	864	miniprot
hmaj_V2R024	hmaj	LOC_00004561	ch1	26360219	26370915	10696	neg	intact	T2	pseudogene	865	miniprot
hmaj_V2R025	hmaj	LOC_00004562	ch1	26376415	26376799	384	neg	intact	T2	pseudogene	865	miniprot
hmaj_V2R026	hmaj	LOC_00004563	ch1	26382081	26382638	557	neg	intact	T2	pseudogene	865	miniprot
hmaj_V2R027	hmaj	LOC_00004564	ch1	26495837	26510955	15118	neg	intact	T2	functional	787	miniprot
hmaj_V2R028	hmaj	LOC_00004565	ch1	26590655	26595097	4442	neg	partial	T2	pseudogene	864	miniprot
hmaj_V2R029	hmaj	LOC_00004566	ch1	26700855	26710096	9241	neg	intact	T2	functional	865	miniprot
hmaj_V2R030	hmaj	LOC_00004567	ch1	26749305	26760282	10977	neg	intact	T2	pseudogene	861	miniprot
hmaj_V2R031	hmaj	LOC_00004568	ch1	26861496	26870791	9295	neg	intact	T2	pseudogene	850	miniprot
hmaj_V2R032	hmaj	LOC_00004569	ch1	26908545	26914288	5743	neg	intact	T2	pseudogene	850	miniprot
hmaj_V2R033	hmaj	LOC_00004570	ch1	26938522	26940919	2397	neg	intact	T2	pseudogene	863	miniprot
hmaj_V2R034	hmaj	LOC_00004571	ch1	27086461	27094858	8397	neg	intact	T2	pseudogene	865	miniprot
hmaj_V2R035	hmaj	LOC_00004572	ch1	27108557	27108941	384	neg	NA	NA	partial	127	NA
hmaj_V2R036	hmaj	LOC_00004573	ch1	27145475	27155455	9980	pos	intact	T2	pseudogene	847	miniprot
hmaj_V2R037	hmaj	LOC_00004574	ch1	27161659	27182749	21090	pos	intact	T2	pseudogene	847	miniprot
hmaj_V2R038	hmaj	LOC_00004575	ch1	27232229	27457105	224876	pos	intact	T2	pseudogene	866	miniprot
hmaj_V2R039	hmaj	LOC_00004577	ch1	27504267	27526624	22357	neg	intact	T2	pseudogene	863	miniprot
hmaj_V2R040	hmaj	LOC_00006701	ch1	299159139	299813552	654413	pos	fragmented	T2	partial	911	eviann
hmaj_V2R041	hmaj	LOC_00009888	ch2	1628888	1629686	798	neg	fragmented	T2	partial	265	eviann
hmaj_V2R042	hmaj	LOC_00009894	ch2	2152006	2152327	321	pos	NA	NA	partial	106	NA
hmaj_V2R043	hmaj	LOC_00009896	ch2	2583815	2608973	25158	neg	intact	T2	functional	848	miniprot
hmaj_V2R044	hmaj	LOC_00009897	ch2	3077643	3077973	330	pos	NA	NA	partial	109	NA
hmaj_V2R045	hmaj	LOC_00009898	ch2	3182114	3198828	16714	pos	intact	T2	functional	845	miniprot
hmaj_V2R046	hmaj	LOC_00009900	ch2	3288070	3304215	16145	pos	intact	T2	functional	856	eviann
hmaj_V2R047	hmaj	LOC_00009901	ch2	3338095	3363076	24981	neg	intact	T2	functional	848	miniprot
hmaj_V2R048	hmaj	LOC_00009902	ch2	3473389	3475331	1942	pos	fragmented	T2	partial	175	eviann
hmaj_V2R049	hmaj	LOC_00009904	ch2	3702861	3714780	11919	neg	intact	T2	functional	848	miniprot
hmaj_V2R050	hmaj	LOC_00009906	ch2	4002688	4025117	22429	neg	intact	T2	functional	848	eviann
hmaj_V2R051	hmaj	LOC_00009912	ch2	4703793	4729941	26148	neg	intact	T2	functional	847	eviann
hmaj_V2R052	hmaj	LOC_00009913	ch2	4769501	4772767	3266	pos	intact	T2	functional	849	miniprot
hmaj_V2R053	hmaj	LOC_00009914	ch2	4852245	4857064	4819	neg	fragmented	T2	partial	395	eviann
hmaj_V2R054	hmaj	LOC_00009915	ch2	4889966	4909623	19657	neg	intact	T2	functional	847	eviann
hmaj_V2R055	hmaj	LOC_00009916	ch2	4931524	4936535	5011	pos	intact	T2	functional	659	eviann
hmaj_V2R056	hmaj	LOC_00009919	ch2	5131868	5142214	10346	neg	intact	T2	functional	849	eviann
hmaj_V2R057	hmaj	LOC_00009920	ch2	5176784	5201247	24463	neg	intact	T2	functional	847	eviann
hmaj_V2R058	hmaj	LOC_00009921	ch2	5334380	5337352	2972	pos	partial	T2	pseudogene	869	miniprot
hmaj_V2R059	hmaj	LOC_00009927	ch2	5726801	5741623	14822	pos	intact	T2	functional	773	eviann
hmaj_V2R060	hmaj	LOC_00009928	ch2	5766599	5777396	10797	neg	intact	T2	functional	849	eviann
hmaj_V2R061	hmaj	LOC_00009929	ch2	5859352	5864376	5024	pos	intact	T2	functional	849	miniprot
hmaj_V2R062	hmaj	LOC_00009931	ch2	5941324	5946131	4807	neg	fragmented	T2	partial	395	eviann
hmaj_V2R063	hmaj	LOC_00009932	ch2	5979761	5999487	19726	neg	intact	T2	functional	847	eviann
hmaj_V2R064	hmaj	LOC_00009934	ch2	6132720	6152402	19682	neg	intact	T2	functional	847	eviann
hmaj_V2R065	hmaj	LOC_00009936	ch2	6294217	6319667	25450	neg	intact	T2	functional	848	eviann
hmaj_V2R066	hmaj	LOC_00009938	ch2	6346871	6351892	5021	pos	intact	T2	functional	849	miniprot
hmaj_V2R067	hmaj	LOC_00009971	ch2	7358148	7368768	10620	neg	intact	T2	functional	819	eviann
hmaj_V2R068	hmaj	LOC_00009972	ch2	7385476	7405189	19713	pos	intact	T2	functional	847	eviann
hmaj_V2R069	hmaj	LOC_00009973	ch2	7575441	7593474	18033	pos	intact	T2	functional	847	eviann
hmaj_V2R070	hmaj	LOC_00009974	ch2	7775617	7780638	5021	neg	intact	T2	functional	849	miniprot
hmaj_V2R071	hmaj	LOC_00009976	ch2	7900619	7919582	18963	neg	intact	T2	pseudogene	847	eviann
hmaj_V2R072	hmaj	LOC_00009981	ch2	8116954	8127786	10832	neg	intact	T2	functional	849	eviann
hmaj_V2R073	hmaj	LOC_00009982	ch2	8382346	8407255	24909	pos	intact	T2	functional	848	miniprot
hmaj_V2R074	hmaj	LOC_00009983	ch2	8454860	8465465	10605	pos	intact	T2	functional	847	miniprot
hmaj_V2R075	hmaj	LOC_00009987	ch2	8776271	8787118	10847	neg	intact	T2	functional	849	eviann
hmaj_V2R076	hmaj	LOC_00009988	ch2	8818743	8841662	22919	neg	intact	T2	functional	847	eviann
hmaj_V2R077	hmaj	LOC_00009989	ch2	8884728	8887994	3266	pos	intact	T2	functional	849	miniprot
hmaj_V2R078	hmaj	LOC_00009991	ch2	9081219	9113995	32776	neg	intact	T2	functional	847	eviann
hmaj_V2R079	hmaj	LOC_00009992	ch2	9183485	9194368	10883	pos	intact	T2	functional	849	eviann
hmaj_V2R080	hmaj	LOC_00009993	ch2	9230342	9246283	15941	pos	intact	T2	functional	849	eviann
hmaj_V2R081	hmaj	LOC_00009995	ch2	9396949	9401972	5023	pos	intact	T2	functional	659	eviann
hmaj_V2R082	hmaj	LOC_00009996	ch2	9475876	9489413	13537	neg	intact	T2	functional	849	eviann
hmaj_V2R083	hmaj	LOC_00009997	ch2	9670866	9673549	2683	neg	fragmented	T2	partial	240	orf
hmaj_V2R084	hmaj	LOC_00009998	ch2	9732889	9743948	11059	neg	intact	T2	pseudogene	878	miniprot
hmaj_V2R085	hmaj	LOC_00009999	ch2	9805216	9815920	10704	pos	intact	T2	functional	849	miniprot
hmaj_V2R086	hmaj	LOC_00010001	ch2	9970463	9992543	22080	neg	intact	T2	functional	847	eviann
hmaj_V2R087	hmaj	LOC_00010002	ch2	10014434	10019444	5010	pos	intact	T2	functional	659	eviann
hmaj_V2R088	hmaj	LOC_00010003	ch2	10074288	10079311	5023	neg	intact	T2	functional	659	eviann
hmaj_V2R089	hmaj	LOC_00010006	ch2	10176533	10186840	10307	pos	intact	T2	functional	849	eviann
hmaj_V2R090	hmaj	LOC_00010007	ch2	10193641	10206469	12828	pos	intact	T2	functional	659	eviann
hmaj_V2R091	hmaj	LOC_00010012	ch2	10519016	10524040	5024	neg	intact	T2	functional	849	miniprot
hmaj_V2R092	hmaj	LOC_00010013	ch2	10546351	10566068	19717	pos	intact	T2	functional	847	eviann
hmaj_V2R093	hmaj	LOC_00010015	ch2	10676360	10681364	5004	neg	intact	T2	functional	657	eviann
hmaj_V2R094	hmaj	LOC_00010016	ch2	10792004	10811659	19655	pos	fragmented	T2	partial	379	eviann
hmaj_V2R095	hmaj	LOC_00010017	ch2	11387368	11404683	17315	pos	intact	T2	functional	849	miniprot
hmaj_V2R096	hmaj	LOC_00010018	ch2	11425391	11441110	15719	pos	intact	T2	functional	849	miniprot
hmaj_V2R097	hmaj	LOC_00010019	ch2	11497901	11538626	40725	neg	intact	T2	functional	847	eviann
hmaj_V2R098	hmaj	LOC_00010020	ch2	11716522	11727829	11307	neg	intact	T2	functional	869	eviann
hmaj_V2R099	hmaj	LOC_00010021	ch2	11893186	11903842	10656	pos	intact	T2	functional	849	eviann
hmaj_V2R100	hmaj	LOC_00010022	ch2	11907877	11924971	17094	pos	intact	T2	functional	849	miniprot
hmaj_V2R101	hmaj	LOC_00010023	ch2	11928451	11950061	21610	pos	intact	T2	functional	849	miniprot
hmaj_V2R102	hmaj	LOC_00010024	ch2	11959721	11964756	5035	pos	intact	T2	functional	849	miniprot
hmaj_V2R103	hmaj	LOC_00010026	ch2	12107785	12118665	10880	pos	intact	T2	functional	849	eviann
hmaj_V2R104	hmaj	LOC_00010027	ch2	12154555	12170486	15931	pos	intact	T2	functional	849	eviann
hmaj_V2R105	hmaj	LOC_00010028	ch2	12268366	12308532	40166	pos	intact	T2	functional	847	eviann
hmaj_V2R106	hmaj	LOC_00010032	ch2	12678277	12688983	10706	neg	intact	T2	functional	849	miniprot
hmaj_V2R107	hmaj	LOC_00010033	ch2	12744500	12757233	12733	pos	intact	T2	pseudogene	878	miniprot
hmaj_V2R108	hmaj	LOC_00010035	ch2	12943956	12964522	20566	neg	intact	T2	functional	845	miniprot
hmaj_V2R109	hmaj	LOC_00010036	ch2	12991438	13011779	20341	pos	intact	T2	functional	851	eviann
hmaj_V2R110	hmaj	LOC_00010037	ch2	13043735	13064302	20567	pos	intact	T2	functional	845	miniprot
hmaj_V2R111	hmaj	LOC_00010038	ch2	13194540	13197223	2683	neg	fragmented	T2	partial	240	orf
hmaj_V2R112	hmaj	LOC_00010039	ch2	13390596	13393991	3395	pos	fragmented	T2	partial	371	eviann
hmaj_V2R113	hmaj	LOC_00010040	ch2	13397471	13414742	17271	pos	intact	T2	functional	849	miniprot
hmaj_V2R114	hmaj	LOC_00010041	ch2	13421191	13437692	16501	pos	intact	T2	functional	849	miniprot
hmaj_V2R115	hmaj	LOC_00010042	ch2	13441172	13463383	22211	pos	intact	T2	functional	848	miniprot
hmaj_V2R116	hmaj	LOC_00010043	ch2	13549094	13559727	10633	pos	intact	T2	functional	849	miniprot
hmaj_V2R117	hmaj	LOC_00010077	ch2	14294744	14295653	909	pos	fragmented	T2	partial	357	orf
hmaj_V2R118	hmaj	LOC_00010098	ch2	15057386	15093464	36078	neg	intact	T2	functional	850	eviann
hmaj_V2R119	hmaj	LOC_00010102	ch2	15256750	15273919	17169	pos	intact	T2	pseudogene	878	miniprot
hmaj_V2R120	hmaj	LOC_00010134	ch2	16026501	16031564	5063	pos	intact	T2	functional	849	miniprot
hmaj_V2R121	hmaj	LOC_00010136	ch2	16224070	16225015	945	neg	fragmented	T2	partial	314	eviann
hmaj_V2R122	hmaj	LOC_00010137	ch2	16331337	16348434	17097	pos	intact	T2	pseudogene	879	miniprot
hmaj_V2R123	hmaj	LOC_00010138	ch2	16443689	16480411	36722	neg	intact	T2	functional	850	miniprot
hmaj_V2R124	hmaj	LOC_00010141	ch2	16840136	16850341	10205	neg	fragmented	T2	partial	529	eviann
hmaj_V2R125	hmaj	LOC_00010142	ch2	17206606	17234874	28268	neg	intact	T2	functional	850	miniprot
hmaj_V2R126	hmaj	LOC_00010147	ch2	17543781	17569977	26196	pos	intact	T2	functional	849	eviann
hmaj_V2R127	hmaj	LOC_00010148	ch2	17618560	17632910	14350	neg	intact	T2	functional	725	eviann
hmaj_V2R128	hmaj	LOC_00010167	ch2	18203704	18222783	19079	neg	intact	T2	functional	850	miniprot
hmaj_V2R129	hmaj	LOC_00010168	ch2	18430236	18454776	24540	neg	intact	T2	functional	850	miniprot
hmaj_V2R130	hmaj	LOC_00010169	ch2	18469096	18487756	18660	neg	intact	T2	functional	850	miniprot
hmaj_V2R131	hmaj	LOC_00010170	ch2	18505329	18525730	20401	pos	intact	T2	functional	843	miniprot
hmaj_V2R132	hmaj	LOC_00010171	ch2	18565417	18577800	12383	neg	intact	T2	functional	851	eviann
hmaj_V2R133	hmaj	LOC_00010203	ch2	19369899	19390036	20137	pos	intact	T2	functional	848	miniprot
hmaj_V2R134	hmaj	LOC_00010204	ch2	19580286	19581195	909	neg	fragmented	T2	partial	330	orf
hmaj_V2R135	hmaj	LOC_00010207	ch2	20376315	20396466	20151	pos	intact	T2	pseudogene	848	miniprot
hmaj_V2R136	hmaj	LOC_00010222	ch2	22019300	22037959	18659	neg	intact	T2	pseudogene	869	miniprot
hmaj_V2R137	hmaj	LOC_00010223	ch2	22104499	22124181	19682	neg	intact	T2	pseudogene	873	miniprot
hmaj_V2R138	hmaj	LOC_00010226	ch2	22324687	22337701	13014	neg	intact	T2	pseudogene	865	eviann
hmaj_V2R139	hmaj	LOC_00010230	ch2	22385234	22412598	27364	pos	intact	T2	pseudogene	873	eviann
hmaj_V2R140	hmaj	LOC_00010272	ch2	24685060	24692032	6972	pos	intact	T2	pseudogene	853	eviann
hmaj_V2R141	hmaj	LOC_00010273	ch2	24800007	24806970	6963	pos	intact	T2	pseudogene	853	eviann
hmaj_V2R142	hmaj	LOC_00010274	ch2	24879331	24880234	903	pos	fragmented	T2	partial	300	orf
hmaj_V2R143	hmaj	LOC_00010275	ch2	24924489	24978573	54084	neg	intact	T2	pseudogene	856	eviann
hmaj_V2R144	hmaj	LOC_00010276	ch2	25050336	25052971	2635	pos	fragmented	T2	partial	207	eviann
hmaj_V2R145	hmaj	LOC_00010277	ch2	25087390	25115974	28584	neg	intact	T2	pseudogene	860	miniprot
hmaj_V2R146	hmaj	LOC_00010283	ch2	25514138	25514936	798	pos	fragmented	T2	partial	265	eviann
hmaj_V2R147	hmaj	LOC_00010285	ch2	25778590	25791565	12975	pos	fragmented	T2	partial	183	eviann
hmaj_V2R148	hmaj	LOC_00010294	ch2	28722910	28723708	798	pos	intact	T2	pseudogene	859	miniprot
hmaj_V2R149	hmaj	LOC_00010296	ch2	28997564	29002934	5370	neg	fragmented	T2	partial	158	eviann
hmaj_V2R150	hmaj	LOC_00010297	ch2	29369779	29370499	720	neg	fragmented	T2	partial	239	orf
hmaj_V2R151	hmaj	LOC_00010339	ch2	31908950	31912554	3604	neg	fragmented	T2	partial	302	orf
hmaj_V2R152	hmaj	LOC_00010352	ch2	32410954	32414847	3893	neg	fragmented	T2	partial	325	eviann
hmaj_V2R153	hmaj	LOC_00010354	ch2	32686187	32713340	27153	neg	intact	T2	functional	848	miniprot
hmaj_V2R154	hmaj	LOC_00010356	ch2	32967678	33074181	106503	neg	intact	T2	pseudogene	851	miniprot
hmaj_V2R155	hmaj	LOC_00010357	ch2	32987055	33470740	483685	neg	intact	T2	pseudogene	851	miniprot
hmaj_V2R156	hmaj	LOC_00010358	ch2	33079001	33082880	3879	neg	intact	T2	pseudogene	851	miniprot
hmaj_V2R157	hmaj	LOC_00010359	ch2	33297602	33311864	14262	neg	intact	T2	pseudogene	851	miniprot
hmaj_V2R158	hmaj	LOC_00010360	ch2	33410587	33411127	540	neg	intact	T2	pseudogene	851	miniprot
hmaj_V2R159	hmaj	LOC_00010362	ch2	34178102	34200420	22318	neg	intact	T2	pseudogene	851	miniprot
hmaj_V2R160	hmaj	LOC_00010364	ch2	34364884	34387105	22221	neg	intact	T2	functional	850	eviann
hmaj_V2R161	hmaj	LOC_00010371	ch2	34646152	34652306	6154	neg	partial	T2	pseudogene	623	eviann
hmaj_V2R162	hmaj	LOC_00010372	ch2	34664842	34671005	6163	neg	partial	T2	pseudogene	623	eviann
hmaj_V2R163	hmaj	LOC_00010373	ch2	34704181	34710346	6165	neg	partial	T2	pseudogene	623	eviann
hmaj_V2R164	hmaj	LOC_00010375	ch2	34760093	34766274	6181	neg	partial	T2	pseudogene	623	eviann
hmaj_V2R165	hmaj	LOC_00010376	ch2	34778800	34784925	6125	neg	partial	T2	pseudogene	623	eviann
hmaj_V2R166	hmaj	LOC_00010377	ch2	34800269	34807414	7145	neg	partial	T2	pseudogene	426	eviann
hmaj_V2R167	hmaj	LOC_00010378	ch2	34899144	34906256	7112	neg	fragmented	T2	partial	426	eviann
hmaj_V2R168	hmaj	LOC_00010381	ch2	35076951	35097048	20097	neg	intact	T2	pseudogene	850	miniprot
hmaj_V2R169	hmaj	LOC_00010382	ch2	35173846	35180126	6280	neg	fragmented	T2	partial	308	eviann
hmaj_V2R170	hmaj	LOC_00010384	ch2	35358627	35381030	22403	neg	intact	T2	functional	848	eviann
hmaj_V2R171	hmaj	LOC_00010385	ch2	35697377	35719833	22456	neg	intact	T2	functional	848	eviann
hmaj_V2R172	hmaj	LOC_00010386	ch2	35856051	35861621	5570	neg	intact	T2	functional	742	miniprot
hmaj_V2R173	hmaj	LOC_00010387	ch2	35917078	35928318	11240	pos	intact	T2	pseudogene	856	eviann
hmaj_V2R174	hmaj	LOC_00010388	ch2	35990730	36002889	12159	pos	fragmented	T2	partial	445	eviann
hmaj_V2R175	hmaj	LOC_00010389	ch2	36019711	36023779	4068	neg	fragmented	T2	pseudogene	847	miniprot
hmaj_V2R176	hmaj	LOC_00010457	ch2	37315675	37316578	903	neg	intact	T2	functional	761	miniprot
hmaj_V2R177	hmaj	LOC_00010487	ch2	38695928	38712338	16410	neg	intact	T2	functional	849	eviann
hmaj_V2R178	hmaj	LOC_00010490	ch2	38931409	38945406	13997	pos	intact	T2	functional	688	eviann
hmaj_V2R179	hmaj	LOC_00010491	ch2	38980841	38999639	18798	pos	fragmented	T2	partial	302	eviann
hmaj_V2R180	hmaj	LOC_00010493	ch2	39542355	39552339	9984	pos	intact	T2	functional	773	eviann
hmaj_V2R181	hmaj	LOC_00010494	ch2	39690778	39705543	14765	neg	intact	T2	functional	848	miniprot
hmaj_V2R182	hmaj	LOC_00010495	ch2	39837246	39847206	9960	pos	intact	T2	functional	773	eviann
hmaj_V2R183	hmaj	LOC_00010496	ch2	40243685	40258419	14734	neg	intact	T2	functional	848	miniprot
hmaj_V2R184	hmaj	LOC_00010497	ch2	40265767	40275760	9993	pos	intact	T2	functional	773	eviann
hmaj_V2R185	hmaj	LOC_00010500	ch2	40626508	40642888	16380	neg	intact	T2	functional	849	eviann
hmaj_V2R186	hmaj	LOC_00010502	ch2	41133621	41143612	9991	pos	intact	T2	functional	773	eviann
hmaj_V2R187	hmaj	LOC_00010503	ch2	41263709	41278466	14757	neg	intact	T2	functional	848	miniprot
hmaj_V2R188	hmaj	LOC_00010505	ch2	41573975	41582620	8645	neg	intact	T2	functional	849	eviann
hmaj_V2R189	hmaj	LOC_00010506	ch2	41630928	41640925	9997	pos	intact	T2	functional	773	eviann
hmaj_V2R190	hmaj	LOC_00010527	ch2	42569182	42579168	9986	pos	intact	T2	functional	773	eviann
hmaj_V2R191	hmaj	LOC_00010529	ch2	42893996	42896577	2581	pos	fragmented	T2	partial	310	eviann
hmaj_V2R192	hmaj	LOC_00010531	ch2	43082897	43094076	11179	pos	partial	T2	partial	620	eviann
hmaj_V2R193	hmaj	LOC_00010582	ch2	44475847	44504171	28324	neg	intact	T2	functional	851	miniprot
hmaj_V2R194	hmaj	LOC_00010583	ch2	44549609	44569890	20281	pos	intact	T2	functional	833	eviann
hmaj_V2R195	hmaj	LOC_00010654	ch2	46441353	46453640	12287	neg	intact	T2	functional	773	eviann
hmaj_V2R196	hmaj	LOC_00010655	ch2	46542261	46569240	26979	pos	intact	T2	functional	848	eviann
hmaj_V2R197	hmaj	LOC_00010657	ch2	46714396	46722423	8027	pos	intact	T2	pseudogene	851	miniprot
hmaj_V2R198	hmaj	LOC_00010658	ch2	46725297	46744493	19196	pos	intact	T2	pseudogene	851	miniprot
hmaj_V2R199	hmaj	LOC_00010693	ch2	48066139	48084904	18765	pos	intact	T2	functional	751	eviann
hmaj_V2R200	hmaj	LOC_00010694	ch2	48113605	48122614	9009	pos	fragmented	T2	partial	306	eviann
hmaj_V2R201	hmaj	LOC_00010707	ch2	48602237	48603182	945	neg	fragmented	T2	partial	314	eviann
hmaj_V2R202	hmaj	LOC_00010708	ch2	48652094	48653039	945	neg	fragmented	T2	partial	314	eviann
hmaj_V2R203	hmaj	LOC_00010709	ch2	48692191	48718787	26596	neg	intact	T2	functional	853	eviann
hmaj_V2R204	hmaj	LOC_00010814	ch2	51691352	51708453	17101	neg	intact	T2	pseudogene	844	eviann
hmaj_V2R205	hmaj	LOC_00010815	ch2	51857592	51874662	17070	neg	intact	T2	functional	844	eviann
hmaj_V2R206	hmaj	LOC_00010816	ch2	51919008	51961360	42352	pos	intact	T2	functional	824	miniprot
hmaj_V2R207	hmaj	LOC_00010817	ch2	52019144	52019441	297	pos	NA	NA	partial	98	NA
hmaj_V2R208	hmaj	LOC_00010818	ch2	52059908	52072313	12405	neg	intact	T2	functional	844	eviann
hmaj_V2R209	hmaj	LOC_00010844	ch2	52568365	52578811	10446	pos	intact	T2	pseudogene	859	miniprot
hmaj_V2R210	hmaj	LOC_00010845	ch2	52687686	52708821	21135	pos	intact	T2	pseudogene	870	eviann
hmaj_V2R211	hmaj	LOC_00010890	ch2	54951577	54963268	11691	pos	intact	T2	functional	844	eviann
hmaj_V2R212	hmaj	LOC_00010893	ch2	55232363	55439301	206938	pos	intact	T2	pseudogene	849	eviann
hmaj_V2R213	hmaj	LOC_00010894	ch2	55353151	56039402	686251	neg	intact	T2	pseudogene	554	eviann
hmaj_V2R214	hmaj	LOC_00010898	ch2	55610729	55626977	16248	pos	intact	T2	pseudogene	860	eviann
hmaj_V2R215	hmaj	LOC_00010899	ch2	55723107	55732949	9842	pos	intact	T2	pseudogene	863	eviann
hmaj_V2R216	hmaj	LOC_00010901	ch2	55849411	55859865	10454	pos	intact	T2	pseudogene	863	eviann
hmaj_V2R217	hmaj	LOC_00010906	ch2	56374317	56394514	20197	pos	intact	T2	pseudogene	870	miniprot
hmaj_V2R218	hmaj	LOC_00010907	ch2	56634065	56637776	3711	pos	intact	T2	functional	865	miniprot
hmaj_V2R219	hmaj	LOC_00010908	ch2	56796509	56797004	495	pos	fragmented	T2	partial	313	orf
hmaj_V2R220	hmaj	LOC_00010909	ch2	57110424	57119556	9132	pos	intact	T2	functional	851	miniprot
hmaj_V2R221	hmaj	LOC_00010911	ch2	57288960	57343738	54778	neg	intact	T2	functional	828	eviann
hmaj_V2R222	hmaj	LOC_00010913	ch2	58269563	58274206	4643	pos	fragmented	T2	partial	393	eviann
hmaj_V2R223	hmaj	LOC_00010914	ch2	58354878	58382930	28052	neg	intact	T2	functional	863	eviann
hmaj_V2R224	hmaj	LOC_00010915	ch2	58425156	58432836	7680	pos	intact	T2	functional	860	eviann
hmaj_V2R225	hmaj	LOC_00010916	ch2	58512740	58532876	20136	neg	intact	T2	functional	856	eviann
hmaj_V2R226	hmaj	LOC_00010917	ch2	58656267	58672024	15757	neg	intact	T2	functional	863	eviann
hmaj_V2R227	hmaj	LOC_00010969	ch2	62218826	62233657	14831	neg	intact	T2	functional	863	miniprot
hmaj_V2R228	hmaj	LOC_00012848	ch2	241720297	241722885	2588	neg	fragmented	T2	partial	109	eviann
hmaj_V2R229	hmaj	LOC_00012850	ch2	242003253	242006365	3112	pos	fragmented	T2	partial	357	eviann
hmaj_V2R230	hmaj	LOC_00012851	ch2	242130888	242133271	2383	pos	fragmented	T2	partial	389	miniprot
hmaj_V2R231	hmaj	LOC_00012853	ch2	242838361	242841582	3221	neg	fragmented	T2	partial	350	eviann
hmaj_V2R232	hmaj	LOC_00000003	ch3	321404	325359	3955	pos	fragmented	T2	partial	176	eviann
hmaj_V2R233	hmaj	LOC_00000004	ch3	412780	493980	81200	pos	fragmented	T2	partial	357	eviann
hmaj_V2R234	hmaj	LOC_00000005	ch3	603133	626968	23835	neg	intact	T2	functional	850	eviann
hmaj_V2R235	hmaj	LOC_00000007	ch3	1361179	1369220	8041	pos	fragmented	T2	partial	155	eviann
hmaj_V2R236	hmaj	LOC_00013892	ch4	4350237	4399466	49229	neg	fragmented	T2	partial	460	eviann
hmaj_V2R237	hmaj	LOC_00017102	ch4	132897513	132900370	2857	pos	fragmented	T2	partial	355	eviann
hmaj_V2R238	hmaj	LOC_00017104	ch4	132968533	132974995	6462	pos	fragmented	T2	partial	355	eviann
hmaj_V2R239	hmaj	LOC_00017106	ch4	133036487	133041865	5378	pos	fragmented	T2	partial	355	eviann
hmaj_V2R240	hmaj	LOC_00017109	ch4	133134282	133139585	5303	pos	fragmented	T2	partial	355	eviann
hmaj_V2R241	hmaj	LOC_00017112	ch4	133441167	133451620	10453	pos	fragmented	T2	partial	258	eviann
hmaj_V2R242	hmaj	LOC_00017113	ch4	133527120	133535228	8108	pos	fragmented	T2	partial	242	eviann
hmaj_V2R243	hmaj	LOC_00017114	ch4	133795438	133799502	4064	pos	fragmented	T2	partial	205	eviann
hmaj_V2R244	hmaj	LOC_00017116	ch4	134048966	134057888	8922	neg	fragmented	T2	partial	205	eviann
hmaj_V2R245	hmaj	LOC_00017117	ch4	134448090	134455498	7408	pos	fragmented	T2	partial	258	eviann
hmaj_V2R246	hmaj	LOC_00017118	ch4	134833795	134841548	7753	pos	fragmented	T2	partial	285	eviann
hmaj_V2R247	hmaj	LOC_00017119	ch4	134907895	134918440	10545	pos	fragmented	T2	partial	242	eviann
hmaj_V2R248	hmaj	LOC_00017121	ch4	135721426	135728839	7413	pos	fragmented	T2	partial	258	eviann
hmaj_V2R249	hmaj	LOC_00017123	ch4	136084316	136091960	7644	pos	fragmented	T2	partial	258	eviann
hmaj_V2R250	hmaj	LOC_00017124	ch4	137376000	137383873	7873	pos	fragmented	T2	partial	242	eviann
hmaj_V2R251	hmaj	LOC_00017125	ch4	137528887	137540586	11699	neg	fragmented	T2	partial	303	eviann
hmaj_V2R252	hmaj	LOC_00017126	ch4	138035039	138050732	15693	neg	intact	T2	functional	851	eviann
hmaj_V2R253	hmaj	LOC_00017127	ch4	138179829	138212028	32199	neg	intact	T2	functional	851	eviann
hmaj_V2R254	hmaj	LOC_00017128	ch4	138313261	138340445	27184	neg	intact	T2	functional	851	eviann
hmaj_V2R255	hmaj	LOC_00017131	ch4	138670538	138914855	244317	pos	fragmented	T2	partial	351	eviann
hmaj_V2R256	hmaj	LOC_00017132	ch4	138773588	138780232	6644	pos	fragmented	T2	partial	258	eviann
hmaj_V2R257	hmaj	LOC_00017133	ch4	138967142	138994388	27246	pos	intact	T2	functional	851	eviann
hmaj_V2R258	hmaj	LOC_00017135	ch4	139249664	139282631	32967	pos	intact	T2	functional	851	eviann
hmaj_V2R259	hmaj	LOC_00017136	ch4	139330478	139340912	10434	pos	fragmented	T2	partial	242	eviann
hmaj_V2R260	hmaj	LOC_00017138	ch4	139508237	139536184	27947	pos	intact	T2	functional	851	eviann
hmaj_V2R261	hmaj	LOC_00017139	ch4	139760492	139788557	28065	pos	intact	T2	functional	851	eviann
hmaj_V2R262	hmaj	LOC_00017140	ch4	139846578	139856937	10359	pos	fragmented	T2	partial	258	eviann
hmaj_V2R263	hmaj	LOC_00017141	ch4	139898880	139908503	9623	pos	fragmented	T2	partial	242	eviann
hmaj_V2R264	hmaj	LOC_00017142	ch4	139910624	140171062	260438	pos	fragmented	T2	partial	377	eviann
hmaj_V2R265	hmaj	LOC_00017143	ch4	140203871	140217145	13274	pos	partial	T2	partial	559	eviann
hmaj_V2R266	hmaj	LOC_00017144	ch4	140380227	140393748	13521	neg	partial	T2	partial	560	eviann
hmaj_V2R267	hmaj	LOC_00017145	ch4	140419272	140433020	13748	neg	intact	T2	functional	851	eviann
hmaj_V2R268	hmaj	LOC_00017146	ch4	140458595	140486668	28073	neg	intact	T2	functional	851	eviann
hmaj_V2R269	hmaj	LOC_00017149	ch4	140838370	140938883	100513	pos	intact	T2	functional	851	eviann
hmaj_V2R270	hmaj	LOC_00017169	ch4	141507347	141913670	406323	neg	intact	T2	functional	851	eviann
hmaj_V2R271	hmaj	LOC_00017170	ch4	141651379	141653778	2399	neg	intact	T2	functional	300	eviann
hmaj_V2R272	hmaj	LOC_00017171	ch4	141703784	141714515	10731	pos	intact	T2	functional	841	eviann
hmaj_V2R273	hmaj	LOC_00017172	ch4	141944481	141954593	10112	pos	fragmented	T2	partial	524	eviann
hmaj_V2R274	hmaj	LOC_00017173	ch4	142063836	142071533	7697	pos	fragmented	T2	partial	285	eviann
hmaj_V2R275	hmaj	LOC_00017174	ch4	142314251	142321698	7447	pos	fragmented	T2	partial	258	eviann
hmaj_V2R276	hmaj	LOC_00017175	ch4	142406049	142412306	6257	pos	fragmented	T2	partial	258	eviann
hmaj_V2R277	hmaj	LOC_00017176	ch4	142712870	142719885	7015	pos	fragmented	T2	partial	258	eviann
hmaj_V2R278	hmaj	LOC_00017178	ch4	142928540	142941076	12536	pos	fragmented	T2	partial	382	eviann
hmaj_V2R279	hmaj	LOC_00017179	ch4	143147392	143148301	909	pos	fragmented	T2	partial	302	orf
hmaj_V2R280	hmaj	LOC_00017181	ch4	143497990	143549982	51992	pos	intact	T2	functional	719	miniprot
hmaj_V2R281	hmaj	LOC_00017182	ch4	143563037	143573957	10920	pos	fragmented	T2	partial	258	eviann
hmaj_V2R282	hmaj	LOC_00017183	ch4	143804604	143825510	20906	pos	intact	T2	functional	851	eviann
hmaj_V2R283	hmaj	LOC_00017184	ch4	144628404	145160855	532451	pos	intact	T2	functional	853	eviann
hmaj_V2R284	hmaj	LOC_00017185	ch4	144895820	144917019	21199	neg	intact	T2	functional	850	eviann
hmaj_V2R285	hmaj	LOC_00017186	ch4	144984705	145016925	32220	neg	intact	T2	functional	851	eviann
hmaj_V2R286	hmaj	LOC_00017187	ch4	145113849	145132717	18868	neg	intact	T2	functional	851	eviann
hmaj_V2R287	hmaj	LOC_00017188	ch4	145232224	145245947	13723	neg	intact	T2	functional	850	eviann
hmaj_V2R288	hmaj	LOC_00017189	ch4	145303643	145309254	5611	pos	fragmented	T2	partial	225	eviann
hmaj_V2R289	hmaj	LOC_00017191	ch4	145413353	145424381	11028	neg	partial	T2	partial	509	eviann
hmaj_V2R290	hmaj	LOC_00017192	ch4	145465017	145471242	6225	neg	intact	T2	functional	658	eviann
hmaj_V2R291	hmaj	LOC_00017194	ch4	145525908	145546851	20943	neg	intact	T2	functional	853	eviann
hmaj_V2R292	hmaj	LOC_00017195	ch4	145582671	145593552	10881	neg	fragmented	T2	pseudogene	512	eviann
hmaj_V2R293	hmaj	LOC_00017196	ch4	145611779	145622693	10914	neg	fragmented	T2	pseudogene	512	eviann
hmaj_V2R294	hmaj	LOC_00017202	ch4	146816902	146820083	3181	neg	fragmented	T2	partial	224	orf
hmaj_V2R295	hmaj	LOC_00017203	ch4	146843050	146849029	5979	neg	fragmented	T2	partial	96	eviann
hmaj_V2R296	hmaj	LOC_00017204	ch4	146939529	146942289	2760	pos	fragmented	T2	partial	272	orf
hmaj_V2R297	hmaj	LOC_00017205	ch4	146995449	146998069	2620	neg	fragmented	T2	partial	212	eviann
hmaj_V2R298	hmaj	LOC_00017206	ch4	147052838	147056018	3180	pos	fragmented	T2	partial	224	orf
hmaj_V2R299	hmaj	LOC_00017208	ch4	147642981	147645222	2241	pos	fragmented	T2	partial	350	eviann
hmaj_V2R300	hmaj	LOC_00017209	ch4	147970597	147972870	2273	neg	fragmented	T2	partial	357	eviann
hmaj_V2R301	hmaj	LOC_00017211	ch4	148875940	148896776	20836	neg	intact	T2	functional	851	eviann
hmaj_V2R302	hmaj	LOC_00017212	ch4	149082895	149083804	909	pos	fragmented	T2	partial	302	orf
hmaj_V2R303	hmaj	LOC_00017216	ch4	150373680	150394517	20837	pos	intact	T2	functional	851	eviann
hmaj_V2R304	hmaj	LOC_00017218	ch4	150707886	150711012	3126	pos	fragmented	T2	partial	498	miniprot
hmaj_V2R305	hmaj	LOC_00017219	ch4	150774963	150778076	3113	pos	fragmented	T2	partial	357	eviann
hmaj_V2R306	hmaj	LOC_00017220	ch4	150947103	150950280	3177	pos	fragmented	T2	partial	155	eviann
hmaj_V2R307	hmaj	LOC_00017228	ch4	153042558	153045736	3178	pos	fragmented	T2	partial	323	orf
hmaj_V2R308	hmaj	LOC_00017232	ch4	155636484	155643458	6974	pos	fragmented	T2	partial	205	eviann
hmaj_V2R309	hmaj	LOC_00017234	ch4	155782335	155791136	8801	neg	fragmented	T2	partial	258	eviann
hmaj_V2R310	hmaj	LOC_00017235	ch4	156135248	156142754	7506	neg	fragmented	T2	partial	258	eviann
hmaj_V2R311	hmaj	LOC_00017236	ch4	158024720	158031804	7084	neg	fragmented	T2	partial	242	eviann
hmaj_V2R312	hmaj	LOC_00017244	ch4	159670358	159677840	7482	pos	fragmented	T2	partial	242	eviann
hmaj_V2R313	hmaj	LOC_00017246	ch4	159747150	159758569	11419	neg	fragmented	T2	partial	205	eviann
hmaj_V2R314	hmaj	LOC_00017247	ch4	159925996	159932851	6855	pos	fragmented	T2	partial	242	eviann
hmaj_V2R315	hmaj	LOC_00017249	ch4	160517115	161059442	542327	pos	fragmented	T2	partial	351	eviann
hmaj_V2R316	hmaj	LOC_00017251	ch4	160810058	160827559	17501	neg	fragmented	T2	partial	512	eviann
hmaj_V2R317	hmaj	LOC_00017254	ch4	163856698	163864076	7378	neg	fragmented	T2	partial	242	eviann
hmaj_V2R318	hmaj	LOC_00017256	ch4	164469111	164476471	7360	neg	fragmented	T2	partial	242	eviann
hmaj_V2R319	hmaj	LOC_00017261	ch4	165828488	165839008	10520	neg	fragmented	T2	partial	258	eviann
hmaj_V2R320	hmaj	LOC_00017262	ch4	166302639	166309158	6519	neg	fragmented	T2	partial	258	eviann
hmaj_V2R321	hmaj	LOC_00017265	ch4	166953532	166957003	3471	pos	fragmented	T2	partial	166	miniprot
hmaj_V2R322	hmaj	LOC_00017267	ch4	167162521	167168632	6111	neg	fragmented	T2	partial	258	eviann
hmaj_V2R323	hmaj	LOC_00017268	ch4	167216379	167224633	8254	neg	fragmented	T2	partial	242	eviann
hmaj_V2R324	hmaj	LOC_00017270	ch4	167490054	167496671	6617	neg	fragmented	T2	partial	242	eviann
hmaj_V2R325	hmaj	LOC_00017271	ch4	167952386	167959838	7452	neg	fragmented	T2	partial	258	eviann
hmaj_V2R326	hmaj	LOC_00017943	ch4	221208635	221572977	364342	neg	intact	T2	functional	780	eviann
hmaj_V2R327	hmaj	LOC_00017944	ch4	221279676	221283407	3731	neg	intact	T2	functional	238	eviann
hmaj_V2R328	hmaj	LOC_00017945	ch4	221400575	221411085	10510	pos	intact	T2	functional	258	eviann
hmaj_V2R329	hmaj	LOC_00017946	ch4	221460420	221470755	10335	pos	intact	T2	functional	258	eviann
hmaj_V2R330	hmaj	LOC_00017948	ch4	221513609	221523940	10331	pos	intact	T2	functional	242	eviann
hmaj_V2R331	hmaj	LOC_00017951	ch4	222208771	222216238	7467	pos	fragmented	T2	partial	258	eviann
hmaj_V2R332	hmaj	LOC_00017952	ch4	222265502	222272891	7389	pos	fragmented	T2	partial	242	eviann
hmaj_V2R333	hmaj	LOC_00017956	ch4	222384765	222391984	7219	neg	fragmented	T2	partial	166	miniprot
hmaj_V2R334	hmaj	LOC_00017957	ch4	222532660	222540449	7789	pos	fragmented	T2	partial	258	eviann
hmaj_V2R335	hmaj	LOC_00017958	ch4	222588787	222596805	8018	pos	fragmented	T2	partial	258	eviann
hmaj_V2R336	hmaj	LOC_00017961	ch4	222757220	222765808	8588	pos	fragmented	T2	partial	242	eviann
hmaj_V2R337	hmaj	LOC_00017962	ch4	223131356	223141625	10269	pos	fragmented	T2	partial	265	eviann
hmaj_V2R338	hmaj	LOC_00017963	ch4	223155105	223162249	7144	neg	fragmented	T2	partial	205	eviann
hmaj_V2R339	hmaj	LOC_00017966	ch4	223337678	223345391	7713	neg	fragmented	T2	partial	166	miniprot
hmaj_V2R340	hmaj	LOC_00017967	ch4	224473072	224486970	13898	neg	intact	T2	functional	688	eviann
hmaj_V2R341	hmaj	LOC_00017968	ch4	225280592	225331422	50830	neg	fragmented	T2	partial	529	eviann
hmaj_V2R342	hmaj	LOC_00017972	ch4	227123198	227130608	7410	pos	fragmented	T2	partial	258	eviann
hmaj_V2R343	hmaj	LOC_00017973	ch4	227413578	227424066	10488	pos	fragmented	T2	partial	258	eviann
hmaj_V2R344	hmaj	LOC_00017974	ch4	227459417	227469767	10350	pos	fragmented	T2	partial	242	eviann
hmaj_V2R345	hmaj	LOC_00017975	ch4	227518658	227526203	7545	pos	fragmented	T2	partial	258	eviann
hmaj_V2R346	hmaj	LOC_00017979	ch4	228446043	228473279	27236	pos	fragmented	T2	partial	341	orf
hmaj_V2R347	hmaj	LOC_00017985	ch4	228916184	228921784	5600	neg	fragmented	T2	partial	205	eviann
hmaj_V2R348	hmaj	LOC_00008925	ch5	119567759	119573520	5761	neg	fragmented	T2	partial	312	eviann
hmaj_V2R349	hmaj	LOC_00008929	ch5	122180280	122190356	10076	pos	partial	T2	pseudogene	568	eviann
hmaj_V2R350	hmaj	LOC_00008930	ch5	122196131	122211349	15218	pos	intact	T2	functional	861	eviann
hmaj_V2R351	hmaj	LOC_00008931	ch5	122369795	122401530	31735	pos	partial	T2	partial	509	eviann
hmaj_V2R352	hmaj	LOC_00018541	ch7	37373739	37419471	45732	neg	fragmented	T2	partial	165	eviann
hmaj_V2R353	hmaj	LOC_00018690	ch7	51676799	51854122	177323	pos	fragmented	T2	partial	913	eviann
hmaj_V2R354	hmaj	LOC_00002372	chZ	12650553	12658701	8148	pos	intact	T2	pseudogene	871	miniprot
hmaj_V2R355	hmaj	LOC_00002373	chZ	12668109	12675659	7550	pos	intact	T2	pseudogene	871	miniprot
hmaj_V2R356	hmaj	LOC_00002374	chZ	12796684	12801408	4724	pos	intact	T2	functional	809	miniprot
hmaj_V2R357	hmaj	LOC_00002375	chZ	12840034	12840547	513	neg	fragmented	T2	pseudogene	170	eviann
hmaj_V2R358	hmaj	LOC_00002376	chZ	13019422	13020352	930	neg	fragmented	T2	pseudogene	812	miniprot
hmaj_V2R359	hmaj	LOC_00002377	chZ	13105780	13106701	921	pos	fragmented	T2	pseudogene	306	eviann
hmaj_V2R360	hmaj	LOC_00002384	chZ	13430064	13430991	927	neg	intact	T2	pseudogene	869	miniprot
hmaj_V2R361	hmaj	LOC_00002385	chZ	13598053	13620037	21984	pos	intact	T2	pseudogene	864	miniprot
hmaj_V2R362	hmaj	LOC_00002386	chZ	13665349	13676589	11240	pos	intact	T2	pseudogene	890	eviann
hmaj_V2R363	hmaj	LOC_00002388	chZ	14037393	14051472	14079	pos	intact	T2	functional	761	eviann
hmaj_V2R364	hmaj	LOC_00002389	chZ	14451683	14452583	900	pos	intact	T2	pseudogene	843	miniprot
hmaj_V2R365	hmaj	LOC_00002393	chZ	14839411	14847172	7761	pos	intact	T2	pseudogene	877	miniprot
hmaj_V2R366	hmaj	LOC_00002406	chZ	16575582	16587809	12227	neg	intact	T2	pseudogene	876	eviann
hmaj_V2R367	hmaj	LOC_00002408	chZ	16676414	16688244	11830	neg	intact	T2	pseudogene	876	eviann
hmaj_V2R368	hmaj	LOC_00002410	chZ	16773730	16785820	12090	neg	intact	T2	pseudogene	876	eviann
hmaj_V2R369	hmaj	LOC_00002423	chZ	17956333	17977283	20950	pos	intact	T2	pseudogene	858	eviann
hmaj_V2R370	hmaj	LOC_00002424	chZ	18052061	18086684	34623	pos	intact	T2	pseudogene	863	eviann
hmaj_V2R371	hmaj	LOC_00002425	chZ	18202363	18215245	12882	neg	intact	T2	functional	850	eviann
hmaj_V2R372	hmaj	LOC_00002427	chZ	18378522	18387556	9034	neg	intact	T2	pseudogene	909	miniprot
hmaj_V2R373	hmaj	LOC_00002428	chZ	18542016	18542931	915	neg	fragmented	T2	pseudogene	304	orf
hmaj_V2R374	hmaj	LOC_00002430	chZ	18612964	18614617	1653	neg	intact	T2	pseudogene	954	miniprot
hmaj_V2R375	hmaj	LOC_00002473	chZ	20097373	20110099	12726	neg	intact	T2	pseudogene	856	miniprot
hmaj_V2R376	hmaj	LOC_00002475	chZ	20304527	20306291	1764	neg	fragmented	T2	pseudogene	796	miniprot
hmaj_V2R377	hmaj	LOC_00002476	chZ	20343783	20344101	318	neg	NA	NA	partial	105	NA
hmaj_V2R378	hmaj	LOC_00002477	chZ	20382339	20383236	897	neg	intact	T2	pseudogene	746	miniprot
hmaj_V2R379	hmaj	LOC_00002478	chZ	20560592	20561105	513	pos	intact	T2	pseudogene	880	miniprot
hmaj_V2R380	hmaj	LOC_00002479	chZ	20563167	20572587	9420	pos	intact	T2	pseudogene	880	miniprot
hmaj_V2R381	hmaj	LOC_00002480	chZ	20618615	20674249	55634	pos	intact	T2	pseudogene	879	miniprot
hmaj_V2R382	hmaj	LOC_00002481	chZ	20883665	20891990	8325	neg	intact	T2	functional	871	eviann
hmaj_V2R383	hmaj	LOC_00002483	chZ	21211453	21263672	52219	pos	intact	T2	pseudogene	863	miniprot
hmaj_V2R384	hmaj	LOC_00002486	chZ	21771843	21772734	891	neg	intact	T2	pseudogene	868	miniprot
hmaj_V2R385	hmaj	LOC_00002487	chZ	21907257	21914887	7630	neg	intact	T2	pseudogene	879	miniprot
hmaj_V2R386	hmaj	LOC_00002488	chZ	21989178	21998603	9425	neg	intact	T2	pseudogene	869	miniprot
hmaj_V2R387	hmaj	LOC_00002489	chZ	22001627	22010916	9289	neg	intact	T2	pseudogene	869	miniprot
hmaj_V2R388	hmaj	LOC_00002490	chZ	22013939	22023195	9256	neg	intact	T2	pseudogene	869	miniprot
hmaj_V2R389	hmaj	LOC_00002491	chZ	22039152	22048384	9232	neg	intact	T2	pseudogene	869	eviann
hmaj_V2R390	hmaj	LOC_00002493	chZ	22206925	22213290	6365	neg	intact	T2	pseudogene	875	miniprot
hmaj_V2R391	hmaj	LOC_00002494	chZ	22337380	22338308	928	neg	fragmented	T2	pseudogene	491	miniprot
hmaj_V2R392	hmaj	LOC_00002495	chZ	22475409	22488898	13489	pos	intact	T2	pseudogene	885	eviann
hmaj_V2R393	hmaj	LOC_00002496	chZ	22499444	22499759	315	pos	intact	T2	pseudogene	104	eviann
hmaj_V2R394	hmaj	LOC_00002497	chZ	22537641	22551456	13815	pos	fragmented	T2	partial	333	miniprot
hmaj_V2R395	hmaj	LOC_00002498	chZ	22658376	22667903	9527	neg	intact	T2	pseudogene	939	miniprot
hmaj_V2R396	hmaj	LOC_00002500	chZ	23026108	23053639	27531	neg	fragmented	T2	partial	454	eviann
hmaj_V2R397	hmaj	LOC_00002501	chZ	23089295	23110403	21108	neg	intact	T2	pseudogene	869	miniprot
hmaj_V2R398	hmaj	LOC_00002502	chZ	23149022	23165945	16923	neg	intact	T2	functional	869	miniprot
hmaj_V2R399	hmaj	LOC_00002503	chZ	23282304	23295379	13075	pos	intact	T2	pseudogene	876	miniprot
hmaj_V2R400	hmaj	LOC_00002512	chZ	23671912	23678732	6820	pos	intact	T1	pseudogene	884	eviann
hmaj_V2R401	hmaj	LOC_00002513	chZ	23701796	23715573	13777	pos	intact	T2	pseudogene	878	eviann
hmaj_V2R402	hmaj	LOC_00002514	chZ	23825111	23836556	11445	pos	intact	T2	pseudogene	871	eviann
hmaj_V2R403	hmaj	LOC_00002516	chZ	24143810	24149352	5542	neg	intact	T2	pseudogene	871	miniprot
hmaj_V2R404	hmaj	LOC_00002517	chZ	24251340	24267379	16039	neg	intact	T2	pseudogene	788	eviann
hmaj_V2R405	hmaj	LOC_00002518	chZ	24416565	24437808	21243	pos	intact	T2	functional	872	miniprot
hmaj_V2R406	hmaj	LOC_00002563	chZ	26352924	26374220	21296	pos	intact	T2	pseudogene	899	miniprot
hmaj_V2R407	hmaj	LOC_00002564	chZ	26389333	26409106	19773	pos	intact	T2	pseudogene	899	miniprot
hmaj_V2R408	hmaj	LOC_00002565	chZ	26425890	26445646	19756	pos	intact	T2	pseudogene	899	miniprot
hmaj_V2R409	hmaj	LOC_00002566	chZ	26475371	26487545	12174	pos	intact	T2	pseudogene	869	miniprot
hmaj_V2R410	hmaj	LOC_00002567	chZ	26558492	26578755	20263	pos	intact	T2	functional	880	eviann
hmaj_V2R411	hmaj	LOC_00002570	chZ	26645173	26668727	23554	neg	intact	T2	functional	683	eviann
hmaj_V2R412	hmaj	LOC_00002571	chZ	26786597	26795806	9209	neg	intact	T2	functional	882	miniprot
hmaj_V2R413	hmaj	LOC_00002572	chZ	26835945	26852552	16607	neg	intact	T2	functional	869	miniprot
hmaj_V2R414	hmaj	LOC_00002573	chZ	27095833	27110292	14459	pos	intact	T2	functional	826	miniprot
hmaj_V2R415	hmaj	LOC_00002876	chZ	38267350	38268247	897	neg	fragmented	T2	pseudogene	298	orf
hmaj_V2R416	hmaj	LOC_00002877	chZ	38346035	38361380	15345	neg	intact	T2	pseudogene	843	miniprot
hmaj_V2R417	hmaj	LOC_00002881	chZ	38803362	38824718	21356	pos	intact	T2	pseudogene	871	eviann
hmaj_V2R418	hmaj	LOC_00002882	chZ	38887827	38889696	1869	neg	fragmented	T2	partial	352	eviann
hmaj_V2R419	hmaj	LOC_00002883	chZ	38917281	38931354	14073	pos	intact	T2	pseudogene	873	miniprot
hmaj_V2R420	hmaj	LOC_00002884	chZ	39130746	39133098	2352	pos	intact	T2	pseudogene	788	miniprot
hmaj_V2R421	hmaj	LOC_00002885	chZ	39177410	39186256	8846	pos	fragmented	T2	pseudogene	517	eviann
hmaj_V2R422	hmaj	LOC_00002886	chZ	39189150	39190053	903	pos	fragmented	T2	pseudogene	299	eviann
hmaj_V2R423	hmaj	LOC_00002887	chZ	39216484	39236953	20469	pos	intact	T2	pseudogene	857	miniprot
hmaj_V2R424	hmaj	LOC_00002892	chZ	39593775	39616375	22600	pos	intact	T2	pseudogene	837	miniprot
hmaj_V2R425	hmaj	LOC_00002894	chZ	39803102	39818372	15270	neg	intact	T2	pseudogene	890	miniprot
hmaj_V2R426	hmaj	LOC_00002895	chZ	39883969	39901698	17729	neg	intact	T2	pseudogene	837	miniprot
hmaj_V2R427	hmaj	LOC_00002897	chZ	40014481	40390731	376250	neg	intact	T2	pseudogene	865	miniprot
hmaj_V2R428	hmaj	LOC_00002898	chZ	40139852	40142203	2351	pos	intact	T2	pseudogene	865	miniprot
hmaj_V2R429	hmaj	LOC_00002899	chZ	40316930	40341324	24394	pos	intact	T2	pseudogene	865	miniprot
hmaj_V2R430	hmaj	LOC_00002901	chZ	40470838	40484181	13343	pos	intact	T2	pseudogene	866	miniprot
hmaj_V2R431	hmaj	LOC_00002930	chZ	42089977	42107230	17253	pos	intact	T2	functional	884	miniprot
hmaj_V2R432	hmaj	LOC_00002950	chZ	43160689	43168454	7765	pos	intact	T2	pseudogene	874	miniprot
hmaj_V2R433	hmaj	LOC_00004091	chZ	181251938	181268722	16784	pos	intact	T2	functional	844	eviann
hmaj_V2R434	hmaj	LOC_00004092	chZ	181457567	181482068	24501	neg	intact	T2	functional	837	miniprot
hmaj_V2R435	hmaj	LOC_00004096	chZ	181926312	181943116	16804	neg	intact	T2	functional	850	eviann
hmaj_V2R436	hmaj	LOC_00004098	chZ	182059218	182061132	1914	neg	fragmented	T2	partial	318	orf
hmaj_V2R437	hmaj	LOC_00004099	chZ	182101987	182126768	24781	neg	partial	T2	partial	658	eviann
hmaj_V2R438	hmaj	LOC_00004105	chZ	182401654	182402197	543	neg	fragmented	T2	partial	180	eviann
hmaj_V2R439	hmaj	LOC_00004112	chZ	183235786	183239123	3337	pos	fragmented	T2	partial	364	eviann
hmaj_V2R440	hmaj	LOC_00004113	chZ	183262731	183276088	13357	pos	intact	T2	functional	849	eviann
hmaj_V2R441	hmaj	LOC_00004114	chZ	183286263	183308748	22485	pos	intact	T2	functional	851	eviann
hmaj_V2R442	hmaj	LOC_00004115	chZ	183377640	183402095	24455	neg	intact	T2	functional	849	eviann
hmaj_V2R443	hmaj	LOC_00004117	chZ	183477546	183490837	13291	neg	intact	T2	functional	849	eviann
hmaj_V2R444	hmaj	LOC_00004118	chZ	183523449	183524746	1297	neg	fragmented	T2	partial	325	eviann
hmaj_V2R445	hmaj	LOC_00004119	chZ	183699511	183715103	15592	neg	intact	T2	functional	842	eviann
hmaj_V2R446	hmaj	LOC_00004120	chZ	183880852	183904668	23816	neg	intact	T2	functional	837	miniprot
hmaj_V2R447	hmaj	LOC_00004123	chZ	184190546	184293500	102954	neg	fragmented	T2	partial	391	eviann
hmaj_V2R448	hmaj	LOC_00004124	chZ	184275703	184282500	6797	neg	fragmented	T2	partial	113	eviann
hmaj_V2R449	hmaj	LOC_00004125	chZ	184304560	184329005	24445	neg	intact	T2	functional	849	eviann
hmaj_V2R450	hmaj	LOC_00004126	chZ	184547028	184552935	5907	neg	fragmented	T2	partial	471	eviann
hmaj_V2R451	hmaj	LOC_00004128	chZ	184663915	184674963	11048	pos	intact	T2	functional	660	eviann
hmaj_V2R452	hmaj	LOC_00004129	chZ	184755662	184869446	113784	neg	intact	T2	functional	850	eviann
hmaj_V2R453	hmaj	LOC_00004132	chZ	184923764	184959124	35360	pos	fragmented	T2	partial	397	eviann
hmaj_V2R454	hmaj	LOC_00004133	chZ	185086524	185101307	14783	pos	intact	T2	functional	660	eviann
hmaj_V2R455	hmaj	LOC_00004137	chZ	185697577	185715614	18037	pos	intact	T2	functional	851	eviann
hmaj_V2R456	hmaj	LOC_00004138	chZ	185946160	186668333	722173	neg	intact	T2	functional	837	miniprot
hmaj_V2R457	hmaj	LOC_00004139	chZ	186174945	186187644	12699	neg	intact	T2	functional	837	miniprot
hmaj_V2R458	hmaj	LOC_00004140	chZ	186315637	186391832	76195	pos	intact	T2	functional	837	miniprot
hmaj_V2R459	hmaj	LOC_00004142	chZ	186701984	186712778	10794	neg	intact	T2	functional	660	eviann
hmaj_V2R460	hmaj	LOC_00004144	chZ	187112447	187124978	12531	neg	intact	T2	functional	761	eviann
hmaj_V2R461	hmaj	LOC_00004145	chZ	187156822	187174383	17561	pos	intact	T2	functional	693	eviann
hmaj_V2R462	hmaj	LOC_00004147	chZ	187243756	187246182	2426	pos	fragmented	T2	partial	338	eviann
hmaj_V2R463	hmaj	LOC_00004148	chZ	187361147	187385025	23878	pos	intact	T2	functional	837	miniprot
hmaj_V2R464	hmaj	LOC_00020500	scaffold_1	1725488	1728607	3119	neg	fragmented	T2	partial	351	eviann
hmaj_V2R465	hmaj	LOC_00020502	scaffold_1	2077643	2194200	116557	pos	fragmented	T2	partial	351	eviann
hmaj_V2R466	hmaj	LOC_00020503	scaffold_1	2111143	2122741	11598	neg	fragmented	T2	partial	205	eviann
hmaj_V2R467	hmaj	LOC_00020504	scaffold_1	2723180	2849522	126342	pos	fragmented	T2	partial	351	eviann
hmaj_V2R468	hmaj	LOC_00020505	scaffold_1	2876319	2923475	47156	pos	fragmented	T2	partial	326	orf
hmaj_V2R469	hmaj	LOC_00020506	scaffold_1	3433240	3436169	2929	neg	fragmented	T2	partial	351	eviann
hmaj_V2R470	hmaj	LOC_00020511	scaffold_1	4695053	4700047	4994	neg	fragmented	T2	partial	350	eviann
hmaj_V2R471	hmaj	LOC_00020513	scaffold_1	4918983	5138990	220007	neg	fragmented	T2	partial	351	eviann
hmaj_V2R472	hmaj	LOC_00020514	scaffold_1	5104501	5109509	5008	pos	fragmented	T2	partial	350	eviann
hmaj_V2R473	hmaj	LOC_00020515	scaffold_1	5579634	5582761	3127	neg	fragmented	T2	partial	351	eviann
hmaj_V2R474	hmaj	LOC_00020519	scaffold_1	6061827	6075776	13949	pos	intact	T2	functional	850	eviann
hmaj_V2R475	hmaj	LOC_00020521	scaffold_1	6875091	6883775	8684	neg	fragmented	T2	partial	347	eviann
hmaj_V2R476	hmaj	LOC_00020525	scaffold_1	7116066	7336819	220753	neg	fragmented	T2	partial	351	eviann
hmaj_V2R477	hmaj	LOC_00020526	scaffold_1	7589203	7598358	9155	pos	fragmented	T2	partial	199	eviann
hmaj_V2R478	hmaj	LOC_00020528	scaffold_1	8279460	8281724	2264	pos	fragmented	T2	partial	276	eviann
hmaj_V2R479	hmaj	LOC_00020857	scaffold_10	182986	197233	14247	pos	intact	T2	functional	842	eviann
hmaj_V2R480	hmaj	LOC_00020862	scaffold_10	907773	909127	1354	pos	fragmented	T2	partial	325	eviann
hmaj_V2R481	hmaj	LOC_00020863	scaffold_10	1013171	1039077	25906	pos	intact	T2	functional	849	eviann
hmaj_V2R482	hmaj	LOC_00020864	scaffold_10	1105812	1119191	13379	pos	intact	T2	functional	851	miniprot
hmaj_V2R483	hmaj	LOC_00020865	scaffold_10	1184119	1190027	5908	pos	fragmented	T2	partial	471	eviann
hmaj_V2R484	hmaj	LOC_00020866	scaffold_10	1243230	1276064	32834	neg	intact	T2	functional	761	eviann
hmaj_V2R485	hmaj	LOC_00020867	scaffold_10	1302832	1305288	2456	neg	fragmented	T2	partial	338	eviann
hmaj_V2R486	hmaj	LOC_00020868	scaffold_10	1408090	1423077	14987	neg	partial	T2	partial	660	eviann
hmaj_V2R487	hmaj	LOC_00020869	scaffold_10	1571521	1587475	15954	neg	intact	T2	functional	693	eviann
hmaj_V2R488	hmaj	LOC_00021016	scaffold_102	237076	243378	6302	neg	intact	T2	functional	849	miniprot
hmaj_V2R489	hmaj	LOC_00021017	scaffold_104	83725	108427	24702	pos	intact	T2	functional	850	eviann
hmaj_V2R490	hmaj	LOC_00021018	scaffold_1058	14235	17081	2846	neg	fragmented	T2	partial	401	eviann
hmaj_V2R491	hmaj	LOC_00020759	scaffold_106	140303	303952	163649	pos	intact	T2	functional	693	eviann
hmaj_V2R492	hmaj	LOC_00020760	scaffold_106	203892	216728	12836	neg	intact	T2	functional	851	eviann
hmaj_V2R493	hmaj	LOC_00020675	scaffold_1067	1715	3873	2158	pos	fragmented	T2	partial	356	eviann
hmaj_V2R494	hmaj	LOC_00021054	scaffold_107	38773	54866	16093	neg	intact	T2	functional	842	eviann
hmaj_V2R495	hmaj	LOC_00021055	scaffold_107	199378	212734	13356	pos	intact	T2	functional	849	eviann
hmaj_V2R496	hmaj	LOC_00021001	scaffold_11	574531	590363	15832	neg	fragmented	T2	partial	150	eviann
hmaj_V2R497	hmaj	LOC_00021003	scaffold_11	1036745	1039861	3116	neg	fragmented	T2	partial	357	eviann
hmaj_V2R498	hmaj	LOC_00020965	scaffold_12	218749	235504	16755	pos	intact	T2	pseudogene	845	eviann
hmaj_V2R499	hmaj	LOC_00020966	scaffold_12	366446	743441	376995	neg	fragmented	T2	partial	456	eviann
hmaj_V2R500	hmaj	LOC_00020967	scaffold_12	516314	853600	337286	neg	fragmented	T2	partial	357	eviann
hmaj_V2R501	hmaj	LOC_00020969	scaffold_12	914815	927509	12694	neg	intact	T2	functional	850	miniprot
hmaj_V2R502	hmaj	LOC_00020970	scaffold_12	1196580	1207238	10658	neg	intact	T2	functional	841	eviann
hmaj_V2R503	hmaj	LOC_00020972	scaffold_12	1426893	1494415	67522	neg	intact	T2	pseudogene	833	miniprot
hmaj_V2R504	hmaj	LOC_00020927	scaffold_121	7948	14442	6494	pos	fragmented	T2	partial	397	eviann
hmaj_V2R505	hmaj	LOC_00020825	scaffold_126	199297	201455	2158	neg	fragmented	T2	partial	356	eviann
hmaj_V2R506	hmaj	LOC_00018264	scaffold_13	205284	272992	67708	pos	fragmented	T2	partial	397	eviann
hmaj_V2R507	hmaj	LOC_00018265	scaffold_13	294136	296293	2157	pos	fragmented	T2	partial	356	eviann
hmaj_V2R508	hmaj	LOC_00018266	scaffold_13	391321	416070	24749	pos	intact	T2	functional	851	eviann
hmaj_V2R509	hmaj	LOC_00018267	scaffold_13	750309	774171	23862	pos	intact	T2	functional	837	miniprot
hmaj_V2R510	hmaj	LOC_00018268	scaffold_13	963790	1011319	47529	pos	intact	T2	functional	660	eviann
hmaj_V2R511	hmaj	LOC_00018270	scaffold_13	1158803	1171249	12446	neg	intact	T2	functional	779	miniprot
hmaj_V2R512	hmaj	LOC_00018271	scaffold_13	1206351	1348919	142568	neg	fragmented	T2	partial	397	eviann
hmaj_V2R513	hmaj	LOC_00018272	scaffold_13	1392574	1453117	60543	pos	fragmented	T2	partial	376	eviann
hmaj_V2R514	hmaj	LOC_00020975	scaffold_136	45333	58087	12754	pos	intact	T2	functional	850	eviann
hmaj_V2R515	hmaj	LOC_00020772	scaffold_14	374455	376812	2357	pos	fragmented	T2	partial	281	eviann
hmaj_V2R516	hmaj	LOC_00020773	scaffold_14	432052	436124	4072	pos	fragmented	T2	partial	350	eviann
hmaj_V2R517	hmaj	LOC_00020775	scaffold_14	1222690	1281315	58625	neg	intact	T2	functional	785	eviann
hmaj_V2R518	hmaj	LOC_00020776	scaffold_14	1430972	1434717	3745	neg	fragmented	T2	partial	180	eviann
hmaj_V2R519	hmaj	LOC_00020777	scaffold_14	1497845	1501691	3846	pos	fragmented	T2	partial	350	eviann
hmaj_V2R520	hmaj	LOC_00018273	scaffold_142	39798	61543	21745	pos	intact	T2	functional	846	eviann
hmaj_V2R521	hmaj	LOC_00018274	scaffold_142	200228	215832	15604	neg	intact	T2	functional	841	eviann
hmaj_V2R522	hmaj	LOC_00021057	scaffold_144	109627	123321	13694	neg	fragmented	T2	partial	512	eviann
hmaj_V2R523	hmaj	LOC_00020710	scaffold_15	15105	17955	2850	neg	fragmented	T2	partial	403	eviann
hmaj_V2R524	hmaj	LOC_00020712	scaffold_15	255336	267544	12208	pos	intact	T2	functional	849	eviann
hmaj_V2R525	hmaj	LOC_00020713	scaffold_15	444837	459439	14602	neg	intact	T2	functional	851	eviann
hmaj_V2R526	hmaj	LOC_00020715	scaffold_15	654808	679390	24582	neg	intact	T2	functional	760	eviann
hmaj_V2R527	hmaj	LOC_00020716	scaffold_15	735313	752392	17079	pos	intact	T2	functional	838	miniprot
hmaj_V2R528	hmaj	LOC_00020717	scaffold_15	1101751	1117397	15646	neg	intact	T2	functional	842	eviann
hmaj_V2R529	hmaj	LOC_00020638	scaffold_154	103439	127757	24318	pos	intact	T2	functional	761	eviann
hmaj_V2R530	hmaj	LOC_00021005	scaffold_160	93421	95824	2403	pos	fragmented	T2	partial	300	eviann
hmaj_V2R531	hmaj	LOC_00020626	scaffold_17	19117	64999	45882	pos	intact	T2	functional	660	eviann
hmaj_V2R532	hmaj	LOC_00020635	scaffold_17	1275257	1478522	203265	pos	partial	T2	partial	651	eviann
hmaj_V2R533	hmaj	LOC_00021087	scaffold_172	55707	57880	2173	pos	fragmented	T2	partial	356	eviann
hmaj_V2R534	hmaj	LOC_00020747	scaffold_174	112079	128862	16783	neg	intact	T2	functional	844	eviann
hmaj_V2R535	hmaj	LOC_00021023	scaffold_177	42325	56824	14499	neg	fragmented	T2	partial	259	eviann
hmaj_V2R536	hmaj	LOC_00021024	scaffold_177	71681	94525	22844	neg	partial	T2	partial	547	eviann
hmaj_V2R537	hmaj	LOC_00020885	scaffold_18	88279	90437	2158	neg	fragmented	T2	partial	356	eviann
hmaj_V2R538	hmaj	LOC_00020886	scaffold_18	215689	231675	15986	pos	intact	T2	functional	660	eviann
hmaj_V2R539	hmaj	LOC_00020887	scaffold_18	293968	310764	16796	pos	intact	T2	functional	844	eviann
hmaj_V2R540	hmaj	LOC_00020888	scaffold_18	364183	379764	15581	neg	intact	T2	functional	842	eviann
hmaj_V2R541	hmaj	LOC_00020893	scaffold_18	1192694	1210260	17566	pos	intact	T2	functional	739	eviann
hmaj_V2R542	hmaj	LOC_00021088	scaffold_180	44261	48627	4366	pos	fragmented	T2	partial	376	eviann
hmaj_V2R543	hmaj	LOC_00021058	scaffold_194	53809	55882	2073	neg	fragmented	T2	partial	300	eviann
hmaj_V2R544	hmaj	LOC_00020947	scaffold_2	85413	86710	1297	neg	fragmented	T2	partial	325	eviann
hmaj_V2R545	hmaj	LOC_00020948	scaffold_2	95518	98718	3200	pos	fragmented	T2	partial	407	eviann
hmaj_V2R546	hmaj	LOC_00020950	scaffold_2	684943	701750	16807	neg	intact	T2	functional	845	eviann
hmaj_V2R547	hmaj	LOC_00020951	scaffold_2	723298	741259	17961	neg	intact	T2	functional	847	eviann
hmaj_V2R548	hmaj	LOC_00020952	scaffold_2	933797	935094	1297	neg	fragmented	T2	partial	325	eviann
hmaj_V2R549	hmaj	LOC_00020953	scaffold_2	1097771	1099911	2140	pos	fragmented	T2	partial	364	eviann
hmaj_V2R550	hmaj	LOC_00020954	scaffold_2	1225204	1229570	4366	pos	fragmented	T2	partial	376	eviann
hmaj_V2R551	hmaj	LOC_00020955	scaffold_2	1333102	1346234	13132	pos	intact	T2	functional	852	eviann
hmaj_V2R552	hmaj	LOC_00020956	scaffold_2	1397251	1413080	15829	pos	intact	T2	functional	660	eviann
hmaj_V2R553	hmaj	LOC_00020957	scaffold_2	1500062	1659493	159431	pos	intact	T2	functional	761	eviann
hmaj_V2R554	hmaj	LOC_00020958	scaffold_2	2295887	2306694	10807	neg	intact	T2	functional	850	miniprot
hmaj_V2R555	hmaj	LOC_00020959	scaffold_2	2696490	2712599	16109	pos	intact	T2	functional	842	miniprot
hmaj_V2R556	hmaj	LOC_00020985	scaffold_21	167925	180790	12865	pos	intact	T2	functional	851	eviann
hmaj_V2R557	hmaj	LOC_00020986	scaffold_21	251047	264368	13321	pos	intact	T2	functional	849	eviann
hmaj_V2R558	hmaj	LOC_00020987	scaffold_21	277070	300849	23779	neg	intact	T2	functional	837	miniprot
hmaj_V2R559	hmaj	LOC_00020988	scaffold_21	315946	383482	67536	neg	partial	T2	partial	657	eviann
hmaj_V2R560	hmaj	LOC_00020990	scaffold_21	469025	471487	2462	pos	fragmented	T2	partial	338	eviann
hmaj_V2R561	hmaj	LOC_00020991	scaffold_21	695687	750631	54944	neg	intact	T2	pseudogene	698	eviann
hmaj_V2R562	hmaj	LOC_00020992	scaffold_21	832373	849787	17414	neg	fragmented	T2	partial	391	eviann
hmaj_V2R563	hmaj	LOC_00020993	scaffold_21	986113	996771	10658	pos	intact	T2	functional	842	eviann
hmaj_V2R564	hmaj	LOC_00020994	scaffold_21	1218151	1231506	13355	neg	intact	T2	functional	849	eviann
hmaj_V2R565	hmaj	LOC_00021038	scaffold_212	57011	72615	15604	neg	partial	T2	partial	611	eviann
hmaj_V2R566	hmaj	LOC_00021039	scaffold_212	99761	117846	18085	pos	intact	T2	functional	851	eviann
hmaj_V2R567	hmaj	LOC_00020995	scaffold_213	109358	112703	3345	pos	fragmented	T2	partial	386	eviann
hmaj_V2R568	hmaj	LOC_00020978	scaffold_22	109648	133455	23807	neg	intact	T2	functional	837	miniprot
hmaj_V2R569	hmaj	LOC_00020981	scaffold_22	995418	1227681	232263	pos	intact	T2	functional	357	eviann
hmaj_V2R570	hmaj	LOC_00020982	scaffold_22	1153895	1166908	13013	pos	intact	T2	functional	848	eviann
hmaj_V2R571	hmaj	LOC_00020536	scaffold_229	1974	86949	84975	neg	intact	T2	functional	774	miniprot
hmaj_V2R572	hmaj	LOC_00020537	scaffold_24	163408	181626	18218	neg	fragmented	T2	partial	391	eviann
hmaj_V2R573	hmaj	LOC_00020538	scaffold_24	498817	499585	768	neg	fragmented	T2	partial	255	eviann
hmaj_V2R574	hmaj	LOC_00020539	scaffold_24	600821	616351	15530	pos	partial	T2	partial	611	eviann
hmaj_V2R575	hmaj	LOC_00020540	scaffold_24	922932	946535	23603	neg	intact	T2	functional	837	miniprot
hmaj_V2R576	hmaj	LOC_00020698	scaffold_25	70872	88786	17914	pos	fragmented	T2	partial	515	eviann
hmaj_V2R577	hmaj	LOC_00020699	scaffold_25	212692	225635	12943	pos	intact	T2	functional	848	eviann
hmaj_V2R578	hmaj	LOC_00020700	scaffold_25	318634	336094	17460	pos	fragmented	T2	partial	391	eviann
hmaj_V2R579	hmaj	LOC_00020701	scaffold_25	531812	556606	24794	pos	intact	T2	functional	756	eviann
hmaj_V2R580	hmaj	LOC_00020702	scaffold_25	597693	679196	81503	neg	partial	T2	partial	569	eviann
hmaj_V2R581	hmaj	LOC_00021077	scaffold_259	79758	92876	13118	pos	intact	T2	functional	849	eviann
hmaj_V2R582	hmaj	LOC_00020676	scaffold_26	387132	391890	4758	pos	fragmented	T2	partial	269	eviann
hmaj_V2R583	hmaj	LOC_00020677	scaffold_26	430344	454206	23862	pos	intact	T2	functional	761	eviann
hmaj_V2R584	hmaj	LOC_00020678	scaffold_26	580754	597156	16402	pos	fragmented	T2	partial	445	eviann
hmaj_V2R585	hmaj	LOC_00020679	scaffold_26	1024078	1036945	12867	neg	intact	T2	functional	850	eviann
hmaj_V2R586	hmaj	LOC_00021056	scaffold_271	16000	18615	2615	pos	fragmented	T2	partial	300	eviann
hmaj_V2R587	hmaj	LOC_00020920	scaffold_28	284209	291159	6950	neg	fragmented	T2	partial	318	orf
hmaj_V2R588	hmaj	LOC_00020923	scaffold_28	598445	630714	32269	pos	intact	T2	functional	761	eviann
hmaj_V2R589	hmaj	LOC_00021040	scaffold_29	108322	138816	30494	neg	intact	T2	functional	837	miniprot
hmaj_V2R590	hmaj	LOC_00020783	scaffold_3	592842	646927	54085	pos	fragmented	T2	pseudogene	395	eviann
hmaj_V2R591	hmaj	LOC_00020784	scaffold_3	744629	1231305	486676	neg	intact	T2	pseudogene	421	eviann
hmaj_V2R592	hmaj	LOC_00020785	scaffold_3	884181	968871	84690	pos	intact	T2	pseudogene	496	eviann
hmaj_V2R593	hmaj	LOC_00020786	scaffold_3	1175804	1184238	8434	pos	intact	T2	pseudogene	681	eviann
hmaj_V2R594	hmaj	LOC_00020917	scaffold_30	967856	972594	4738	neg	fragmented	T2	partial	96	eviann
hmaj_V2R595	hmaj	LOC_00021073	scaffold_305	34795	36658	1863	pos	fragmented	T2	partial	232	eviann
hmaj_V2R596	hmaj	LOC_00020894	scaffold_32	399594	417178	17584	neg	intact	T2	functional	739	eviann
hmaj_V2R597	hmaj	LOC_00020896	scaffold_32	621906	690359	68453	neg	intact	T2	functional	842	eviann
hmaj_V2R598	hmaj	LOC_00020897	scaffold_32	860894	1019176	158282	neg	intact	T2	functional	693	eviann
hmaj_V2R599	hmaj	LOC_00021045	scaffold_33	890412	893525	3113	pos	fragmented	T2	partial	357	eviann
hmaj_V2R600	hmaj	LOC_00020547	scaffold_36	70704	84061	13357	neg	intact	T2	functional	849	eviann
hmaj_V2R601	hmaj	LOC_00020549	scaffold_36	152540	165895	13355	neg	intact	T2	functional	849	eviann
hmaj_V2R602	hmaj	LOC_00020550	scaffold_36	268999	271454	2455	pos	fragmented	T2	partial	338	eviann
hmaj_V2R603	hmaj	LOC_00020551	scaffold_36	527504	529932	2428	neg	fragmented	T2	partial	338	eviann
hmaj_V2R604	hmaj	LOC_00020552	scaffold_36	639546	652383	12837	neg	partial	T2	partial	651	eviann
hmaj_V2R605	hmaj	LOC_00020553	scaffold_36	720167	732335	12168	neg	fragmented	T2	partial	425	eviann
hmaj_V2R606	hmaj	LOC_00020554	scaffold_36	787513	799956	12443	neg	intact	T2	functional	761	eviann
hmaj_V2R607	hmaj	LOC_00020556	scaffold_36	966747	990570	23823	pos	intact	T2	functional	837	miniprot
hmaj_V2R608	hmaj	LOC_00020736	scaffold_39	231881	249414	17533	pos	intact	T2	functional	739	eviann
hmaj_V2R609	hmaj	LOC_00020737	scaffold_39	268881	274926	6045	pos	intact	T2	functional	779	miniprot
hmaj_V2R610	hmaj	LOC_00020738	scaffold_39	308687	322000	13313	neg	intact	T2	functional	849	eviann
hmaj_V2R611	hmaj	LOC_00020739	scaffold_39	370714	373913	3199	pos	fragmented	T2	partial	407	eviann
hmaj_V2R612	hmaj	LOC_00020741	scaffold_39	468446	490373	21927	neg	intact	T2	functional	693	eviann
hmaj_V2R613	hmaj	LOC_00020742	scaffold_39	512601	528486	15885	neg	intact	T2	functional	693	eviann
hmaj_V2R614	hmaj	LOC_00020743	scaffold_39	695837	724937	29100	neg	intact	T2	functional	791	eviann
hmaj_V2R615	hmaj	LOC_00020611	scaffold_4	106668	117683	11015	neg	intact	T2	functional	660	eviann
hmaj_V2R616	hmaj	LOC_00020612	scaffold_4	214343	281850	67507	pos	intact	T2	functional	660	eviann
hmaj_V2R617	hmaj	LOC_00020613	scaffold_4	367340	380190	12850	pos	intact	T2	functional	850	eviann
hmaj_V2R618	hmaj	LOC_00020614	scaffold_4	611040	611808	768	pos	fragmented	T2	partial	255	eviann
hmaj_V2R619	hmaj	LOC_00020615	scaffold_4	676202	679243	3041	pos	fragmented	T2	partial	364	eviann
hmaj_V2R620	hmaj	LOC_00020619	scaffold_4	953973	960809	6836	neg	fragmented	T2	partial	387	eviann
hmaj_V2R621	hmaj	LOC_00020620	scaffold_4	1249332	1273832	24500	neg	intact	T2	functional	847	eviann
hmaj_V2R622	hmaj	LOC_00020621	scaffold_4	1717640	1718937	1297	neg	fragmented	T2	partial	325	eviann
hmaj_V2R623	hmaj	LOC_00020622	scaffold_4	1903229	1919749	16520	pos	intact	T2	functional	844	eviann
hmaj_V2R624	hmaj	LOC_00020623	scaffold_4	1940109	1950382	10273	pos	partial	T2	partial	610	eviann
hmaj_V2R625	hmaj	LOC_00021026	scaffold_40	80241	88342	8101	neg	fragmented	T2	partial	282	orf
hmaj_V2R626	hmaj	LOC_00021074	scaffold_404	52500	60832	8332	neg	fragmented	T2	partial	205	eviann
hmaj_V2R627	hmaj	LOC_00020945	scaffold_41	488697	501588	12891	neg	intact	T2	functional	761	eviann
hmaj_V2R628	hmaj	LOC_00021043	scaffold_43	188451	345999	157548	neg	fragmented	T2	partial	351	eviann
hmaj_V2R629	hmaj	LOC_00021080	scaffold_48	256321	360036	103715	neg	intact	T2	functional	727	eviann
hmaj_V2R630	hmaj	LOC_00020816	scaffold_50	201247	225058	23811	pos	intact	T2	functional	837	miniprot
hmaj_V2R631	hmaj	LOC_00020817	scaffold_50	341488	346791	5303	neg	fragmented	T2	partial	471	eviann
hmaj_V2R632	hmaj	LOC_00020818	scaffold_50	449934	574896	124962	pos	intact	T2	functional	761	eviann
hmaj_V2R633	hmaj	LOC_00021086	scaffold_60	121141	323662	202521	neg	partial	T2	partial	651	eviann
hmaj_V2R634	hmaj	LOC_00021006	scaffold_61	54128	62049	7921	pos	fragmented	T2	partial	242	eviann
hmaj_V2R635	hmaj	LOC_00020794	scaffold_7	528078	532998	4920	pos	fragmented	T2	partial	166	miniprot
hmaj_V2R636	hmaj	LOC_00020797	scaffold_7	1770965	1777565	6600	pos	fragmented	T2	partial	166	miniprot
hmaj_V2R637	hmaj	LOC_00020936	scaffold_76	280500	283661	3161	neg	fragmented	T2	partial	155	eviann
hmaj_V2R638	hmaj	LOC_00020723	scaffold_79	73147	86504	13357	pos	intact	T2	functional	849	eviann
hmaj_V2R639	hmaj	LOC_00020724	scaffold_79	242009	303360	61351	neg	fragmented	T2	partial	357	eviann
hmaj_V2R640	hmaj	LOC_00021011	scaffold_8	172628	176094	3466	neg	fragmented	T2	partial	282	eviann
hmaj_V2R641	hmaj	LOC_00021012	scaffold_8	874804	1096179	221375	neg	fragmented	T2	partial	351	eviann
hmaj_V2R642	hmaj	LOC_00021013	scaffold_8	1458012	1461141	3129	pos	fragmented	T2	partial	351	eviann
hmaj_V2R643	hmaj	LOC_00021014	scaffold_8	1680900	1704626	23726	pos	intact	T2	functional	656	eviann
hmaj_V2R644	hmaj	LOC_00021079	scaffold_81	398715	411535	12820	pos	intact	T2	functional	850	eviann
hmaj_V2R645	hmaj	LOC_00021085	scaffold_84	109537	151215	41678	pos	fragmented	T2	partial	456	eviann
hmaj_V2R646	hmaj	LOC_00020925	scaffold_88	256662	266627	9965	neg	intact	T2	functional	660	eviann
hmaj_V2R647	hmaj	LOC_00020745	scaffold_89	61261	72311	11050	neg	intact	T2	functional	842	eviann
hmaj_V2R648	hmaj	LOC_00020746	scaffold_89	163988	182190	18202	neg	intact	T2	functional	848	eviann
hmaj_V2R649	hmaj	LOC_00020835	scaffold_9	518603	531964	13361	neg	intact	T2	functional	850	eviann
hmaj_V2R650	hmaj	LOC_00020837	scaffold_9	741530	743958	2428	neg	fragmented	T2	partial	338	eviann
hmaj_V2R651	hmaj	LOC_00020839	scaffold_9	977806	993483	15677	neg	intact	T2	functional	843	eviann
hmaj_V2R652	hmaj	LOC_00020840	scaffold_9	1014670	1026407	11737	neg	intact	T2	functional	761	eviann
hmaj_V2R653	hmaj	LOC_00020841	scaffold_9	1409818	1417905	8087	pos	partial	T2	partial	541	eviann
hmaj_V2R654	hmaj	LOC_00020843	scaffold_9	1465219	1551395	86176	neg	intact	T2	functional	841	eviann
hmaj_V2R655	hmaj	LOC_00020845	scaffold_9	1574013	1592001	17988	neg	intact	T2	functional	848	eviann
hmaj_V2R656	hmaj	LOC_00020846	scaffold_9	1651358	1664369	13011	pos	partial	T2	partial	541	eviann
hmaj_V2R657	hmaj	LOC_00020847	scaffold_9	1735145	1745805	10660	neg	intact	T2	functional	842	eviann
hmaj_V2R658	hmaj	LOC_00020533	scaffold_93	142581	160638	18057	pos	intact	T2	functional	848	eviann
hmaj_V2R659	hmaj	LOC_00020534	scaffold_93	196212	213019	16807	pos	intact	T2	functional	844	eviann
hmaj_V2R660	hmaj	LOC_00020535	scaffold_93	242469	304663	62194	pos	fragmented	T2	partial	456	eviann
hmaj_V2R661	hmaj	LOC_00021030	scaffold_94	102683	139852	37169	pos	intact	T2	functional	850	eviann
hcy_V2R001	hcy	LOC_00014574	ch1	4100488	4120160	19672	neg	intact	T2	pseudogene	921	miniprot
hcy_V2R002	hcy	LOC_00014575	ch1	4266417	4277768	11351	neg	intact	T2	pseudogene	866	miniprot
hcy_V2R003	hcy	LOC_00014576	ch1	4293856	4299615	5759	neg	intact	T2	pseudogene	866	miniprot
hcy_V2R004	hcy	LOC_00014577	ch1	4314625	4315182	557	neg	intact	T2	pseudogene	866	miniprot
hcy_V2R005	hcy	LOC_00014578	ch1	4356650	4359041	2391	neg	intact	T2	pseudogene	866	miniprot
hcy_V2R006	hcy	LOC_00014821	ch1	18433489	18447150	13661	neg	intact	T2	pseudogene	862	miniprot
hcy_V2R007	hcy	LOC_00014822	ch1	18549546	18558411	8865	pos	intact	T2	pseudogene	878	miniprot
hcy_V2R008	hcy	LOC_00014823	ch1	18712130	18713114	984	pos	intact	T2	pseudogene	855	miniprot
hcy_V2R009	hcy	LOC_00014824	ch1	18743464	18751142	7678	neg	intact	T2	pseudogene	859	miniprot
hcy_V2R010	hcy	LOC_00014826	ch1	18809429	18818506	9077	pos	intact	T2	functional	866	miniprot
hcy_V2R011	hcy	LOC_00014828	ch1	18968940	18983966	15026	pos	intact	T2	pseudogene	863	eviann
hcy_V2R012	hcy	LOC_00014829	ch1	19031366	19044933	13567	pos	intact	T2	pseudogene	842	miniprot
hcy_V2R013	hcy	LOC_00014830	ch1	19104013	19117122	13109	pos	intact	T2	pseudogene	840	miniprot
hcy_V2R014	hcy	LOC_00014831	ch1	19175636	19194282	18646	pos	intact	T2	pseudogene	864	miniprot
hcy_V2R015	hcy	LOC_00014832	ch1	19293900	19308631	14731	pos	intact	T2	pseudogene	867	eviann
hcy_V2R016	hcy	LOC_00014859	ch1	20619462	20630142	10680	neg	partial	T2	pseudogene	608	eviann
hcy_V2R017	hcy	LOC_00014860	ch1	20635643	20636027	384	neg	partial	T2	pseudogene	127	eviann
hcy_V2R018	hcy	LOC_00014861	ch1	20641300	20641866	566	neg	partial	T2	pseudogene	126	eviann
hcy_V2R019	hcy	LOC_00014862	ch1	20739837	20754983	15146	neg	intact	T2	pseudogene	784	miniprot
hcy_V2R020	hcy	LOC_00014863	ch1	20775796	20790189	14393	neg	intact	T2	pseudogene	863	eviann
hcy_V2R021	hcy	LOC_00014864	ch1	21054867	21081179	26312	pos	intact	T2	functional	871	eviann
hcy_V2R022	hcy	LOC_00014865	ch1	21192296	21214474	22178	neg	intact	T2	pseudogene	866	miniprot
hcy_V2R023	hcy	LOC_00014905	ch1	22020123	22028454	8331	pos	intact	T2	pseudogene	865	miniprot
hcy_V2R024	hcy	LOC_00014906	ch1	22070554	22090208	19654	pos	intact	T2	pseudogene	863	miniprot
hcy_V2R025	hcy	LOC_00016984	ch1	298682520	299345338	662818	pos	fragmented	T2	partial	911	eviann
hcy_V2R026	hcy	LOC_00008001	ch2	315778718	315793385	14667	neg	intact	T2	functional	866	miniprot
hcy_V2R027	hcy	LOC_00008050	ch2	318081719	318251672	169953	pos	intact	T2	functional	866	eviann
hcy_V2R028	hcy	LOC_00008051	ch2	318170660	318178333	7673	neg	intact	T2	functional	856	eviann
hcy_V2R029	hcy	LOC_00008052	ch2	318480205	318492650	12445	neg	intact	T2	functional	844	miniprot
hcy_V2R030	hcy	LOC_00008053	ch2	318577004	318587138	10134	neg	fragmented	T2	partial	302	eviann
hcy_V2R031	hcy	LOC_00008054	ch2	318856412	318858885	2473	pos	fragmented	T2	partial	302	eviann
hcy_V2R032	hcy	LOC_00008056	ch2	319402488	319420948	18460	pos	intact	T2	functional	828	eviann
hcy_V2R033	hcy	LOC_00008057	ch2	319563969	319582443	18474	neg	intact	T2	functional	827	eviann
hcy_V2R034	hcy	LOC_00008058	ch2	319750580	319772055	21475	pos	intact	T2	functional	870	miniprot
hcy_V2R035	hcy	LOC_00008059	ch2	319825596	319828395	2799	pos	fragmented	T2	partial	369	eviann
hcy_V2R036	hcy	LOC_00008060	ch2	320027122	320036283	9161	neg	intact	T2	functional	851	miniprot
hcy_V2R037	hcy	LOC_00008061	ch2	320157566	320166693	9127	pos	intact	T2	functional	851	miniprot
hcy_V2R038	hcy	LOC_00008067	ch2	320759548	320778482	18934	neg	intact	T2	pseudogene	868	miniprot
hcy_V2R039	hcy	LOC_00008068	ch2	320819149	320835380	16231	pos	intact	T2	functional	856	miniprot
hcy_V2R040	hcy	LOC_00008069	ch2	320938960	320948793	9833	pos	intact	T2	pseudogene	863	eviann
hcy_V2R041	hcy	LOC_00008073	ch2	321101988	321112728	10740	neg	intact	T2	functional	863	eviann
hcy_V2R042	hcy	LOC_00008074	ch2	321509909	321521271	11362	pos	intact	T2	pseudogene	863	eviann
hcy_V2R043	hcy	LOC_00008081	ch2	322062595	322072595	10000	neg	intact	T2	functional	773	eviann
hcy_V2R044	hcy	LOC_00008082	ch2	322105887	322115886	9999	pos	intact	T2	functional	773	eviann
hcy_V2R045	hcy	LOC_00008083	ch2	322402809	322415084	12275	neg	intact	T2	functional	773	eviann
hcy_V2R046	hcy	LOC_00008084	ch2	322422359	322446465	24106	pos	intact	T2	functional	848	miniprot
hcy_V2R047	hcy	LOC_00008085	ch2	322529724	322546650	16926	pos	intact	T2	functional	849	eviann
hcy_V2R048	hcy	LOC_00008086	ch2	322601334	322615728	14394	neg	intact	T2	functional	773	eviann
hcy_V2R049	hcy	LOC_00008087	ch2	322825769	322826678	909	neg	intact	T2	functional	854	miniprot
hcy_V2R050	hcy	LOC_00008088	ch2	323079874	323103414	23540	pos	intact	T2	functional	849	eviann
hcy_V2R051	hcy	LOC_00008089	ch2	323167741	323177760	10019	pos	intact	T2	functional	773	eviann
hcy_V2R052	hcy	LOC_00008090	ch2	323205430	323226964	21534	neg	intact	T2	functional	849	eviann
hcy_V2R053	hcy	LOC_00008091	ch2	323290978	323305701	14723	neg	intact	T2	functional	848	miniprot
hcy_V2R054	hcy	LOC_00008093	ch2	323360653	323487219	126566	neg	fragmented	T2	partial	111	eviann
hcy_V2R055	hcy	LOC_00008094	ch2	323403152	323404061	909	pos	fragmented	T2	partial	302	eviann
hcy_V2R056	hcy	LOC_00008095	ch2	323643701	323655661	11960	neg	intact	T2	functional	773	eviann
hcy_V2R057	hcy	LOC_00008096	ch2	323679325	323691887	12562	neg	partial	T2	partial	605	eviann
hcy_V2R058	hcy	LOC_00008097	ch2	323792651	323793560	909	neg	fragmented	T2	partial	302	eviann
hcy_V2R059	hcy	LOC_00008098	ch2	323918894	323928885	9991	neg	intact	T2	functional	773	eviann
hcy_V2R060	hcy	LOC_00008099	ch2	324018819	324033560	14741	neg	intact	T2	functional	848	miniprot
hcy_V2R061	hcy	LOC_00008102	ch2	324384145	324394136	9991	neg	intact	T2	functional	773	eviann
hcy_V2R062	hcy	LOC_00008103	ch2	324401511	324416239	14728	pos	intact	T2	functional	850	miniprot
hcy_V2R063	hcy	LOC_00008104	ch2	324547437	324557445	10008	pos	intact	T2	functional	773	eviann
hcy_V2R064	hcy	LOC_00008105	ch2	324629538	324644982	15444	neg	partial	T2	partial	620	eviann
hcy_V2R065	hcy	LOC_00008106	ch2	324950063	324966469	16406	neg	intact	T2	functional	849	eviann
hcy_V2R066	hcy	LOC_00008107	ch2	325064200	325078942	14742	neg	intact	T2	functional	848	eviann
hcy_V2R067	hcy	LOC_00008108	ch2	325161425	325176150	14725	neg	intact	T2	functional	848	miniprot
hcy_V2R068	hcy	LOC_00008109	ch2	325183520	325193504	9984	pos	intact	T2	functional	773	eviann
hcy_V2R069	hcy	LOC_00008110	ch2	325407415	325432885	25470	pos	intact	T2	functional	848	miniprot
hcy_V2R070	hcy	LOC_00008116	ch2	325919904	325926436	6532	pos	intact	T2	functional	725	eviann
hcy_V2R071	hcy	LOC_00008118	ch2	326019582	326025865	6283	neg	partial	T2	partial	620	eviann
hcy_V2R072	hcy	LOC_00008120	ch2	326158586	326164883	6297	neg	partial	T2	partial	620	eviann
hcy_V2R073	hcy	LOC_00008137	ch2	326806464	326832836	26372	pos	intact	T2	functional	849	eviann
hcy_V2R074	hcy	LOC_00008138	ch2	326961133	326975888	14755	neg	intact	T2	functional	798	eviann
hcy_V2R075	hcy	LOC_00008139	ch2	327079330	327080239	909	neg	fragmented	T2	partial	302	eviann
hcy_V2R076	hcy	LOC_00008148	ch2	327421103	327422012	909	neg	fragmented	T2	partial	302	eviann
hcy_V2R077	hcy	LOC_00008151	ch2	327872812	327884509	11697	neg	intact	T2	functional	844	eviann
hcy_V2R078	hcy	LOC_00008152	ch2	327933789	327934698	909	pos	fragmented	T2	partial	302	eviann
hcy_V2R079	hcy	LOC_00008211	ch2	331021394	331037588	16194	neg	intact	T2	pseudogene	870	eviann
hcy_V2R080	hcy	LOC_00008212	ch2	331078679	331090655	11976	neg	intact	T2	functional	861	miniprot
hcy_V2R081	hcy	LOC_00008213	ch2	331106229	331118755	12526	neg	intact	T2	functional	859	miniprot
hcy_V2R082	hcy	LOC_00008214	ch2	331150900	331156542	5642	neg	intact	T2	pseudogene	861	miniprot
hcy_V2R083	hcy	LOC_00008215	ch2	331183948	331201070	17122	neg	intact	T2	pseudogene	859	miniprot
hcy_V2R084	hcy	LOC_00008240	ch2	331812692	331829725	17033	pos	intact	T2	functional	844	eviann
hcy_V2R085	hcy	LOC_00008241	ch2	331840740	331841037	297	neg	NA	NA	partial	98	NA
hcy_V2R086	hcy	LOC_00008242	ch2	331910074	331950813	40739	neg	partial	T2	partial	580	eviann
hcy_V2R087	hcy	LOC_00008243	ch2	331995700	332012830	17130	pos	intact	T2	pseudogene	844	eviann
hcy_V2R088	hcy	LOC_00008460	ch2	337527717	337540190	12473	neg	intact	T2	functional	849	eviann
hcy_V2R089	hcy	LOC_00008461	ch2	337568190	337574330	6140	pos	intact	T2	functional	848	miniprot
hcy_V2R090	hcy	LOC_00008554	ch2	339647583	339658800	11217	neg	intact	T2	pseudogene	856	eviann
hcy_V2R091	hcy	LOC_00008555	ch2	339689391	339706855	17464	neg	intact	T2	functional	853	eviann
hcy_V2R092	hcy	LOC_00008556	ch2	339870633	339898489	27856	neg	intact	T2	functional	851	miniprot
hcy_V2R093	hcy	LOC_00008558	ch2	339919372	339923261	3889	pos	fragmented	T2	partial	318	eviann
hcy_V2R094	hcy	LOC_00008559	ch2	339998106	340003354	5248	pos	fragmented	T2	partial	102	eviann
hcy_V2R095	hcy	LOC_00008577	ch2	340824605	340834176	9571	neg	fragmented	T2	partial	214	eviann
hcy_V2R096	hcy	LOC_00008587	ch2	341292852	341310269	17417	neg	fragmented	T2	partial	347	eviann
hcy_V2R097	hcy	LOC_00008588	ch2	341412368	341429425	17057	pos	intact	T2	functional	844	eviann
hcy_V2R098	hcy	LOC_00008589	ch2	341472161	341488567	16406	pos	intact	T2	functional	751	eviann
hcy_V2R099	hcy	LOC_00008590	ch2	341785594	341804269	18675	neg	intact	T2	functional	850	miniprot
hcy_V2R100	hcy	LOC_00008591	ch2	341837994	341858705	20711	pos	intact	T2	functional	843	miniprot
hcy_V2R101	hcy	LOC_00008592	ch2	341993556	342004806	11250	pos	intact	T2	functional	851	eviann
hcy_V2R102	hcy	LOC_00008595	ch2	342834657	342838582	3925	neg	intact	T2	pseudogene	863	miniprot
hcy_V2R103	hcy	LOC_00008603	ch2	343160054	343165786	5732	neg	fragmented	T2	pseudogene	403	eviann
hcy_V2R104	hcy	LOC_00008604	ch2	343209676	343213508	3832	pos	fragmented	T2	partial	180	eviann
hcy_V2R105	hcy	LOC_00008606	ch2	343362249	343373856	11607	pos	intact	T2	functional	850	miniprot
hcy_V2R106	hcy	LOC_00008610	ch2	343612529	343613444	915	pos	fragmented	T2	partial	304	eviann
hcy_V2R107	hcy	LOC_00008611	ch2	343630077	343638380	8303	pos	intact	T2	pseudogene	769	eviann
hcy_V2R108	hcy	LOC_00008612	ch2	343672015	343672918	903	neg	fragmented	T2	partial	300	eviann
hcy_V2R109	hcy	LOC_00008613	ch2	343750187	343757068	6881	neg	intact	T2	functional	853	eviann
hcy_V2R110	hcy	LOC_00008615	ch2	344007485	344015809	8324	pos	intact	T2	pseudogene	769	eviann
hcy_V2R111	hcy	LOC_00008616	ch2	344028009	344038660	10651	pos	intact	T2	pseudogene	769	eviann
hcy_V2R112	hcy	LOC_00008617	ch2	344074658	344075561	903	neg	fragmented	T2	partial	300	eviann
hcy_V2R113	hcy	LOC_00008618	ch2	344158550	344165432	6882	neg	intact	T2	functional	853	eviann
hcy_V2R114	hcy	LOC_00008619	ch2	344229769	344236650	6881	neg	intact	T2	functional	853	eviann
hcy_V2R115	hcy	LOC_00008620	ch2	344282950	344294633	11683	neg	intact	T2	pseudogene	857	miniprot
hcy_V2R116	hcy	LOC_00008621	ch2	344345146	344348302	3156	neg	fragmented	T2	partial	317	eviann
hcy_V2R117	hcy	LOC_00008622	ch2	344492703	344506295	13592	pos	intact	T2	pseudogene	838	miniprot
hcy_V2R118	hcy	LOC_00008643	ch2	345210147	345211107	960	neg	fragmented	T2	partial	319	eviann
hcy_V2R119	hcy	LOC_00008644	ch2	345320608	345393312	72704	pos	intact	T2	functional	999	eviann
hcy_V2R120	hcy	LOC_00008645	ch2	345331599	345332505	906	pos	intact	T2	functional	247	eviann
hcy_V2R121	hcy	LOC_00008646	ch2	345962347	345982427	20080	neg	intact	T2	functional	850	miniprot
hcy_V2R122	hcy	LOC_00008647	ch2	346008110	346008854	744	neg	intact	T2	functional	869	miniprot
hcy_V2R123	hcy	LOC_00008648	ch2	346014271	346016939	2668	neg	intact	T2	functional	869	miniprot
hcy_V2R124	hcy	LOC_00008649	ch2	346076156	346078823	2667	pos	fragmented	T2	partial	166	eviann
hcy_V2R125	hcy	LOC_00008650	ch2	346364098	346392676	28578	pos	intact	T2	functional	846	eviann
hcy_V2R126	hcy	LOC_00008651	ch2	346465625	346466534	909	neg	fragmented	T2	partial	302	eviann
hcy_V2R127	hcy	LOC_00008652	ch2	346600161	346604823	4662	pos	fragmented	T2	partial	439	eviann
hcy_V2R128	hcy	LOC_00008668	ch2	347219603	347238368	18765	neg	intact	T2	pseudogene	869	miniprot
hcy_V2R129	hcy	LOC_00008670	ch2	347322628	347341688	19060	neg	intact	T2	pseudogene	865	eviann
hcy_V2R130	hcy	LOC_00008671	ch2	347351924	347366380	14456	neg	fragmented	T2	pseudogene	359	eviann
hcy_V2R131	hcy	LOC_00008673	ch2	347471082	347484078	12996	neg	intact	T2	pseudogene	865	eviann
hcy_V2R132	hcy	LOC_00008676	ch2	347533816	347555374	21558	pos	intact	T2	pseudogene	873	eviann
hcy_V2R133	hcy	LOC_00008691	ch2	348211839	348229763	17924	neg	intact	T2	functional	847	miniprot
hcy_V2R134	hcy	LOC_00008721	ch2	349037446	349049908	12462	pos	intact	T2	functional	851	eviann
hcy_V2R135	hcy	LOC_00008722	ch2	349089628	349103514	13886	neg	intact	T2	functional	843	miniprot
hcy_V2R136	hcy	LOC_00008741	ch2	349607635	349612621	4986	pos	fragmented	T2	partial	197	eviann
hcy_V2R137	hcy	LOC_00008742	ch2	349661856	349682864	21008	neg	intact	T2	functional	849	eviann
hcy_V2R138	hcy	LOC_00008749	ch2	349934827	349954601	19774	pos	intact	T2	functional	850	eviann
hcy_V2R139	hcy	LOC_00008750	ch2	349982957	350019804	36847	pos	intact	T2	functional	850	miniprot
hcy_V2R140	hcy	LOC_00008751	ch2	350234156	350239215	5059	neg	intact	T2	functional	849	miniprot
hcy_V2R141	hcy	LOC_00008819	ch2	351610719	351611628	909	pos	fragmented	T2	partial	302	eviann
hcy_V2R142	hcy	LOC_00008840	ch2	352313583	352324222	10639	neg	intact	T2	functional	849	eviann
hcy_V2R143	hcy	LOC_00008841	ch2	352340970	352360615	19645	pos	intact	T2	functional	847	eviann
hcy_V2R144	hcy	LOC_00008842	ch2	352389125	352393951	4826	pos	fragmented	T2	partial	395	eviann
hcy_V2R145	hcy	LOC_00008845	ch2	352500206	352511010	10804	pos	intact	T2	functional	849	eviann
hcy_V2R146	hcy	LOC_00008846	ch2	352514452	352531033	16581	pos	intact	T2	functional	849	eviann
hcy_V2R147	hcy	LOC_00008879	ch2	353265775	353276424	10649	neg	intact	T2	functional	850	miniprot
hcy_V2R148	hcy	LOC_00008880	ch2	353334493	353347102	12609	neg	intact	T2	functional	847	miniprot
hcy_V2R149	hcy	LOC_00008881	ch2	353421038	353421960	922	pos	fragmented	T2	partial	185	eviann
hcy_V2R150	hcy	LOC_00008885	ch2	353737807	353738716	909	neg	fragmented	T2	partial	302	eviann
hcy_V2R151	hcy	LOC_00008886	ch2	353914839	354242242	327403	pos	intact	T2	functional	841	eviann
hcy_V2R152	hcy	LOC_00008889	ch2	354134702	354145033	10331	neg	intact	T2	functional	849	eviann
hcy_V2R153	hcy	LOC_00008890	ch2	354195975	354224444	28469	neg	intact	T2	functional	847	eviann
hcy_V2R154	hcy	LOC_00008898	ch2	355055110	355065725	10615	neg	intact	T2	functional	849	miniprot
hcy_V2R155	hcy	LOC_00008901	ch2	355449479	355467494	18015	pos	intact	T2	functional	845	eviann
hcy_V2R156	hcy	LOC_00008902	ch2	355548836	355553857	5021	neg	intact	T2	functional	849	miniprot
hcy_V2R157	hcy	LOC_00008903	ch2	355662646	355676223	13577	neg	intact	T2	functional	656	eviann
hcy_V2R158	hcy	LOC_00008904	ch2	355732379	355930865	198486	pos	intact	T2	functional	847	eviann
hcy_V2R159	hcy	LOC_00008905	ch2	355795232	355796141	909	neg	intact	T2	functional	302	eviann
hcy_V2R160	hcy	LOC_00008906	ch2	356252224	356262556	10332	pos	intact	T2	functional	849	eviann
hcy_V2R161	hcy	LOC_00008909	ch2	356442096	356459161	17065	pos	intact	T2	functional	845	miniprot
hcy_V2R162	hcy	LOC_00008911	ch2	356676875	356692852	15977	neg	intact	T2	functional	849	miniprot
hcy_V2R163	hcy	LOC_00008912	ch2	356746981	356758033	11052	pos	partial	T2	partial	509	eviann
hcy_V2R164	hcy	LOC_00008913	ch2	356798850	356799594	744	pos	intact	T2	functional	869	miniprot
hcy_V2R165	hcy	LOC_00008914	ch2	356864322	356867287	2965	neg	fragmented	T2	partial	166	eviann
hcy_V2R166	hcy	LOC_00008915	ch2	356935370	356944734	9364	neg	intact	T2	pseudogene	883	miniprot
hcy_V2R167	hcy	LOC_00008916	ch2	357037279	357054305	17026	pos	intact	T2	functional	849	miniprot
hcy_V2R168	hcy	LOC_00008917	ch2	357106316	357111461	5145	pos	intact	T2	functional	659	eviann
hcy_V2R169	hcy	LOC_00008918	ch2	357193111	357237269	44158	neg	intact	T2	functional	847	eviann
hcy_V2R170	hcy	LOC_00008920	ch2	357331414	357383852	52438	neg	intact	T2	functional	847	eviann
hcy_V2R171	hcy	LOC_00008922	ch2	357699544	357710833	11289	pos	fragmented	T2	partial	512	eviann
hcy_V2R172	hcy	LOC_00008933	ch2	358553148	358575412	22264	neg	intact	T2	functional	850	eviann
hcy_V2R173	hcy	LOC_00008936	ch2	358698686	358714825	16139	pos	intact	T2	pseudogene	878	miniprot
hcy_V2R174	hcy	LOC_00008937	ch2	358751603	358752512	909	neg	fragmented	T2	partial	302	eviann
hcy_V2R175	hcy	LOC_00008938	ch2	358890409	358905018	14609	neg	fragmented	T2	partial	532	eviann
hcy_V2R176	hcy	LOC_00008939	ch2	359196111	359197071	960	pos	fragmented	T2	partial	314	eviann
hcy_V2R177	hcy	LOC_00008941	ch2	359233208	359234153	945	pos	fragmented	T2	partial	314	eviann
hcy_V2R178	hcy	LOC_00008942	ch2	359305937	359306897	960	pos	fragmented	T2	partial	314	eviann
hcy_V2R179	hcy	LOC_00008943	ch2	359356452	359361508	5056	neg	intact	T2	functional	849	miniprot
hcy_V2R180	hcy	LOC_00008945	ch2	359376901	359382733	5832	neg	intact	T2	functional	659	eviann
hcy_V2R181	hcy	LOC_00008976	ch2	361073519	361077650	4131	neg	fragmented	T2	partial	174	eviann
hcy_V2R182	hcy	LOC_00008990	ch2	361448554	362017005	568451	neg	intact	T2	functional	851	miniprot
hcy_V2R183	hcy	LOC_00008991	ch2	361773306	361774604	1298	neg	intact	T2	functional	851	miniprot
hcy_V2R184	hcy	LOC_00008993	ch2	361913488	361934366	20878	pos	intact	T2	functional	851	miniprot
hcy_V2R185	hcy	LOC_00008994	ch2	362261016	362278206	17190	pos	intact	T2	pseudogene	851	miniprot
hcy_V2R186	hcy	LOC_00008995	ch2	362281024	362300376	19352	pos	intact	T2	pseudogene	851	miniprot
hcy_V2R187	hcy	LOC_00008996	ch2	362335727	362490858	155131	pos	intact	T2	pseudogene	838	miniprot
hcy_V2R188	hcy	LOC_00008997	ch2	362470399	362477331	6932	pos	intact	T2	pseudogene	838	miniprot
hcy_V2R189	hcy	LOC_00008998	ch2	362509389	362510687	1298	pos	intact	T2	pseudogene	838	miniprot
hcy_V2R190	hcy	LOC_00008999	ch2	362540124	362543389	3265	neg	fragmented	T2	partial	180	eviann
hcy_V2R191	hcy	LOC_00009000	ch2	362598473	362635256	36783	pos	partial	T2	partial	580	eviann
hcy_V2R192	hcy	LOC_00009001	ch2	362640064	362662737	22673	pos	intact	T2	functional	849	eviann
hcy_V2R193	hcy	LOC_00009003	ch2	362823592	362845103	21511	neg	intact	T2	pseudogene	677	eviann
hcy_V2R194	hcy	LOC_00009004	ch2	363235850	363254593	18743	pos	intact	T2	functional	850	miniprot
hcy_V2R195	hcy	LOC_00009005	ch2	363455747	363466112	10365	pos	fragmented	T2	partial	191	eviann
hcy_V2R196	hcy	LOC_00009006	ch2	363536503	363557772	21269	pos	intact	T2	functional	851	miniprot
hcy_V2R197	hcy	LOC_00009009	ch2	363759052	363766012	6960	pos	fragmented	T2	partial	461	eviann
hcy_V2R198	hcy	LOC_00009010	ch2	363849180	363853057	3877	neg	fragmented	T2	partial	308	eviann
hcy_V2R199	hcy	LOC_00009011	ch2	363936966	363960962	23996	neg	intact	T2	functional	850	eviann
hcy_V2R200	hcy	LOC_00009013	ch2	364082777	364083317	540	pos	fragmented	T2	partial	178	eviann
hcy_V2R201	hcy	LOC_00009014	ch2	364146912	364161016	14104	pos	intact	T2	functional	850	miniprot
hcy_V2R202	hcy	LOC_00009015	ch2	364181115	364203742	22627	pos	intact	T2	functional	850	miniprot
hcy_V2R203	hcy	LOC_00009017	ch2	364350424	364368760	18336	pos	intact	T2	functional	850	eviann
hcy_V2R204	hcy	LOC_00009023	ch2	365653877	365675993	22116	neg	intact	T2	functional	845	eviann
hcy_V2R205	hcy	LOC_00009024	ch2	365689029	365694608	5579	pos	fragmented	T2	pseudogene	421	eviann
hcy_V2R206	hcy	LOC_00009025	ch2	365751085	365756755	5670	neg	fragmented	T2	partial	253	eviann
hcy_V2R207	hcy	LOC_00009026	ch2	365833194	365844994	11800	pos	intact	T2	functional	745	miniprot
hcy_V2R208	hcy	LOC_00009027	ch2	365898120	365925274	27154	pos	intact	T2	functional	848	miniprot
hcy_V2R209	hcy	LOC_00009028	ch2	366180254	366213811	33557	pos	intact	T2	functional	851	eviann
hcy_V2R210	hcy	LOC_00009031	ch2	367518191	367532053	13862	neg	intact	T2	functional	851	eviann
hcy_V2R211	hcy	LOC_00009041	ch2	370796998	370800516	3518	pos	fragmented	T2	partial	87	eviann
hcy_V2R212	hcy	LOC_00009042	ch2	370987015	371001055	14040	pos	fragmented	T2	partial	300	eviann
hcy_V2R213	hcy	LOC_00009043	ch2	371024999	371231552	206553	pos	fragmented	T2	partial	288	eviann
hcy_V2R214	hcy	LOC_00009798	ch4	117222	124966	7744	neg	fragmented	T2	partial	258	eviann
hcy_V2R215	hcy	LOC_00009800	ch4	222345	233722	11377	pos	fragmented	T2	partial	285	eviann
hcy_V2R216	hcy	LOC_00009803	ch4	586169	589281	3112	pos	fragmented	T2	partial	357	eviann
hcy_V2R217	hcy	LOC_00009804	ch4	648299	659517	11218	pos	fragmented	T2	partial	285	eviann
hcy_V2R218	hcy	LOC_00009807	ch4	774852	786465	11613	pos	fragmented	T2	partial	285	eviann
hcy_V2R219	hcy	LOC_00009808	ch4	939353	948665	9312	pos	fragmented	T2	partial	166	miniprot
hcy_V2R220	hcy	LOC_00010651	ch4	55237286	55240205	2919	pos	fragmented	T2	partial	109	eviann
hcy_V2R221	hcy	LOC_00011914	ch4	121727112	121730158	3046	neg	fragmented	T2	partial	355	eviann
hcy_V2R222	hcy	LOC_00011919	ch4	121936490	121940086	3596	neg	fragmented	T2	partial	355	eviann
hcy_V2R223	hcy	LOC_00012663	ch4	147498923	147532913	33990	neg	intact	T2	functional	850	eviann
hcy_V2R224	hcy	LOC_00012666	ch4	147747747	147790669	42922	neg	fragmented	T2	partial	460	eviann
hcy_V2R225	hcy	LOC_00012668	ch4	147925577	147932990	7413	neg	fragmented	T2	partial	242	eviann
hcy_V2R226	hcy	LOC_00012672	ch4	148322484	148335571	13087	neg	intact	T2	functional	851	eviann
hcy_V2R227	hcy	LOC_00012674	ch4	148420680	148421977	1297	neg	fragmented	T2	partial	325	eviann
hcy_V2R228	hcy	LOC_00012677	ch4	148733555	148741424	7869	pos	fragmented	T2	partial	242	eviann
hcy_V2R229	hcy	LOC_00012682	ch4	149042478	149044823	2345	pos	fragmented	T2	partial	281	eviann
hcy_V2R230	hcy	LOC_00012684	ch4	149118379	149121413	3034	pos	fragmented	T2	partial	109	eviann
hcy_V2R231	hcy	LOC_00012686	ch4	149255427	149266201	10774	neg	intact	T2	functional	841	eviann
hcy_V2R232	hcy	LOC_00012688	ch4	149286280	149298132	11852	neg	fragmented	T2	partial	208	eviann
hcy_V2R233	hcy	LOC_00012690	ch4	150048897	150056480	7583	pos	fragmented	T2	partial	258	eviann
hcy_V2R234	hcy	LOC_00012702	ch4	150202748	150215468	12720	pos	fragmented	T2	partial	285	eviann
hcy_V2R235	hcy	LOC_00012705	ch4	150436031	150760417	324386	pos	fragmented	T2	partial	445	eviann
hcy_V2R236	hcy	LOC_00012706	ch4	150483402	150486206	2804	neg	fragmented	T2	partial	313	eviann
hcy_V2R237	hcy	LOC_00012709	ch4	150665956	150673499	7543	neg	fragmented	T2	partial	258	eviann
hcy_V2R238	hcy	LOC_00012710	ch4	150769998	150781389	11391	neg	fragmented	T2	partial	258	eviann
hcy_V2R239	hcy	LOC_00012712	ch4	150819295	150940779	121484	neg	fragmented	T2	partial	247	eviann
hcy_V2R240	hcy	LOC_00012713	ch4	150976254	151177088	200834	pos	fragmented	T2	partial	351	eviann
hcy_V2R241	hcy	LOC_00012714	ch4	151277070	151288434	11364	pos	fragmented	T2	partial	242	eviann
hcy_V2R242	hcy	LOC_00012716	ch4	151329983	151337402	7419	pos	fragmented	T2	partial	109	eviann
hcy_V2R243	hcy	LOC_00012717	ch4	151393174	151403231	10057	pos	fragmented	T2	partial	285	eviann
hcy_V2R244	hcy	LOC_00012719	ch4	151550768	151563854	13086	neg	intact	T2	functional	849	eviann
hcy_V2R245	hcy	LOC_00012720	ch4	151576913	152010297	433384	neg	fragmented	T2	partial	351	eviann
hcy_V2R246	hcy	LOC_00012721	ch4	151938942	151952029	13087	pos	fragmented	T2	partial	496	eviann
hcy_V2R247	hcy	LOC_00012722	ch4	152353882	152414070	60188	neg	intact	T2	functional	857	eviann
hcy_V2R248	hcy	LOC_00012726	ch4	152988054	153288020	299966	neg	fragmented	T2	partial	351	eviann
hcy_V2R249	hcy	LOC_00012728	ch4	153130861	153177451	46590	pos	fragmented	T2	partial	351	eviann
hcy_V2R250	hcy	LOC_00012730	ch4	153376596	153706830	330234	pos	fragmented	T2	partial	392	eviann
hcy_V2R251	hcy	LOC_00012731	ch4	153502634	153513533	10899	neg	fragmented	T2	partial	258	eviann
hcy_V2R252	hcy	LOC_00012742	ch4	153958331	153971389	13058	neg	intact	T2	pseudogene	849	eviann
hcy_V2R253	hcy	LOC_00012743	ch4	154219797	154230205	10408	neg	fragmented	T2	partial	258	eviann
hcy_V2R254	hcy	LOC_00012744	ch4	154247920	154256682	8762	neg	fragmented	T2	partial	242	eviann
hcy_V2R255	hcy	LOC_00012749	ch4	155072530	155083045	10515	pos	fragmented	T2	partial	258	eviann
hcy_V2R256	hcy	LOC_00012750	ch4	155087330	155342193	254863	pos	fragmented	T2	partial	351	eviann
hcy_V2R257	hcy	LOC_00012752	ch4	155445466	155457841	12375	neg	intact	T2	functional	761	eviann
hcy_V2R258	hcy	LOC_00012756	ch4	155852356	155854727	2371	neg	fragmented	T2	partial	180	eviann
hcy_V2R259	hcy	LOC_00012759	ch4	156042163	156057371	15208	neg	intact	T2	functional	842	eviann
hcy_V2R260	hcy	LOC_00012760	ch4	156255247	156262851	7604	pos	fragmented	T2	partial	258	eviann
hcy_V2R261	hcy	LOC_00012761	ch4	156340218	156351029	10811	pos	fragmented	T2	partial	258	eviann
hcy_V2R262	hcy	LOC_00012762	ch4	156507080	156585319	78239	neg	intact	T2	functional	837	miniprot
hcy_V2R263	hcy	LOC_00012763	ch4	156673962	156680175	6213	neg	fragmented	T2	partial	285	eviann
hcy_V2R264	hcy	LOC_00012771	ch4	157472444	157483926	11482	pos	fragmented	T2	partial	258	eviann
hcy_V2R265	hcy	LOC_00012773	ch4	157650585	157663263	12678	neg	fragmented	T2	partial	285	eviann
hcy_V2R266	hcy	LOC_00012779	ch4	158000265	158016087	15822	pos	partial	T2	partial	583	eviann
hcy_V2R267	hcy	LOC_00012780	ch4	158144390	158162396	18006	neg	intact	T2	functional	849	miniprot
hcy_V2R268	hcy	LOC_00012781	ch4	158175686	158177848	2162	pos	fragmented	T2	partial	356	eviann
hcy_V2R269	hcy	LOC_00012783	ch4	158730944	158740672	9728	neg	fragmented	T2	partial	201	eviann
hcy_V2R270	hcy	LOC_00012787	ch4	158984288	159769527	785239	pos	intact	T2	pseudogene	848	miniprot
hcy_V2R271	hcy	LOC_00012788	ch4	159055517	159066380	10863	neg	intact	T2	pseudogene	848	miniprot
hcy_V2R272	hcy	LOC_00012790	ch4	159495642	159507144	11502	neg	intact	T2	pseudogene	848	miniprot
hcy_V2R273	hcy	LOC_00012791	ch4	159559951	159570744	10793	neg	intact	T2	pseudogene	848	miniprot
hcy_V2R274	hcy	LOC_00012792	ch4	159672339	159686772	14433	neg	intact	T2	pseudogene	848	miniprot
hcy_V2R275	hcy	LOC_00012799	ch4	160475129	160490365	15236	pos	fragmented	T2	partial	512	eviann
hcy_V2R276	hcy	LOC_00012801	ch4	160666921	160678673	11752	pos	fragmented	T2	partial	258	eviann
hcy_V2R277	hcy	LOC_00012802	ch4	160760392	160780675	20283	pos	fragmented	T2	partial	166	miniprot
hcy_V2R278	hcy	LOC_00012803	ch4	160793431	160800884	7453	neg	fragmented	T2	partial	258	eviann
hcy_V2R279	hcy	LOC_00012804	ch4	160925678	160937438	11760	pos	fragmented	T2	partial	285	eviann
hcy_V2R280	hcy	LOC_00012806	ch4	161011502	161021995	10493	pos	fragmented	T2	partial	242	eviann
hcy_V2R281	hcy	LOC_00012811	ch4	161821269	161824386	3117	pos	fragmented	T2	partial	351	eviann
hcy_V2R282	hcy	LOC_00012814	ch4	162059286	162070093	10807	pos	fragmented	T2	partial	242	eviann
hcy_V2R283	hcy	LOC_00012815	ch4	162175831	162181938	6107	neg	fragmented	T2	partial	285	eviann
hcy_V2R284	hcy	LOC_00012817	ch4	162693239	162754673	61434	neg	fragmented	T2	pseudogene	376	eviann
hcy_V2R285	hcy	LOC_00012818	ch4	162730561	162732895	2334	pos	fragmented	T2	pseudogene	251	eviann
hcy_V2R286	hcy	LOC_00012820	ch4	162831050	162834051	3001	neg	fragmented	T2	partial	180	eviann
hcy_V2R287	hcy	LOC_00012821	ch4	162855703	162863209	7506	neg	fragmented	T2	partial	258	eviann
hcy_V2R288	hcy	LOC_00012823	ch4	162958916	162966427	7511	pos	fragmented	T2	partial	206	eviann
hcy_V2R289	hcy	LOC_00012824	ch4	163012792	163016649	3857	pos	partial	T2	partial	623	eviann
hcy_V2R290	hcy	LOC_00012827	ch4	163568943	163579429	10486	neg	fragmented	T2	partial	242	eviann
hcy_V2R291	hcy	LOC_00012828	ch4	163612305	163623130	10825	pos	partial	T2	partial	583	eviann
hcy_V2R292	hcy	LOC_00012830	ch4	163718938	163740263	21325	neg	intact	T2	functional	856	eviann
hcy_V2R293	hcy	LOC_00012831	ch4	163858673	163869332	10659	neg	fragmented	T2	partial	258	eviann
hcy_V2R294	hcy	LOC_00012832	ch4	163957565	163979055	21490	pos	intact	T2	functional	851	eviann
hcy_V2R295	hcy	LOC_00012836	ch4	164670920	164681860	10940	neg	fragmented	T2	partial	242	eviann
hcy_V2R296	hcy	LOC_00012837	ch4	165150036	165377530	227494	neg	intact	T2	functional	406	eviann
hcy_V2R297	hcy	LOC_00012839	ch4	165280819	165294557	13738	pos	intact	T2	functional	845	eviann
hcy_V2R298	hcy	LOC_00012856	ch4	165890073	165892515	2442	pos	fragmented	T2	partial	109	eviann
hcy_V2R299	hcy	LOC_00012858	ch4	166015169	166033857	18688	pos	fragmented	T2	partial	318	eviann
hcy_V2R300	hcy	LOC_00012860	ch4	166254563	166267620	13057	pos	intact	T2	functional	849	eviann
hcy_V2R301	hcy	LOC_00012861	ch4	166285771	166298862	13091	pos	intact	T2	functional	849	eviann
hcy_V2R302	hcy	LOC_00012863	ch4	166592024	166595031	3007	neg	fragmented	T2	partial	364	eviann
hcy_V2R303	hcy	LOC_00012864	ch4	166675188	166688366	13178	neg	intact	T2	functional	847	eviann
hcy_V2R304	hcy	LOC_00012872	ch4	167183518	167404039	220521	neg	intact	T2	functional	578	eviann
hcy_V2R305	hcy	LOC_00012873	ch4	167218807	167238505	19698	pos	intact	T2	functional	761	eviann
hcy_V2R306	hcy	LOC_00012874	ch4	167252054	167254869	2815	pos	intact	T2	functional	356	eviann
hcy_V2R307	hcy	LOC_00012876	ch4	167516367	167526963	10596	neg	fragmented	T2	partial	258	eviann
hcy_V2R308	hcy	LOC_00012878	ch4	167870091	167887561	17470	pos	fragmented	T2	partial	512	eviann
hcy_V2R309	hcy	LOC_00012879	ch4	167921161	167926636	5475	pos	fragmented	T2	partial	245	eviann
hcy_V2R310	hcy	LOC_00012880	ch4	167943719	167944061	342	neg	NA	NA	partial	113	NA
hcy_V2R311	hcy	LOC_00012881	ch4	167960042	167981030	20988	neg	intact	T2	functional	851	eviann
hcy_V2R312	hcy	LOC_00012883	ch4	168517422	168520797	3375	neg	fragmented	T2	partial	180	eviann
hcy_V2R313	hcy	LOC_00012884	ch4	168586394	168599258	12864	neg	fragmented	T2	partial	285	eviann
hcy_V2R314	hcy	LOC_00012886	ch4	168655706	168677983	22277	neg	intact	T2	functional	851	eviann
hcy_V2R315	hcy	LOC_00012925	ch4	169424193	169431698	7505	neg	fragmented	T2	partial	258	eviann
hcy_V2R316	hcy	LOC_00012927	ch4	169598457	169609462	11005	neg	partial	T2	partial	509	eviann
hcy_V2R317	hcy	LOC_00012929	ch4	169647449	169655829	8380	neg	fragmented	T2	partial	258	eviann
hcy_V2R318	hcy	LOC_00012928	ch4	169649433	169656000	6567	neg	fragmented	T2	partial	382	eviann
hcy_V2R319	hcy	LOC_00012933	ch4	170130859	170139177	8318	neg	fragmented	T2	partial	242	eviann
hcy_V2R320	hcy	LOC_00012934	ch4	170248205	170255768	7563	neg	partial	T2	partial	623	eviann
hcy_V2R321	hcy	LOC_00012982	ch4	173227328	173236483	9155	pos	fragmented	T2	partial	242	eviann
hcy_V2R322	hcy	LOC_00012984	ch4	173340962	173344314	3352	pos	fragmented	T2	partial	180	eviann
hcy_V2R323	hcy	LOC_00012985	ch4	173458502	173465526	7024	pos	fragmented	T2	partial	242	eviann
hcy_V2R324	hcy	LOC_00012986	ch4	173483918	173491967	8049	pos	fragmented	T2	partial	258	eviann
hcy_V2R325	hcy	LOC_00003018	ch5	63324	64621	1297	neg	fragmented	T2	partial	325	eviann
hcy_V2R326	hcy	LOC_00003022	ch5	276440	302157	25717	neg	intact	T2	functional	850	eviann
hcy_V2R327	hcy	LOC_00003025	ch5	407852	414503	6651	neg	fragmented	T2	partial	444	eviann
hcy_V2R328	hcy	LOC_00003032	ch5	799613	817625	18012	neg	intact	T2	functional	849	miniprot
hcy_V2R329	hcy	LOC_00003034	ch5	850332	865075	14743	neg	fragmented	T2	partial	397	eviann
hcy_V2R330	hcy	LOC_00003035	ch5	876061	888373	12312	pos	intact	T2	functional	660	eviann
hcy_V2R331	hcy	LOC_00003036	ch5	1138344	1140377	2033	neg	fragmented	T2	partial	356	eviann
hcy_V2R332	hcy	LOC_00003049	ch5	1595285	1601776	6491	neg	fragmented	T2	partial	176	eviann
hcy_V2R333	hcy	LOC_00003052	ch5	1757451	1779753	22302	neg	intact	T2	functional	849	eviann
hcy_V2R334	hcy	LOC_00003053	ch5	1799309	1801865	2556	neg	fragmented	T2	partial	180	eviann
hcy_V2R335	hcy	LOC_00003057	ch5	2244263	2250176	5913	pos	intact	T2	functional	739	eviann
hcy_V2R336	hcy	LOC_00003060	ch5	2343954	2354549	10595	neg	fragmented	T2	partial	309	eviann
hcy_V2R337	hcy	LOC_00003061	ch5	2475784	2488825	13041	neg	intact	T2	functional	849	eviann
hcy_V2R338	hcy	LOC_00003062	ch5	2548048	2567712	19664	neg	fragmented	T2	partial	286	eviann
hcy_V2R339	hcy	LOC_00003063	ch5	2635899	2642218	6319	neg	intact	T2	functional	309	eviann
hcy_V2R340	hcy	LOC_00003064	ch5	2649154	2662708	13554	neg	intact	T2	functional	850	eviann
hcy_V2R341	hcy	LOC_00004094	ch5	122912294	122918572	6278	neg	fragmented	T2	partial	306	eviann
hcy_V2R342	hcy	LOC_00004098	ch5	123438695	123450370	11675	pos	intact	T2	functional	851	miniprot
hcy_V2R343	hcy	LOC_00004099	ch5	123463985	123479096	15111	pos	intact	T2	functional	861	eviann
hcy_V2R344	hcy	LOC_00004100	ch5	123709795	123725202	15407	pos	intact	T2	functional	850	eviann
hcy_V2R345	hcy	LOC_00004957	ch5	213744186	213755396	11210	pos	fragmented	T2	partial	397	eviann
hcy_V2R346	hcy	LOC_00002442	ch7	62260273	62435225	174952	neg	fragmented	T2	partial	913	eviann
hcy_V2R347	hcy	LOC_00002588	ch7	76682740	76758764	76024	pos	fragmented	T2	partial	153	eviann
hcy_V2R348	hcy	LOC_00009795	ch8	92771742	92783066	11324	neg	fragmented	T2	partial	153	eviann
hcy_V2R349	hcy	LOC_00000202	chZ	8871220	8918309	47089	pos	intact	T2	pseudogene	871	miniprot
hcy_V2R350	hcy	LOC_00000203	chZ	8935207	8936002	795	pos	intact	T2	pseudogene	871	miniprot
hcy_V2R351	hcy	LOC_00000204	chZ	9059353	9064075	4722	pos	intact	T2	functional	879	miniprot
hcy_V2R352	hcy	LOC_00000205	chZ	9103111	9104011	900	neg	fragmented	T2	partial	342	miniprot
hcy_V2R353	hcy	LOC_00000206	chZ	9276982	9277912	930	neg	fragmented	T2	pseudogene	812	miniprot
hcy_V2R354	hcy	LOC_00000207	chZ	9365990	9366911	921	pos	fragmented	T2	pseudogene	306	eviann
hcy_V2R355	hcy	LOC_00000211	chZ	9589450	9590377	927	neg	intact	T2	pseudogene	869	miniprot
hcy_V2R356	hcy	LOC_00000213	chZ	10188778	10205703	16925	pos	intact	T2	pseudogene	864	miniprot
hcy_V2R357	hcy	LOC_00000214	chZ	10447067	10447994	927	pos	intact	T2	pseudogene	869	miniprot
hcy_V2R358	hcy	LOC_00000215	chZ	10667452	10678459	11007	pos	intact	T2	functional	841	eviann
hcy_V2R359	hcy	LOC_00000217	chZ	10844107	10859972	15865	pos	intact	T2	functional	848	eviann
hcy_V2R360	hcy	LOC_00000218	chZ	10879412	11094683	215271	pos	intact	T2	pseudogene	852	miniprot
hcy_V2R361	hcy	LOC_00000219	chZ	10894333	10899704	5371	neg	intact	T2	pseudogene	852	miniprot
hcy_V2R362	hcy	LOC_00000221	chZ	11047801	11049989	2188	pos	intact	T2	pseudogene	852	miniprot
hcy_V2R363	hcy	LOC_00000222	chZ	11180174	11187313	7139	neg	intact	T2	pseudogene	954	miniprot
hcy_V2R364	hcy	LOC_00000223	chZ	11293187	11295448	2261	pos	intact	T2	pseudogene	866	miniprot
hcy_V2R365	hcy	LOC_00000224	chZ	11398494	11399394	900	pos	intact	T2	pseudogene	901	miniprot
hcy_V2R366	hcy	LOC_00000225	chZ	11435952	11436852	900	neg	intact	T2	pseudogene	856	miniprot
hcy_V2R367	hcy	LOC_00000228	chZ	11746176	11753862	7686	pos	intact	T2	pseudogene	877	miniprot
hcy_V2R368	hcy	LOC_00000236	chZ	12860874	13046257	185383	pos	intact	T2	pseudogene	848	miniprot
hcy_V2R369	hcy	LOC_00000237	chZ	12917876	12923150	5274	neg	intact	T2	pseudogene	848	miniprot
hcy_V2R370	hcy	LOC_00000239	chZ	13005336	13017662	12326	neg	intact	T2	pseudogene	848	miniprot
hcy_V2R371	hcy	LOC_00000240	chZ	13137533	13138839	1306	pos	fragmented	T2	partial	175	eviann
hcy_V2R372	hcy	LOC_00000250	chZ	13724274	13736856	12582	neg	intact	T2	pseudogene	876	eviann
hcy_V2R373	hcy	LOC_00000252	chZ	13823753	13837860	14107	neg	intact	T2	pseudogene	876	eviann
hcy_V2R374	hcy	LOC_00000264	chZ	14973856	14993198	19342	pos	intact	T2	pseudogene	747	eviann
hcy_V2R375	hcy	LOC_00000265	chZ	15141660	15178358	36698	pos	intact	T2	pseudogene	907	eviann
hcy_V2R376	hcy	LOC_00000267	chZ	15289465	15290380	915	neg	intact	T2	pseudogene	909	miniprot
hcy_V2R377	hcy	LOC_00000268	chZ	15519904	15555200	35296	neg	intact	T2	pseudogene	863	eviann
hcy_V2R378	hcy	LOC_00000312	chZ	17143084	17144848	1764	neg	fragmented	T2	partial	128	eviann
hcy_V2R379	hcy	LOC_00000313	chZ	17181385	17181703	318	neg	NA	NA	partial	105	NA
hcy_V2R380	hcy	LOC_00000314	chZ	17212456	17213353	897	neg	intact	T2	pseudogene	860	miniprot
hcy_V2R381	hcy	LOC_00000315	chZ	17305725	17306622	897	neg	fragmented	T2	partial	298	eviann
hcy_V2R382	hcy	LOC_00000317	chZ	17396113	17405532	9419	pos	intact	T2	pseudogene	880	miniprot
hcy_V2R383	hcy	LOC_00000318	chZ	17467911	17484307	16396	pos	intact	T2	pseudogene	879	miniprot
hcy_V2R384	hcy	LOC_00000319	chZ	17704968	17713302	8334	neg	intact	T2	functional	871	eviann
hcy_V2R385	hcy	LOC_00000320	chZ	17936981	17964708	27727	pos	intact	T2	pseudogene	895	miniprot
hcy_V2R386	hcy	LOC_00000321	chZ	18048653	18049025	372	pos	intact	T2	pseudogene	863	miniprot
hcy_V2R387	hcy	LOC_00000322	chZ	18729176	18730570	1394	neg	fragmented	T2	partial	160	eviann
hcy_V2R388	hcy	LOC_00000323	chZ	18736256	18745503	9247	neg	intact	T2	pseudogene	869	miniprot
hcy_V2R389	hcy	LOC_00000324	chZ	18935514	18941879	6365	neg	intact	T2	pseudogene	876	miniprot
hcy_V2R390	hcy	LOC_00000325	chZ	19046435	19047363	928	neg	fragmented	T2	pseudogene	491	miniprot
hcy_V2R391	hcy	LOC_00000326	chZ	19181040	19194599	13559	pos	intact	T2	functional	885	eviann
hcy_V2R392	hcy	LOC_00000330	chZ	19825422	19835885	10463	neg	intact	T2	pseudogene	1499	miniprot
hcy_V2R393	hcy	LOC_00000331	chZ	19958401	19965127	6726	pos	intact	T2	pseudogene	876	miniprot
hcy_V2R394	hcy	LOC_00000339	chZ	20328979	20335804	6825	pos	intact	T2	pseudogene	884	eviann
hcy_V2R395	hcy	LOC_00000340	chZ	20361846	20376263	14417	pos	intact	T2	pseudogene	878	eviann
hcy_V2R396	hcy	LOC_00000342	chZ	20485936	20497385	11449	pos	intact	T2	functional	871	eviann
hcy_V2R397	hcy	LOC_00000344	chZ	20745746	20751299	5553	neg	intact	T2	pseudogene	875	miniprot
hcy_V2R398	hcy	LOC_00000345	chZ	20865862	20881933	16071	neg	intact	T2	functional	788	eviann
hcy_V2R399	hcy	LOC_00000346	chZ	21073081	21094268	21187	pos	intact	T2	pseudogene	865	miniprot
hcy_V2R400	hcy	LOC_00000394	chZ	23038026	23057534	19508	pos	intact	T2	pseudogene	899	miniprot
hcy_V2R401	hcy	LOC_00000395	chZ	23082954	23102338	19384	pos	intact	T2	pseudogene	806	eviann
hcy_V2R402	hcy	LOC_00000397	chZ	23227280	23229847	2567	neg	fragmented	T2	partial	274	eviann
hcy_V2R403	hcy	LOC_00000398	chZ	23246775	23276601	29826	neg	intact	T2	functional	882	eviann
hcy_V2R404	hcy	LOC_00000809	chZ	52017011	52021486	4475	neg	intact	T2	pseudogene	874	miniprot
hcy_V2R405	hcy	LOC_00000830	chZ	53028569	53048758	20189	neg	intact	T2	pseudogene	884	miniprot
hcy_V2R406	hcy	LOC_00000861	chZ	54842657	54855950	13293	neg	intact	T2	pseudogene	862	miniprot
hcy_V2R407	hcy	LOC_00000863	chZ	54926679	54927579	900	pos	fragmented	T2	pseudogene	299	eviann
hcy_V2R408	hcy	LOC_00000864	chZ	55058112	55062571	4459	pos	intact	T2	pseudogene	873	miniprot
hcy_V2R409	hcy	LOC_00000865	chZ	55124021	55125900	1879	neg	fragmented	T2	partial	352	eviann
hcy_V2R410	hcy	LOC_00000866	chZ	55158661	55165124	6463	pos	intact	T2	pseudogene	873	miniprot
hcy_V2R411	hcy	LOC_00000867	chZ	55366951	55369303	2352	pos	intact	T2	pseudogene	788	miniprot
hcy_V2R412	hcy	LOC_00000868	chZ	55425183	55426086	903	pos	intact	T2	pseudogene	854	miniprot
hcy_V2R413	hcy	LOC_00000869	chZ	55538577	55539483	906	pos	intact	T2	pseudogene	865	miniprot
hcy_V2R414	hcy	LOC_00000870	chZ	55656911	55693601	36690	pos	intact	T2	pseudogene	848	miniprot
hcy_V2R415	hcy	LOC_00000871	chZ	55815954	55837226	21272	pos	intact	T2	pseudogene	837	miniprot
hcy_V2R416	hcy	LOC_00000872	chZ	55963565	55973939	10374	neg	intact	T2	functional	869	miniprot
hcy_V2R417	hcy	LOC_00000873	chZ	55990527	56056417	65890	neg	intact	T2	pseudogene	845	miniprot
hcy_V2R418	hcy	LOC_00000875	chZ	56114316	56142347	28031	neg	intact	T2	pseudogene	871	eviann
hcy_V2R419	hcy	LOC_00000879	chZ	56595113	56610435	15322	pos	intact	T2	pseudogene	843	miniprot
hcy_V2R420	hcy	LOC_00001180	chZ	67634552	67649014	14462	neg	intact	T2	functional	891	miniprot
hcy_V2R421	hcy	LOC_00001181	chZ	67874958	67896100	21142	pos	intact	T2	pseudogene	869	miniprot
hcy_V2R422	hcy	LOC_00001182	chZ	68100369	68108439	8070	pos	intact	T2	functional	882	miniprot
hcy_V2R423	hcy	LOC_00001183	chZ	68185552	68187959	2407	pos	fragmented	T2	partial	281	eviann
hcy_V2R424	hcy	LOC_00001184	chZ	68274391	68280483	6092	pos	fragmented	T2	partial	156	eviann
hcy_V2R425	hcy	LOC_00001185	chZ	68288365	68293010	4645	pos	fragmented	T2	partial	302	eviann
hcy_V2R426	hcy	LOC_00001302	chZ	90259201	90262649	3448	pos	fragmented	T2	partial	217	eviann
hcy_V2R427	hcy	LOC_00001544	chZ	119213022	119241896	28874	neg	intact	T2	functional	851	eviann
hcy_V2R428	hcy	LOC_00001545	chZ	119296804	119319103	22299	pos	intact	T2	functional	728	eviann
hcy_V2R429	hcy	LOC_00001911	chZ	175454283	175456340	2057	pos	fragmented	T2	partial	322	eviann
hcy_V2R430	hcy	LOC_00001915	chZ	175653656	175663352	9696	pos	fragmented	T2	partial	460	eviann
hcy_V2R431	hcy	LOC_00020437	scaffold_23	2295	3592	1297	neg	fragmented	T2	partial	325	eviann
hcy_V2R432	hcy	LOC_00020434	scaffold_3	35420	47791	12371	neg	intact	T2	functional	761	eviann
hcy_V2R433	hcy	LOC_00020436	scaffold_5	19653	26901	7248	pos	fragmented	T2	partial	258	eviann
hcure_V2R001	hcure	LOC_00011851	ch1	146206522	146220220	13698	pos	intact	T2	pseudogene	862	miniprot
hcure_V2R002	hcure	LOC_00011852	ch1	146244849	146253738	8889	pos	intact	T2	pseudogene	747	miniprot
hcure_V2R003	hcure	LOC_00011853	ch1	146382593	146407511	24918	neg	intact	T2	pseudogene	862	miniprot
hcure_V2R004	hcure	LOC_00011854	ch1	146411646	146420773	9127	neg	intact	T2	pseudogene	865	miniprot
hcure_V2R005	hcure	LOC_00011855	ch1	146435155	146447573	12418	neg	intact	T2	pseudogene	865	miniprot
hcure_V2R006	hcure	LOC_00011856	ch1	146495516	146496073	557	pos	intact	T2	pseudogene	801	miniprot
hcure_V2R007	hcure	LOC_00011857	ch1	146527903	146537343	9440	pos	intact	T2	pseudogene	865	miniprot
hcure_V2R008	hcure	LOC_00011859	ch1	146643057	146649102	6045	pos	intact	T2	functional	837	miniprot
hcure_V2R009	hcure	LOC_00011860	ch1	146670716	146676475	5759	pos	intact	T2	functional	837	miniprot
hcure_V2R010	hcure	LOC_00011861	ch1	146766716	146781445	14729	pos	intact	T2	pseudogene	866	miniprot
hcure_V2R011	hcure	LOC_00011862	ch1	146844360	146864032	19672	pos	intact	T2	pseudogene	866	miniprot
hcure_V2R012	hcure	LOC_00011863	ch1	146916995	146917379	384	pos	intact	T2	pseudogene	865	miniprot
hcure_V2R013	hcure	LOC_00011864	ch1	146976091	146986021	9930	neg	intact	T2	pseudogene	857	miniprot
hcure_V2R014	hcure	LOC_00011865	ch1	147036501	147053605	17104	pos	intact	T2	pseudogene	924	miniprot
hcure_V2R015	hcure	LOC_00011866	ch1	147131577	147137341	5764	pos	intact	T2	pseudogene	860	miniprot
hcure_V2R016	hcure	LOC_00011867	ch1	147177144	147188956	11812	neg	intact	T2	pseudogene	847	miniprot
hcure_V2R017	hcure	LOC_00011868	ch1	147228260	147238190	9930	neg	intact	T2	pseudogene	857	miniprot
hcure_V2R018	hcure	LOC_00011869	ch1	147277787	147286584	8797	pos	intact	T2	pseudogene	838	miniprot
hcure_V2R019	hcure	LOC_00011900	ch1	148620811	148622508	1697	neg	partial	T2	partial	702	miniprot
hcure_V2R020	hcure	LOC_00011901	ch1	148704875	148706597	1722	neg	intact	T2	functional	866	miniprot
hcure_V2R021	hcure	LOC_00011902	ch1	148725935	148733653	7718	neg	fragmented	T2	partial	336	eviann
hcure_V2R022	hcure	LOC_00011904	ch1	148873799	148889761	15962	neg	intact	T2	pseudogene	864	miniprot
hcure_V2R023	hcure	LOC_00011905	ch1	148905067	148918168	13101	neg	intact	T2	pseudogene	864	miniprot
hcure_V2R024	hcure	LOC_00011906	ch1	149063443	149078328	14885	neg	intact	T2	functional	863	eviann
hcure_V2R025	hcure	LOC_00011908	ch1	149139884	149153482	13598	neg	intact	T2	pseudogene	842	miniprot
hcure_V2R026	hcure	LOC_00011910	ch1	149379659	149388432	8773	pos	intact	T2	pseudogene	859	miniprot
hcure_V2R027	hcure	LOC_00011911	ch1	149451859	149462060	10201	neg	intact	T2	functional	855	miniprot
hcure_V2R028	hcure	LOC_00011913	ch1	149886136	149901346	15210	pos	intact	T2	pseudogene	862	miniprot
hcure_V2R029	hcure	LOC_00011914	ch1	150010156	150023126	12970	pos	intact	T2	pseudogene	888	miniprot
hcure_V2R030	hcure	LOC_00011915	ch1	150119815	150127528	7713	neg	intact	T2	functional	866	miniprot
hcure_V2R031	hcure	LOC_00013088	ch1	282030575	282673411	642836	neg	fragmented	T2	partial	911	eviann
hcure_V2R032	hcure	LOC_00013978	ch1	427550272	427554045	3773	pos	fragmented	T2	partial	208	eviann
hcure_V2R033	hcure	LOC_00013979	ch1	427591321	427608777	17456	pos	intact	T2	functional	853	eviann
hcure_V2R034	hcure	LOC_00013980	ch1	427639327	427650573	11246	pos	intact	T2	pseudogene	856	eviann
hcure_V2R035	hcure	LOC_00013994	ch2	100581	119866	19285	pos	intact	T2	pseudogene	873	miniprot
hcure_V2R036	hcure	LOC_00013995	ch2	141195	154198	13003	pos	intact	T2	pseudogene	869	miniprot
hcure_V2R037	hcure	LOC_00013996	ch2	236806	250671	13865	pos	intact	T2	functional	851	eviann
hcure_V2R038	hcure	LOC_00014014	ch2	774306	795504	21198	neg	intact	T2	pseudogene	873	miniprot
hcure_V2R039	hcure	LOC_00014015	ch2	834039	847038	12999	neg	intact	T2	pseudogene	873	miniprot
hcure_V2R040	hcure	LOC_00014016	ch2	868392	881970	13578	neg	intact	T2	pseudogene	873	miniprot
hcure_V2R041	hcure	LOC_00014017	ch2	898045	917794	19749	neg	intact	T2	pseudogene	869	miniprot
hcure_V2R042	hcure	LOC_00014018	ch2	959708	978259	18551	neg	intact	T2	pseudogene	873	miniprot
hcure_V2R043	hcure	LOC_00014019	ch2	1039272	1090600	51328	neg	intact	T2	functional	744	eviann
hcure_V2R044	hcure	LOC_00014020	ch2	1136866	1154999	18133	neg	intact	T2	pseudogene	873	miniprot
hcure_V2R045	hcure	LOC_00014023	ch2	1272110	1293151	21041	pos	intact	T2	pseudogene	873	eviann
hcure_V2R046	hcure	LOC_00014039	ch2	1595483	1598211	2728	neg	fragmented	T2	partial	302	eviann
hcure_V2R047	hcure	LOC_00014043	ch2	1821492	1841449	19957	neg	intact	T2	functional	848	miniprot
hcure_V2R048	hcure	LOC_00014073	ch2	2647151	2660296	13145	pos	intact	T2	functional	851	eviann
hcure_V2R049	hcure	LOC_00014088	ch2	3065751	3080005	14254	pos	intact	T2	functional	843	miniprot
hcure_V2R050	hcure	LOC_00014089	ch2	3192498	3210802	18304	neg	intact	T2	functional	850	miniprot
hcure_V2R051	hcure	LOC_00014104	ch2	3772365	3792149	19784	pos	intact	T2	functional	850	eviann
hcure_V2R052	hcure	LOC_00014105	ch2	3820524	3857373	36849	pos	intact	T2	functional	850	miniprot
hcure_V2R053	hcure	LOC_00014106	ch2	3936195	3943007	6812	neg	intact	T2	pseudogene	879	miniprot
hcure_V2R054	hcure	LOC_00014107	ch2	3970488	3987321	16833	pos	intact	T2	functional	845	miniprot
hcure_V2R055	hcure	LOC_00014108	ch2	4027790	4049389	21599	pos	intact	T2	functional	820	eviann
hcure_V2R056	hcure	LOC_00014109	ch2	4080661	4087369	6708	neg	intact	T2	functional	849	miniprot
hcure_V2R057	hcure	LOC_00014159	ch2	5162436	5163345	909	neg	fragmented	T2	partial	302	eviann
hcure_V2R058	hcure	LOC_00014199	ch2	5920974	5926004	5030	neg	intact	T2	functional	659	eviann
hcure_V2R059	hcure	LOC_00014200	ch2	5935665	6089290	153625	neg	intact	T2	functional	849	eviann
hcure_V2R060	hcure	LOC_00014201	ch2	5948391	5994542	46151	pos	intact	T2	functional	847	eviann
hcure_V2R061	hcure	LOC_00014202	ch2	6093337	6098462	5125	neg	intact	T2	functional	849	miniprot
hcure_V2R062	hcure	LOC_00014203	ch2	6166835	6177871	11036	pos	intact	T2	pseudogene	883	miniprot
hcure_V2R063	hcure	LOC_00014221	ch2	7403744	7436977	33233	neg	intact	T2	functional	797	eviann
hcure_V2R064	hcure	LOC_00014222	ch2	7682286	7685754	3468	neg	partial	T2	partial	775	miniprot
hcure_V2R065	hcure	LOC_00014223	ch2	7744184	7768289	24105	neg	intact	T2	functional	846	miniprot
hcure_V2R066	hcure	LOC_00014225	ch2	8045153	8056455	11302	neg	intact	T2	functional	773	eviann
hcure_V2R067	hcure	LOC_00014227	ch2	8195533	8210265	14732	pos	intact	T2	functional	850	eviann
hcure_V2R068	hcure	LOC_00014228	ch2	8310379	8320364	9985	neg	intact	T2	functional	773	eviann
hcure_V2R069	hcure	LOC_00014230	ch2	8526006	8547736	21730	neg	intact	T2	functional	773	eviann
hcure_V2R070	hcure	LOC_00014231	ch2	8555046	8574503	19457	pos	intact	T2	functional	846	miniprot
hcure_V2R071	hcure	LOC_00014326	ch2	10662152	10681381	19229	pos	fragmented	T2	partial	302	eviann
hcure_V2R072	hcure	LOC_00014328	ch2	10779220	10791275	12055	pos	intact	T2	functional	938	eviann
hcure_V2R073	hcure	LOC_00014562	ch2	16334879	16351998	17119	neg	intact	T2	pseudogene	844	eviann
hcure_V2R074	hcure	LOC_00014586	ch2	16913115	16926167	13052	pos	intact	T2	pseudogene	859	miniprot
hcure_V2R075	hcure	LOC_00014587	ch2	16928600	16944589	15989	pos	intact	T2	functional	861	miniprot
hcure_V2R076	hcure	LOC_00014588	ch2	16973471	16994549	21078	pos	intact	T2	pseudogene	870	eviann
hcure_V2R077	hcure	LOC_00014639	ch2	19310368	19311277	909	neg	fragmented	T2	partial	302	eviann
hcure_V2R078	hcure	LOC_00014640	ch2	19367790	19379493	11703	pos	intact	T2	functional	844	eviann
hcure_V2R079	hcure	LOC_00014641	ch2	19450828	19464752	13924	neg	intact	T2	functional	854	eviann
hcure_V2R080	hcure	LOC_00014648	ch2	20048652	20076697	28045	neg	intact	T2	pseudogene	842	miniprot
hcure_V2R081	hcure	LOC_00014649	ch2	20135134	20146099	10965	pos	fragmented	T2	partial	291	eviann
hcure_V2R082	hcure	LOC_00014650	ch2	20194816	20211342	16526	pos	partial	T2	partial	578	eviann
hcure_V2R083	hcure	LOC_00014666	ch2	20822096	20839387	17291	neg	intact	T2	functional	856	eviann
hcure_V2R084	hcure	LOC_00014677	ch2	21351595	21362837	11242	neg	intact	T2	pseudogene	856	eviann
hcure_V2R085	hcure	LOC_00014678	ch2	21385684	21389558	3874	neg	fragmented	T2	pseudogene	397	eviann
hcure_V2R086	hcure	LOC_00014680	ch2	21451360	21473457	22097	neg	intact	T2	functional	845	eviann
hcure_V2R087	hcure	LOC_00014682	ch2	21587027	21609534	22507	neg	intact	T2	functional	848	eviann
hcure_V2R088	hcure	LOC_00014683	ch2	21680702	21708590	27888	pos	intact	T2	functional	851	miniprot
hcure_V2R089	hcure	LOC_00014684	ch2	22011905	22030010	18105	pos	intact	T2	functional	850	eviann
hcure_V2R090	hcure	LOC_00014686	ch2	22068905	22089486	20581	neg	intact	T2	functional	847	eviann
hcure_V2R091	hcure	LOC_00014687	ch2	22138833	22161154	22321	pos	intact	T2	pseudogene	799	eviann
hcure_V2R092	hcure	LOC_00014688	ch2	22341690	22364047	22357	pos	intact	T2	functional	847	eviann
hcure_V2R093	hcure	LOC_00014691	ch2	22834872	22856465	21593	neg	intact	T2	functional	852	miniprot
hcure_V2R094	hcure	LOC_00014692	ch2	22880280	22889093	8813	pos	fragmented	T2	partial	196	eviann
hcure_V2R095	hcure	LOC_00014693	ch2	23027822	23036940	9118	neg	intact	T2	functional	851	miniprot
hcure_V2R096	hcure	LOC_00014694	ch2	23107325	23116508	9183	neg	intact	T2	functional	851	miniprot
hcure_V2R097	hcure	LOC_00014695	ch2	23167774	23191580	23806	neg	intact	T2	pseudogene	870	miniprot
hcure_V2R098	hcure	LOC_00014697	ch2	23429347	23443221	13874	neg	intact	T2	functional	852	miniprot
hcure_V2R099	hcure	LOC_00014698	ch2	23503371	23524212	20841	pos	intact	T2	functional	848	eviann
hcure_V2R100	hcure	LOC_00014699	ch2	23586522	23602821	16299	neg	intact	T2	functional	677	eviann
hcure_V2R101	hcure	LOC_00014702	ch2	23746325	23747285	960	neg	fragmented	T2	partial	319	eviann
hcure_V2R102	hcure	LOC_00014703	ch2	23785945	23803857	17912	pos	intact	T2	functional	856	miniprot
hcure_V2R103	hcure	LOC_00014704	ch2	23882025	23891858	9833	pos	intact	T2	pseudogene	863	eviann
hcure_V2R104	hcure	LOC_00014713	ch2	24786546	24795666	9120	pos	intact	T2	functional	851	miniprot
hcure_V2R105	hcure	LOC_00014714	ch2	24918755	24937187	18432	neg	intact	T2	functional	828	eviann
hcure_V2R106	hcure	LOC_00014715	ch2	25067633	25075316	7683	pos	intact	T2	functional	860	eviann
hcure_V2R107	hcure	LOC_00014716	ch2	25226618	25248096	21478	pos	intact	T2	functional	866	eviann
hcure_V2R108	hcure	LOC_00014717	ch2	25354934	25368501	13567	neg	intact	T2	functional	861	miniprot
hcure_V2R109	hcure	LOC_00014772	ch2	27802020	27820091	18071	neg	intact	T2	functional	866	miniprot
hcure_V2R110	hcure	LOC_00004334	ch3	259282770	259297501	14731	pos	intact	T2	pseudogene	863	miniprot
hcure_V2R111	hcure	LOC_00004335	ch3	259539632	259558052	18420	pos	intact	T2	pseudogene	854	miniprot
hcure_V2R112	hcure	LOC_00009401	ch4	129661469	129665222	3753	neg	fragmented	T2	partial	127	eviann
hcure_V2R113	hcure	LOC_00005319	ch5	95293547	95299947	6400	pos	fragmented	T2	partial	280	eviann
hcure_V2R114	hcure	LOC_00017971	ch7	67863839	67879207	15368	neg	intact	T2	functional	850	eviann
hcure_V2R115	hcure	LOC_00017972	ch7	68098834	68113954	15120	neg	intact	T2	functional	861	eviann
hcure_V2R116	hcure	LOC_00017973	ch7	68127432	68139113	11681	neg	intact	T2	functional	851	miniprot
hcure_V2R117	hcure	LOC_00018115	ch7	82798350	82978917	180567	pos	fragmented	T2	partial	913	eviann
hcure_V2R118	hcure	LOC_00000638	ch8	86955131	86956630	1499	pos	fragmented	T2	partial	325	eviann
hcure_V2R119	hcure	LOC_00000639	ch8	86986746	86998731	11985	pos	fragmented	T2	partial	448	eviann
hcure_V2R120	hcure	LOC_00000695	chZ	2028955	2048250	19295	pos	intact	T2	pseudogene	685	eviann
hcure_V2R121	hcure	LOC_00000696	chZ	2095533	2096328	795	pos	intact	T2	pseudogene	840	miniprot
hcure_V2R122	hcure	LOC_00000697	chZ	2118472	2147365	28893	pos	intact	T2	functional	867	eviann
hcure_V2R123	hcure	LOC_00000698	chZ	2183308	2200280	16972	pos	intact	T2	functional	709	eviann
hcure_V2R124	hcure	LOC_00000699	chZ	2244727	2249482	4755	pos	intact	T2	pseudogene	676	eviann
hcure_V2R125	hcure	LOC_00000700	chZ	2255529	2269339	13810	pos	intact	T2	pseudogene	676	eviann
hcure_V2R126	hcure	LOC_00000701	chZ	2292227	2292740	513	neg	fragmented	T2	pseudogene	170	eviann
hcure_V2R127	hcure	LOC_00000702	chZ	2422555	2423485	930	neg	fragmented	T2	pseudogene	309	eviann
hcure_V2R128	hcure	LOC_00000703	chZ	2479171	2493841	14670	neg	intact	T2	pseudogene	864	eviann
hcure_V2R129	hcure	LOC_00000704	chZ	2512935	2513856	921	pos	fragmented	T2	pseudogene	306	eviann
hcure_V2R130	hcure	LOC_00000712	chZ	2696833	2702546	5713	pos	intact	T2	functional	684	eviann
hcure_V2R131	hcure	LOC_00000729	chZ	4175971	4190002	14031	neg	intact	T2	pseudogene	876	eviann
hcure_V2R132	hcure	LOC_00000731	chZ	4285170	4297395	12225	neg	intact	T2	pseudogene	876	eviann
hcure_V2R133	hcure	LOC_00000734	chZ	5199001	5255397	56396	neg	fragmented	T2	pseudogene	118	eviann
hcure_V2R134	hcure	LOC_00000735	chZ	5215263	5232363	17100	neg	fragmented	T2	pseudogene	300	eviann
hcure_V2R135	hcure	LOC_00000736	chZ	5292444	5301869	9425	neg	intact	T2	pseudogene	880	miniprot
hcure_V2R136	hcure	LOC_00000737	chZ	5376212	5377109	897	pos	fragmented	T2	partial	298	eviann
hcure_V2R137	hcure	LOC_00000738	chZ	5456785	5457682	897	pos	intact	T2	pseudogene	879	miniprot
hcure_V2R138	hcure	LOC_00000739	chZ	5495064	5495382	318	pos	NA	NA	partial	105	NA
hcure_V2R139	hcure	LOC_00000740	chZ	5531865	5533629	1764	pos	fragmented	T2	pseudogene	796	miniprot
hcure_V2R140	hcure	LOC_00000782	chZ	7196752	7277435	80683	pos	intact	T2	pseudogene	914	miniprot
hcure_V2R141	hcure	LOC_00000783	chZ	7404920	7407631	2711	neg	fragmented	T2	pseudogene	258	miniprot
hcure_V2R142	hcure	LOC_00000784	chZ	7467925	7509133	41208	neg	intact	T2	pseudogene	863	eviann
hcure_V2R143	hcure	LOC_00000785	chZ	7550171	7580347	30176	neg	intact	T2	pseudogene	863	eviann
hcure_V2R144	hcure	LOC_00000786	chZ	7647221	7668212	20991	neg	intact	T2	pseudogene	858	eviann
hcure_V2R145	hcure	LOC_00000791	chZ	7928341	7935454	7113	pos	intact	T2	pseudogene	872	miniprot
hcure_V2R146	hcure	LOC_00000792	chZ	7957721	7976641	18920	pos	intact	T2	functional	872	miniprot
hcure_V2R147	hcure	LOC_00000793	chZ	8008869	8013243	4374	pos	fragmented	T2	partial	362	miniprot
hcure_V2R148	hcure	LOC_00000840	chZ	9895100	9916392	21292	pos	intact	T2	pseudogene	899	miniprot
hcure_V2R149	hcure	LOC_00000841	chZ	9931914	9958383	26469	pos	intact	T2	pseudogene	899	miniprot
hcure_V2R150	hcure	LOC_00000842	chZ	10042192	10043626	1434	pos	intact	T2	pseudogene	882	miniprot
hcure_V2R151	hcure	LOC_00000844	chZ	10106673	10130742	24069	neg	intact	T2	pseudogene	829	miniprot
hcure_V2R152	hcure	LOC_00000845	chZ	10265225	10273292	8067	neg	intact	T2	pseudogene	882	miniprot
hcure_V2R153	hcure	LOC_00000846	chZ	10310884	10331924	21040	neg	intact	T2	pseudogene	869	miniprot
hcure_V2R154	hcure	LOC_00000847	chZ	10551862	10564919	13057	pos	intact	T2	functional	891	miniprot
hcure_V2R155	hcure	LOC_00000848	chZ	10649371	10665996	16625	neg	intact	T2	pseudogene	1551	miniprot
hcure_V2R156	hcure	LOC_00000862	chZ	11440032	11454518	14486	pos	intact	T2	functional	891	miniprot
hcure_V2R157	hcure	LOC_00001139	chZ	21061196	21076541	15345	neg	intact	T2	pseudogene	843	miniprot
hcure_V2R158	hcure	LOC_00001140	chZ	21081124	21081421	297	neg	fragmented	T2	pseudogene	893	miniprot
hcure_V2R159	hcure	LOC_00001144	chZ	21472981	21499290	26309	pos	intact	T2	pseudogene	871	eviann
hcure_V2R160	hcure	LOC_00001146	chZ	21558984	21617611	58627	pos	intact	T2	pseudogene	845	miniprot
hcure_V2R161	hcure	LOC_00001147	chZ	21960792	21961698	906	neg	intact	T2	functional	865	miniprot
hcure_V2R162	hcure	LOC_00001148	chZ	22114405	22115311	906	neg	fragmented	T2	pseudogene	300	eviann
hcure_V2R163	hcure	LOC_00001149	chZ	22135465	22139200	3735	neg	fragmented	T2	pseudogene	182	eviann
hcure_V2R164	hcure	LOC_00001150	chZ	22294680	22295583	903	neg	intact	T2	pseudogene	854	miniprot
hcure_V2R165	hcure	LOC_00001151	chZ	22351519	22353871	2352	neg	fragmented	T2	pseudogene	335	eviann
hcure_V2R166	hcure	LOC_00001152	chZ	22412257	22443886	31629	neg	intact	T2	pseudogene	834	miniprot
hcure_V2R167	hcure	LOC_00001153	chZ	22546228	22552689	6461	neg	intact	T2	pseudogene	862	miniprot
hcure_V2R168	hcure	LOC_00001154	chZ	22585155	22587034	1879	pos	fragmented	T2	partial	352	eviann
hcure_V2R169	hcure	LOC_00001155	chZ	22645559	22650016	4457	neg	intact	T2	pseudogene	873	miniprot
hcure_V2R170	hcure	LOC_00001156	chZ	22780576	22784054	3478	neg	fragmented	T2	pseudogene	405	eviann
hcure_V2R171	hcure	LOC_00001158	chZ	22870428	22874572	4144	pos	intact	T2	pseudogene	862	miniprot
hcure_V2R172	hcure	LOC_00001188	chZ	24422958	24439306	16348	pos	intact	T2	pseudogene	884	miniprot
hcure_V2R173	hcure	LOC_00001209	chZ	25550568	25555010	4442	pos	intact	T2	pseudogene	874	miniprot
hcure_V2R174	hcure	LOC_00002087	chZ	129176675	129209451	32776	pos	fragmented	T2	partial	444	eviann
hcure_V2R175	hcure	LOC_00002089	chZ	129387799	129394627	6828	neg	fragmented	T2	partial	199	eviann
hcure_V2R176	hcure	LOC_00002222	chZ	154056590	154065463	8873	neg	intact	T2	pseudogene	800	miniprot
hcure_V2R177	hcure	LOC_00002224	chZ	154129782	154138079	8297	pos	intact	T2	pseudogene	878	miniprot
hcure_V2R178	hcure	LOC_00002225	chZ	154174087	154180332	6245	neg	intact	T2	pseudogene	856	miniprot
hcure_V2R179	hcure	LOC_00019152	scaffold_102	36471	54988	18517	neg	intact	T2	functional	849	eviann
hcure_V2R180	hcure	LOC_00019153	scaffold_102	115225	120249	5024	pos	intact	T2	functional	657	eviann
hcure_V2R181	hcure	LOC_00020264	scaffold_103	56594	69891	13297	pos	fragmented	T2	partial	285	eviann
hcure_V2R182	hcure	LOC_00020265	scaffold_103	89511	94235	4724	pos	fragmented	T2	partial	180	eviann
hcure_V2R183	hcure	LOC_00020268	scaffold_103	261087	275271	14184	pos	intact	T2	functional	851	eviann
hcure_V2R184	hcure	LOC_00020103	scaffold_104	59378	71408	12030	pos	fragmented	T2	partial	258	eviann
hcure_V2R185	hcure	LOC_00020104	scaffold_104	176858	179994	3136	pos	fragmented	T2	partial	421	eviann
hcure_V2R186	hcure	LOC_00020105	scaffold_104	248779	257586	8807	pos	fragmented	T2	partial	258	eviann
hcure_V2R187	hcure	LOC_00020409	scaffold_105	161969	187883	25914	neg	intact	T2	functional	851	eviann
hcure_V2R188	hcure	LOC_00019539	scaffold_107	136457	148135	11678	neg	fragmented	T2	partial	285	eviann
hcure_V2R189	hcure	LOC_00019540	scaffold_107	196855	205976	9121	neg	fragmented	T2	partial	258	eviann
hcure_V2R190	hcure	LOC_00019541	scaffold_107	250857	260797	9940	neg	fragmented	T2	partial	258	eviann
hcure_V2R191	hcure	LOC_00019542	scaffold_107	276814	284678	7864	pos	fragmented	T2	partial	242	eviann
hcure_V2R192	hcure	LOC_00020369	scaffold_108	110628	113856	3228	pos	fragmented	T2	partial	356	eviann
hcure_V2R193	hcure	LOC_00020371	scaffold_108	142450	164328	21878	pos	intact	T2	functional	850	eviann
hcure_V2R194	hcure	LOC_00020012	scaffold_109	64790	86872	22082	pos	intact	T2	functional	660	eviann
hcure_V2R195	hcure	LOC_00020013	scaffold_109	101042	123527	22485	pos	intact	T2	functional	850	eviann
hcure_V2R196	hcure	LOC_00020014	scaffold_109	211758	217667	5909	pos	intact	T2	functional	739	eviann
hcure_V2R197	hcure	LOC_00020417	scaffold_110	122999	125569	2570	neg	fragmented	T2	partial	109	eviann
hcure_V2R198	hcure	LOC_00020419	scaffold_110	252825	258740	5915	neg	intact	T2	functional	739	eviann
hcure_V2R199	hcure	LOC_00019701	scaffold_111	79616	97638	18022	pos	intact	T2	functional	849	eviann
hcure_V2R200	hcure	LOC_00019703	scaffold_111	227181	241332	14151	neg	intact	T2	functional	849	miniprot
hcure_V2R201	hcure	LOC_00020340	scaffold_116	37196	40481	3285	pos	fragmented	T2	partial	356	eviann
hcure_V2R202	hcure	LOC_00020342	scaffold_116	165026	181004	15978	neg	intact	T2	functional	838	miniprot
hcure_V2R203	hcure	LOC_00020008	scaffold_121	42357	53223	10866	pos	fragmented	T2	partial	285	eviann
hcure_V2R204	hcure	LOC_00020009	scaffold_121	184138	193413	9275	neg	fragmented	T2	partial	285	eviann
hcure_V2R205	hcure	LOC_00020011	scaffold_121	197654	207511	9857	pos	fragmented	T2	partial	285	eviann
hcure_V2R206	hcure	LOC_00019913	scaffold_122	72575	84157	11582	pos	fragmented	T2	partial	348	eviann
hcure_V2R207	hcure	LOC_00019914	scaffold_122	152430	173415	20985	pos	intact	T2	functional	851	eviann
hcure_V2R208	hcure	LOC_00020463	scaffold_124	45233	57367	12134	neg	intact	T2	functional	849	eviann
hcure_V2R209	hcure	LOC_00019942	scaffold_126	46045	68051	22006	neg	intact	T2	functional	847	eviann
hcure_V2R210	hcure	LOC_00020390	scaffold_128	115864	117354	1490	pos	fragmented	T2	partial	318	eviann
hcure_V2R211	hcure	LOC_00020391	scaffold_128	168738	191591	22853	pos	intact	T2	functional	849	eviann
hcure_V2R212	hcure	LOC_00020053	scaffold_129	150306	157169	6863	neg	fragmented	T2	partial	355	eviann
hcure_V2R213	hcure	LOC_00020354	scaffold_130	553	137953	137400	neg	fragmented	T2	partial	460	eviann
hcure_V2R214	hcure	LOC_00020355	scaffold_130	11161	14276	3115	pos	fragmented	T2	partial	357	eviann
hcure_V2R215	hcure	LOC_00020356	scaffold_130	76737	84385	7648	pos	fragmented	T2	partial	285	eviann
hcure_V2R216	hcure	LOC_00020358	scaffold_130	205933	227712	21779	pos	fragmented	T2	partial	180	eviann
hcure_V2R217	hcure	LOC_00020273	scaffold_131	30432	41538	11106	pos	intact	T2	functional	660	eviann
hcure_V2R218	hcure	LOC_00020274	scaffold_131	101522	112233	10711	neg	intact	T2	functional	849	eviann
hcure_V2R219	hcure	LOC_00020275	scaffold_131	181260	185390	4130	pos	fragmented	T2	pseudogene	446	eviann
hcure_V2R220	hcure	LOC_00019156	scaffold_132	33817	44598	10781	neg	intact	T2	functional	841	eviann
hcure_V2R221	hcure	LOC_00019158	scaffold_132	160343	177935	17592	neg	intact	T2	functional	850	eviann
hcure_V2R222	hcure	LOC_00019694	scaffold_133	39881	45794	5913	neg	intact	T2	functional	739	eviann
hcure_V2R223	hcure	LOC_00019695	scaffold_133	56420	71022	14602	neg	intact	T2	functional	851	miniprot
hcure_V2R224	hcure	LOC_00019696	scaffold_133	107324	118094	10770	neg	intact	T2	functional	660	eviann
hcure_V2R225	hcure	LOC_00019699	scaffold_133	199991	210139	10148	neg	partial	T2	partial	507	eviann
hcure_V2R226	hcure	LOC_00020494	scaffold_137	198930	202874	3944	neg	fragmented	T2	partial	281	eviann
hcure_V2R227	hcure	LOC_00020397	scaffold_138	119805	142655	22850	neg	intact	T2	functional	850	eviann
hcure_V2R228	hcure	LOC_00020398	scaffold_138	172941	175494	2553	neg	fragmented	T2	partial	180	eviann
hcure_V2R229	hcure	LOC_00020460	scaffold_139	111351	140115	28764	neg	intact	T2	functional	846	eviann
hcure_V2R230	hcure	LOC_00020158	scaffold_140	51980	77144	25164	neg	intact	T2	functional	846	eviann
hcure_V2R231	hcure	LOC_00020159	scaffold_140	97986	108762	10776	neg	intact	T2	functional	849	eviann
hcure_V2R232	hcure	LOC_00020160	scaffold_140	159844	196639	36795	neg	intact	T2	functional	816	miniprot
hcure_V2R233	hcure	LOC_00020107	scaffold_141	23261	29610	6349	neg	fragmented	T2	partial	397	eviann
hcure_V2R234	hcure	LOC_00020360	scaffold_143	4058	11966	7908	neg	fragmented	T2	partial	157	eviann
hcure_V2R235	hcure	LOC_00020362	scaffold_143	30736	40322	9586	neg	fragmented	T2	partial	529	eviann
hcure_V2R236	hcure	LOC_00020363	scaffold_143	77152	85141	7989	neg	fragmented	T2	partial	258	eviann
hcure_V2R237	hcure	LOC_00020365	scaffold_143	164729	173587	8858	neg	fragmented	T2	partial	242	eviann
hcure_V2R238	hcure	LOC_00019549	scaffold_150	2953	13993	11040	pos	fragmented	T2	partial	454	eviann
hcure_V2R239	hcure	LOC_00020197	scaffold_151	42791	48415	5624	neg	intact	T2	pseudogene	838	miniprot
hcure_V2R240	hcure	LOC_00020119	scaffold_153	53403	65839	12436	pos	fragmented	T2	partial	285	eviann
hcure_V2R241	hcure	LOC_00020120	scaffold_153	89447	109318	19871	pos	intact	T2	functional	851	eviann
hcure_V2R242	hcure	LOC_00020121	scaffold_153	149216	173920	24704	pos	intact	T2	functional	851	eviann
hcure_V2R243	hcure	LOC_00019729	scaffold_154	32945	46516	13571	pos	intact	T2	functional	850	eviann
hcure_V2R244	hcure	LOC_00020473	scaffold_155	151426	164033	12607	neg	intact	T2	functional	847	miniprot
hcure_V2R245	hcure	LOC_00020225	scaffold_157	90672	120830	30158	neg	intact	T2	functional	848	miniprot
hcure_V2R246	hcure	LOC_00020226	scaffold_157	147255	166665	19410	neg	intact	T2	functional	851	eviann
hcure_V2R247	hcure	LOC_00020184	scaffold_160	108409	116269	7860	neg	fragmented	T2	partial	302	eviann
hcure_V2R248	hcure	LOC_00020185	scaffold_160	161859	175629	13770	neg	partial	T2	partial	623	eviann
hcure_V2R249	hcure	LOC_00020385	scaffold_166	88944	91396	2452	neg	fragmented	T2	partial	281	eviann
hcure_V2R250	hcure	LOC_00020386	scaffold_166	111666	122738	11072	pos	fragmented	T2	partial	220	eviann
hcure_V2R251	hcure	LOC_00020054	scaffold_168	8358	9723	1365	neg	fragmented	T2	partial	115	eviann
hcure_V2R252	hcure	LOC_00020056	scaffold_168	79925	80693	768	pos	fragmented	T2	partial	255	eviann
hcure_V2R253	hcure	LOC_00020057	scaffold_168	131291	156345	25054	pos	intact	T2	functional	660	eviann
hcure_V2R254	hcure	LOC_00020227	scaffold_171	58992	69951	10959	pos	fragmented	T2	partial	512	eviann
hcure_V2R255	hcure	LOC_00019727	scaffold_173	45433	45976	543	neg	fragmented	T2	pseudogene	846	miniprot
hcure_V2R256	hcure	LOC_00019728	scaffold_173	73973	95058	21085	pos	intact	T2	functional	799	eviann
hcure_V2R257	hcure	LOC_00020474	scaffold_179	28014	43512	15498	neg	intact	T2	functional	849	eviann
hcure_V2R258	hcure	LOC_00020475	scaffold_179	73949	80466	6517	neg	fragmented	T2	partial	405	eviann
hcure_V2R259	hcure	LOC_00019966	scaffold_18	122956	123712	756	pos	intact	T2	pseudogene	839	miniprot
hcure_V2R260	hcure	LOC_00019967	scaffold_18	182013	199028	17015	pos	intact	T2	pseudogene	869	miniprot
hcure_V2R261	hcure	LOC_00019968	scaffold_18	232547	253722	21175	pos	intact	T2	pseudogene	869	miniprot
hcure_V2R262	hcure	LOC_00019970	scaffold_18	631793	645541	13748	neg	intact	T2	functional	885	eviann
hcure_V2R263	hcure	LOC_00019971	scaffold_18	710136	716499	6363	pos	intact	T2	pseudogene	875	miniprot
hcure_V2R264	hcure	LOC_00019972	scaffold_18	860274	865169	4895	pos	partial	T2	pseudogene	363	eviann
hcure_V2R265	hcure	LOC_00019973	scaffold_18	864518	874891	10373	pos	partial	T2	pseudogene	613	eviann
hcure_V2R266	hcure	LOC_00019975	scaffold_18	1098511	1106828	8317	pos	intact	T2	pseudogene	871	eviann
hcure_V2R267	hcure	LOC_00019587	scaffold_182	47758	73267	25509	pos	intact	T2	functional	837	miniprot
hcure_V2R268	hcure	LOC_00020452	scaffold_188	62363	96543	34180	neg	intact	T2	functional	845	miniprot
hcure_V2R269	hcure	LOC_00020153	scaffold_196	14725	30020	15295	neg	intact	T2	functional	841	eviann
hcure_V2R270	hcure	LOC_00020154	scaffold_196	34430	44990	10560	neg	intact	T2	functional	849	eviann
hcure_V2R271	hcure	LOC_00020155	scaffold_196	80196	105170	24974	neg	intact	T2	functional	847	eviann
hcure_V2R272	hcure	LOC_00020467	scaffold_198	94381	107483	13102	neg	intact	T2	functional	849	miniprot
hcure_V2R273	hcure	LOC_00020456	scaffold_199	66927	73453	6526	pos	fragmented	T2	partial	258	eviann
hcure_V2R274	hcure	LOC_00020114	scaffold_200	38901	43270	4369	neg	fragmented	T2	partial	376	eviann
hcure_V2R275	hcure	LOC_00019753	scaffold_201	77988	95461	17473	pos	fragmented	T2	partial	391	eviann
hcure_V2R276	hcure	LOC_00020156	scaffold_203	76162	96801	20639	pos	intact	T2	functional	850	eviann
hcure_V2R277	hcure	LOC_00019551	scaffold_204	22780	23101	321	neg	NA	NA	partial	106	NA
hcure_V2R278	hcure	LOC_00019552	scaffold_204	63014	82485	19471	neg	fragmented	T2	partial	512	eviann
hcure_V2R279	hcure	LOC_00020450	scaffold_205	29595	40987	11392	neg	intact	T2	functional	851	eviann
hcure_V2R280	hcure	LOC_00020407	scaffold_208	62233	73103	10870	neg	intact	T2	functional	850	eviann
hcure_V2R281	hcure	LOC_00019504	scaffold_210	24356	31962	7606	pos	fragmented	T2	partial	285	eviann
hcure_V2R282	hcure	LOC_00020454	scaffold_211	40528	61873	21345	pos	intact	T2	functional	856	eviann
hcure_V2R283	hcure	LOC_00019940	scaffold_212	2850	3782	932	pos	fragmented	T2	partial	187	eviann
hcure_V2R284	hcure	LOC_00019941	scaffold_212	53876	74588	20712	pos	intact	T2	functional	851	eviann
hcure_V2R285	hcure	LOC_00020414	scaffold_218	44358	61917	17559	pos	intact	T2	functional	795	eviann
hcure_V2R286	hcure	LOC_00020415	scaffold_218	74332	80246	5914	pos	intact	T2	functional	739	eviann
hcure_V2R287	hcure	LOC_00020242	scaffold_22	228609	239392	10783	neg	fragmented	T2	partial	258	eviann
hcure_V2R288	hcure	LOC_00020247	scaffold_22	547182	754505	207323	neg	intact	T2	functional	846	miniprot
hcure_V2R289	hcure	LOC_00020248	scaffold_22	657052	679222	22170	pos	intact	T2	functional	846	miniprot
hcure_V2R290	hcure	LOC_00020249	scaffold_22	783242	795505	12263	neg	fragmented	T2	partial	242	eviann
hcure_V2R291	hcure	LOC_00020250	scaffold_22	870283	883810	13527	neg	intact	T2	functional	851	eviann
hcure_V2R292	hcure	LOC_00020251	scaffold_22	981236	995438	14202	neg	intact	T2	functional	851	eviann
hcure_V2R293	hcure	LOC_00020252	scaffold_22	1061346	1067937	6591	pos	fragmented	T2	pseudogene	851	miniprot
hcure_V2R294	hcure	LOC_00020253	scaffold_22	1196560	1217253	20693	neg	fragmented	T2	partial	180	eviann
hcure_V2R295	hcure	LOC_00020479	scaffold_221	20738	31824	11086	pos	fragmented	T2	partial	512	eviann
hcure_V2R296	hcure	LOC_00020438	scaffold_228	31047	39375	8328	neg	fragmented	T2	partial	258	eviann
hcure_V2R297	hcure	LOC_00020441	scaffold_231	8026	10692	2666	pos	fragmented	T2	partial	166	eviann
hcure_V2R298	hcure	LOC_00020048	scaffold_235	181	9050	8869	pos	fragmented	T2	partial	242	eviann
hcure_V2R299	hcure	LOC_00020049	scaffold_235	64281	76673	12392	pos	fragmented	T2	partial	258	eviann
hcure_V2R300	hcure	LOC_00019904	scaffold_236	55705	60764	5059	neg	fragmented	T2	partial	350	eviann
hcure_V2R301	hcure	LOC_00020106	scaffold_238	63499	83247	19748	pos	fragmented	T2	partial	514	eviann
hcure_V2R302	hcure	LOC_00019799	scaffold_25	116921	132984	16063	pos	intact	T2	functional	881	miniprot
hcure_V2R303	hcure	LOC_00019801	scaffold_25	247524	253078	5554	pos	intact	T2	pseudogene	871	miniprot
hcure_V2R304	hcure	LOC_00019802	scaffold_25	278638	304862	26224	pos	intact	T2	pseudogene	871	miniprot
hcure_V2R305	hcure	LOC_00019803	scaffold_25	518628	527636	9008	neg	intact	T2	functional	871	eviann
hcure_V2R306	hcure	LOC_00019806	scaffold_25	642146	656439	14293	neg	intact	T2	pseudogene	877	eviann
hcure_V2R307	hcure	LOC_00019807	scaffold_25	678557	685390	6833	neg	intact	T2	pseudogene	884	eviann
hcure_V2R308	hcure	LOC_00019817	scaffold_25	1072404	1085388	12984	neg	intact	T2	pseudogene	876	miniprot
hcure_V2R309	hcure	LOC_00019038	scaffold_26	16527	43697	27170	neg	intact	T2	functional	849	eviann
hcure_V2R310	hcure	LOC_00019039	scaffold_26	58285	61506	3221	pos	fragmented	T2	partial	414	eviann
hcure_V2R311	hcure	LOC_00019055	scaffold_26	906984	912267	5283	neg	fragmented	T2	partial	350	eviann
hcure_V2R312	hcure	LOC_00020420	scaffold_264	17721	45583	27862	neg	intact	T2	functional	847	eviann
hcure_V2R313	hcure	LOC_00019473	scaffold_27	837677	855124	17447	pos	intact	T2	functional	867	miniprot
hcure_V2R314	hcure	LOC_00019474	scaffold_27	881544	903951	22407	pos	intact	T2	pseudogene	866	miniprot
hcure_V2R315	hcure	LOC_00019475	scaffold_27	932443	952104	19661	pos	intact	T2	pseudogene	863	miniprot
hcure_V2R316	hcure	LOC_00019476	scaffold_27	1009648	1024387	14739	pos	intact	T2	pseudogene	866	miniprot
hcure_V2R317	hcure	LOC_00020392	scaffold_272	45447	65340	19893	pos	fragmented	T2	partial	166	miniprot
hcure_V2R318	hcure	LOC_00019754	scaffold_276	1228	13418	12190	neg	fragmented	T2	partial	550	eviann
hcure_V2R319	hcure	LOC_00020445	scaffold_277	36221	43660	7439	pos	fragmented	T2	partial	242	eviann
hcure_V2R320	hcure	LOC_00020439	scaffold_278	24681	47513	22832	pos	intact	T2	pseudogene	849	eviann
hcure_V2R321	hcure	LOC_00020470	scaffold_279	41147	51280	10133	pos	fragmented	T2	partial	532	eviann
hcure_V2R322	hcure	LOC_00020111	scaffold_283	1758	3056	1298	neg	intact	T2	pseudogene	851	miniprot
hcure_V2R323	hcure	LOC_00020112	scaffold_283	20640	37798	17158	neg	intact	T2	pseudogene	851	miniprot
hcure_V2R324	hcure	LOC_00020471	scaffold_289	42594	53598	11004	neg	intact	T2	functional	660	eviann
hcure_V2R325	hcure	LOC_00019822	scaffold_29	649810	650608	798	neg	fragmented	T2	pseudogene	265	eviann
hcure_V2R326	hcure	LOC_00019827	scaffold_29	926311	944119	17808	neg	intact	T2	pseudogene	856	miniprot
hcure_V2R327	hcure	LOC_00019771	scaffold_30	11015	21875	10860	pos	intact	T2	functional	850	eviann
hcure_V2R328	hcure	LOC_00019772	scaffold_30	145878	151360	5482	neg	intact	T2	functional	739	eviann
hcure_V2R329	hcure	LOC_00019773	scaffold_30	163295	166198	2903	neg	fragmented	T2	partial	522	eviann
hcure_V2R330	hcure	LOC_00019774	scaffold_30	231424	248186	16762	neg	intact	T2	functional	850	eviann
hcure_V2R331	hcure	LOC_00019775	scaffold_30	269646	280953	11307	neg	fragmented	T2	partial	373	eviann
hcure_V2R332	hcure	LOC_00019778	scaffold_30	430520	436675	6155	pos	fragmented	T2	partial	384	eviann
hcure_V2R333	hcure	LOC_00019780	scaffold_30	549635	556976	7341	pos	intact	T2	functional	848	miniprot
hcure_V2R334	hcure	LOC_00019782	scaffold_30	710201	733577	23376	pos	intact	T2	functional	660	eviann
hcure_V2R335	hcure	LOC_00020466	scaffold_301	21004	33145	12141	pos	intact	T2	functional	849	eviann
hcure_V2R336	hcure	LOC_00020332	scaffold_305	25139	28321	3182	pos	fragmented	T2	partial	155	eviann
hcure_V2R337	hcure	LOC_00020449	scaffold_306	18893	32126	13233	neg	intact	T2	functional	851	eviann
hcure_V2R338	hcure	LOC_00020428	scaffold_312	5006	18237	13231	neg	intact	T2	functional	851	eviann
hcure_V2R339	hcure	LOC_00020448	scaffold_332	10525	11082	557	neg	partial	T2	pseudogene	701	miniprot
hcure_V2R340	hcure	LOC_00019915	scaffold_37	7034	179168	172134	pos	intact	T2	functional	777	eviann
hcure_V2R341	hcure	LOC_00019868	scaffold_43	45977	60389	14412	pos	intact	T2	functional	850	eviann
hcure_V2R342	hcure	LOC_00019869	scaffold_43	73581	91485	17904	pos	intact	T2	functional	850	eviann
hcure_V2R343	hcure	LOC_00019870	scaffold_43	128166	159335	31169	pos	intact	T2	pseudogene	851	miniprot
hcure_V2R344	hcure	LOC_00019871	scaffold_43	177878	179176	1298	pos	intact	T2	pseudogene	851	miniprot
hcure_V2R345	hcure	LOC_00019884	scaffold_43	531679	535896	4217	pos	fragmented	T2	partial	174	eviann
hcure_V2R346	hcure	LOC_00019619	scaffold_47	587797	588706	909	pos	fragmented	T2	partial	302	eviann
hcure_V2R347	hcure	LOC_00020319	scaffold_48	3169	15205	12036	pos	intact	T2	pseudogene	883	miniprot
hcure_V2R348	hcure	LOC_00020320	scaffold_48	44609	55926	11317	pos	intact	T2	pseudogene	869	eviann
hcure_V2R349	hcure	LOC_00020321	scaffold_48	114171	117570	3399	neg	fragmented	T2	partial	371	eviann
hcure_V2R350	hcure	LOC_00020322	scaffold_48	150588	167862	17274	neg	intact	T2	functional	849	miniprot
hcure_V2R351	hcure	LOC_00020323	scaffold_48	171320	188411	17091	neg	intact	T2	functional	849	miniprot
hcure_V2R352	hcure	LOC_00020324	scaffold_48	324883	334488	9605	pos	intact	T2	functional	869	miniprot
hcure_V2R353	hcure	LOC_00020325	scaffold_48	516637	535273	18636	pos	intact	T2	functional	849	eviann
hcure_V2R354	hcure	LOC_00019755	scaffold_49	83564	113092	29528	pos	intact	T2	functional	850	eviann
hcure_V2R355	hcure	LOC_00019787	scaffold_50	131732	153679	21947	pos	fragmented	T2	partial	166	miniprot
hcure_V2R356	hcure	LOC_00019793	scaffold_50	347814	358642	10828	neg	fragmented	T2	partial	512	eviann
hcure_V2R357	hcure	LOC_00019794	scaffold_50	391627	399672	8045	pos	fragmented	T2	partial	258	eviann
hcure_V2R358	hcure	LOC_00019795	scaffold_50	441458	464326	22868	pos	intact	T2	functional	851	eviann
hcure_V2R359	hcure	LOC_00019796	scaffold_50	521267	532391	11124	pos	fragmented	T2	partial	285	eviann
hcure_V2R360	hcure	LOC_00019797	scaffold_50	545375	556224	10849	neg	fragmented	T2	partial	258	eviann
hcure_V2R361	hcure	LOC_00020073	scaffold_55	38810	53111	14301	neg	intact	T2	functional	850	eviann
hcure_V2R362	hcure	LOC_00020074	scaffold_55	160638	164498	3860	neg	fragmented	T2	partial	308	eviann
hcure_V2R363	hcure	LOC_00020076	scaffold_55	552860	554158	1298	neg	intact	T2	pseudogene	838	miniprot
hcure_V2R364	hcure	LOC_00020077	scaffold_55	571728	575659	3931	neg	intact	T2	pseudogene	838	miniprot
hcure_V2R365	hcure	LOC_00020087	scaffold_57	57787	71878	14091	pos	fragmented	T2	partial	258	eviann
hcure_V2R366	hcure	LOC_00020088	scaffold_57	186150	199925	13775	pos	fragmented	T2	partial	285	eviann
hcure_V2R367	hcure	LOC_00020089	scaffold_57	331388	345143	13755	pos	intact	T2	functional	851	eviann
hcure_V2R368	hcure	LOC_00020204	scaffold_6	209907	232110	22203	pos	intact	T2	pseudogene	857	miniprot
hcure_V2R369	hcure	LOC_00020205	scaffold_6	471445	485694	14249	pos	intact	T2	pseudogene	869	miniprot
hcure_V2R370	hcure	LOC_00020206	scaffold_6	689307	705143	15836	pos	intact	T2	functional	848	eviann
hcure_V2R371	hcure	LOC_00020209	scaffold_6	1266348	1267245	897	pos	fragmented	T2	pseudogene	762	miniprot
hcure_V2R372	hcure	LOC_00020289	scaffold_60	60560	68899	8339	pos	intact	T2	pseudogene	856	miniprot
hcure_V2R373	hcure	LOC_00020290	scaffold_60	148508	149411	903	neg	fragmented	T2	partial	300	eviann
hcure_V2R374	hcure	LOC_00020291	scaffold_60	220401	227283	6882	neg	intact	T2	functional	853	eviann
hcure_V2R375	hcure	LOC_00020292	scaffold_60	339118	346009	6891	neg	intact	T2	pseudogene	853	eviann
hcure_V2R376	hcure	LOC_00020293	scaffold_60	433616	442777	9161	neg	intact	T2	pseudogene	861	miniprot
hcure_V2R377	hcure	LOC_00020294	scaffold_60	458181	475715	17534	neg	intact	T2	functional	861	miniprot
hcure_V2R378	hcure	LOC_00020295	scaffold_60	482761	490663	7902	neg	intact	T2	pseudogene	861	miniprot
hcure_V2R379	hcure	LOC_00020296	scaffold_60	506070	509222	3152	neg	fragmented	T2	partial	317	eviann
hcure_V2R380	hcure	LOC_00020079	scaffold_61	35471	45135	9664	neg	fragmented	T2	partial	397	eviann
hcure_V2R381	hcure	LOC_00020084	scaffold_61	323566	335695	12129	neg	intact	T2	functional	849	eviann
hcure_V2R382	hcure	LOC_00020085	scaffold_61	454365	467586	13221	neg	intact	T2	functional	850	eviann
hcure_V2R383	hcure	LOC_00019537	scaffold_63	45454	65833	20379	neg	intact	T2	functional	843	miniprot
hcure_V2R384	hcure	LOC_00020217	scaffold_66	194125	209761	15636	neg	intact	T2	functional	841	miniprot
hcure_V2R385	hcure	LOC_00019598	scaffold_68	268858	274590	5732	neg	fragmented	T2	pseudogene	403	eviann
hcure_V2R386	hcure	LOC_00019599	scaffold_68	353272	354187	915	pos	fragmented	T2	partial	304	eviann
hcure_V2R387	hcure	LOC_00019829	scaffold_71	199345	212340	12995	pos	intact	T2	functional	857	eviann
hcure_V2R388	hcure	LOC_00019830	scaffold_71	269770	281571	11801	pos	fragmented	T2	partial	285	eviann
hcure_V2R389	hcure	LOC_00019831	scaffold_71	353125	364314	11189	pos	fragmented	T2	partial	258	eviann
hcure_V2R390	hcure	LOC_00020483	scaffold_78	231349	257223	25874	neg	intact	T2	functional	852	eviann
hcure_V2R391	hcure	LOC_00020307	scaffold_84	91959	115944	23985	pos	intact	T2	functional	728	eviann
hcure_V2R392	hcure	LOC_00020309	scaffold_84	139134	142499	3365	neg	fragmented	T2	partial	180	eviann
hcure_V2R393	hcure	LOC_00020310	scaffold_84	150215	168919	18704	neg	intact	T2	functional	761	eviann
hcure_V2R394	hcure	LOC_00020311	scaffold_84	237307	263816	26509	neg	intact	T2	functional	851	eviann
hcure_V2R395	hcure	LOC_00020346	scaffold_87	41058	46971	5913	neg	intact	T2	functional	739	eviann
hcure_V2R396	hcure	LOC_00020348	scaffold_87	179664	191499	11835	neg	intact	T2	functional	850	eviann
hcure_V2R397	hcure	LOC_00020351	scaffold_87	312821	318720	5899	pos	fragmented	T2	partial	471	eviann
hcure_V2R398	hcure	LOC_00020236	scaffold_88	23525	35560	12035	neg	fragmented	T2	partial	428	eviann
hcure_V2R399	hcure	LOC_00020237	scaffold_88	239869	256958	17089	pos	intact	T2	pseudogene	878	miniprot
hcure_V2R400	hcure	LOC_00020141	scaffold_92	33722	107312	73590	neg	intact	T2	functional	754	eviann
hcure_V2R401	hcure	LOC_00020142	scaffold_92	144284	156972	12688	pos	intact	T2	functional	837	miniprot
hcure_V2R402	hcure	LOC_00020143	scaffold_92	177421	192646	15225	pos	intact	T2	functional	841	eviann
hcure_V2R403	hcure	LOC_00020144	scaffold_92	267905	315667	47762	neg	fragmented	T2	partial	397	eviann
hcure_V2R404	hcure	LOC_00020047	scaffold_93	282778	289289	6511	neg	fragmented	T2	partial	180	eviann
hcure_V2R405	hcure	LOC_00020199	scaffold_94	78755	106285	27530	pos	intact	T2	functional	851	eviann
hcure_V2R406	hcure	LOC_00020200	scaffold_94	212302	215430	3128	pos	fragmented	T2	partial	351	eviann
hcure_V2R407	hcure	LOC_00020201	scaffold_94	276052	279164	3112	pos	fragmented	T2	partial	351	eviann
hcure_V2R408	hcure	LOC_00020097	scaffold_97	2928	14275	11347	neg	intact	T2	functional	835	eviann
hcure_V2R409	hcure	LOC_00020099	scaffold_97	75181	83564	8383	pos	fragmented	T2	partial	382	eviann
hcure_V2R410	hcure	LOC_00020100	scaffold_97	121410	134083	12673	pos	intact	T2	functional	850	eviann
hcure_V2R411	hcure	LOC_00020101	scaffold_97	167720	168629	909	neg	fragmented	T2	partial	302	eviann
hcure_V2R412	hcure	LOC_00020102	scaffold_97	227167	241565	14398	pos	intact	T2	functional	851	eviann
hcure_V2R413	hcure	LOC_00020042	scaffold_98	104015	107192	3177	pos	fragmented	T2	partial	155	eviann
hcure_V2R414	hcure	LOC_00020043	scaffold_98	109273	111339	2066	pos	fragmented	T2	partial	163	eviann
hcure_V2R415	hcure	LOC_00020044	scaffold_98	121061	125082	4021	pos	fragmented	T2	partial	350	eviann
hcure_V2R416	hcure	LOC_00020002	scaffold_99	46408	65180	18772	neg	intact	T2	functional	849	eviann
hcure_V2R417	hcure	LOC_00020003	scaffold_99	88797	91325	2528	pos	fragmented	T2	partial	180	eviann
hcure_V2R418	hcure	LOC_00020004	scaffold_99	129526	143362	13836	pos	intact	T2	functional	850	eviann
hcurw_V2R001	hcurw	LOC_00010936	ch1	156618	157155	537	neg	fragmented	T2	partial	178	eviann
hcurw_V2R002	hcurw	LOC_00010937	ch1	217890	222331	4441	neg	partial	T2	pseudogene	517	miniprot
hcurw_V2R003	hcurw	LOC_00010938	ch1	417498	429457	11959	pos	partial	T2	pseudogene	633	eviann
hcurw_V2R004	hcurw	LOC_00010939	ch1	464363	479508	15145	neg	intact	T2	functional	784	miniprot
hcurw_V2R005	hcurw	LOC_00010940	ch1	501236	503653	2417	neg	intact	T2	pseudogene	863	miniprot
hcurw_V2R006	hcurw	LOC_00010941	ch1	591241	604662	13421	neg	intact	T2	pseudogene	865	miniprot
hcurw_V2R007	hcurw	LOC_00010942	ch1	610156	610693	537	neg	intact	T2	pseudogene	865	miniprot
hcurw_V2R008	hcurw	LOC_00010943	ch1	769974	792343	22369	neg	intact	T2	pseudogene	863	miniprot
hcurw_V2R009	hcurw	LOC_00010982	ch1	1712023	1714455	2432	neg	intact	T2	pseudogene	863	miniprot
hcurw_V2R010	hcurw	LOC_00010983	ch1	1884536	1913226	28690	pos	fragmented	T2	partial	343	eviann
hcurw_V2R011	hcurw	LOC_00010985	ch1	1945597	1946154	557	neg	intact	T2	pseudogene	864	miniprot
hcurw_V2R012	hcurw	LOC_00010986	ch1	1986661	1998517	11856	pos	intact	T2	pseudogene	856	miniprot
hcurw_V2R013	hcurw	LOC_00010987	ch1	2037870	2053050	15180	neg	intact	T2	functional	784	miniprot
hcurw_V2R014	hcurw	LOC_00010988	ch1	2173086	2181868	8782	neg	intact	T2	functional	850	miniprot
hcurw_V2R015	hcurw	LOC_00010989	ch1	2195562	2196099	537	neg	fragmented	T2	partial	178	eviann
hcurw_V2R016	hcurw	LOC_00010990	ch1	2365941	2376890	10949	neg	intact	T2	functional	746	eviann
hcurw_V2R017	hcurw	LOC_00010991	ch1	2388828	2394578	5750	neg	fragmented	T2	partial	435	eviann
hcurw_V2R018	hcurw	LOC_00010992	ch1	2746617	2755870	9253	pos	intact	T2	functional	865	miniprot
hcurw_V2R019	hcurw	LOC_00010993	ch1	2921569	2922135	566	pos	fragmented	T2	partial	126	eviann
hcurw_V2R020	hcurw	LOC_00010994	ch1	2927319	2927856	537	pos	fragmented	T2	partial	178	eviann
hcurw_V2R021	hcurw	LOC_00010995	ch1	2966086	2987240	21154	neg	intact	T2	pseudogene	857	miniprot
hcurw_V2R022	hcurw	LOC_00010996	ch1	2993538	3000253	6715	neg	intact	T2	pseudogene	857	miniprot
hcurw_V2R023	hcurw	LOC_00010997	ch1	3052343	3067701	15358	pos	intact	T2	pseudogene	864	miniprot
hcurw_V2R024	hcurw	LOC_00010998	ch1	3107266	3113976	6710	neg	intact	T2	pseudogene	857	miniprot
hcurw_V2R025	hcurw	LOC_00010999	ch1	3170155	3175685	5530	pos	intact	T2	functional	755	miniprot
hcurw_V2R026	hcurw	LOC_00011000	ch1	3202048	3210823	8775	pos	intact	T2	functional	773	miniprot
hcurw_V2R027	hcurw	LOC_00011002	ch1	3287976	3297193	9217	pos	intact	T2	functional	865	miniprot
hcurw_V2R028	hcurw	LOC_00011003	ch1	3337056	3352088	15032	neg	intact	T2	pseudogene	847	miniprot
hcurw_V2R029	hcurw	LOC_00011004	ch1	3356951	3357508	557	pos	intact	T2	pseudogene	847	miniprot
hcurw_V2R030	hcurw	LOC_00011005	ch1	3450376	3450913	537	pos	intact	T2	pseudogene	865	miniprot
hcurw_V2R031	hcurw	LOC_00011006	ch1	3467617	3473386	5769	pos	intact	T2	pseudogene	865	miniprot
hcurw_V2R032	hcurw	LOC_00011007	ch1	3511260	3522182	10922	pos	intact	T2	pseudogene	865	miniprot
hcurw_V2R033	hcurw	LOC_00011015	ch1	3980020	3980977	957	neg	intact	T2	functional	856	miniprot
hcurw_V2R034	hcurw	LOC_00011018	ch1	4403433	4423056	19623	neg	intact	T2	functional	888	miniprot
hcurw_V2R035	hcurw	LOC_00011042	ch1	5640882	5642604	1722	neg	intact	T2	pseudogene	729	miniprot
hcurw_V2R036	hcurw	LOC_00011043	ch1	5701157	5713885	12728	neg	intact	T2	functional	1163	miniprot
hcurw_V2R037	hcurw	LOC_00011044	ch1	5755925	5757667	1742	neg	fragmented	T2	partial	336	eviann
hcurw_V2R038	hcurw	LOC_00011046	ch1	5836612	5844322	7710	neg	intact	T2	pseudogene	1163	miniprot
hcurw_V2R039	hcurw	LOC_00011047	ch1	5881025	5882762	1737	neg	intact	T2	pseudogene	1163	miniprot
hcurw_V2R040	hcurw	LOC_00011048	ch1	5906543	5908279	1736	neg	intact	T2	pseudogene	1163	miniprot
hcurw_V2R041	hcurw	LOC_00011049	ch1	5955347	5971291	15944	neg	intact	T2	pseudogene	918	miniprot
hcurw_V2R042	hcurw	LOC_00011050	ch1	5986601	5999699	13098	neg	intact	T2	pseudogene	918	miniprot
hcurw_V2R043	hcurw	LOC_00011052	ch1	6141613	6158225	16612	neg	intact	T2	pseudogene	863	eviann
hcurw_V2R044	hcurw	LOC_00011053	ch1	6220637	6221380	743	pos	fragmented	T2	partial	78	eviann
hcurw_V2R045	hcurw	LOC_00011055	ch1	6326039	6337185	11146	neg	intact	T2	functional	866	miniprot
hcurw_V2R046	hcurw	LOC_00011057	ch1	6396658	6404333	7675	pos	intact	T2	pseudogene	859	miniprot
hcurw_V2R047	hcurw	LOC_00011058	ch1	6647749	6661418	13669	neg	intact	T2	pseudogene	862	miniprot
hcurw_V2R048	hcurw	LOC_00011060	ch1	6837415	6889741	52326	neg	fragmented	T2	partial	337	eviann
hcurw_V2R049	hcurw	LOC_00011062	ch1	7054810	7062817	8007	pos	intact	T2	pseudogene	888	miniprot
hcurw_V2R050	hcurw	LOC_00011063	ch1	7200747	7214402	13655	neg	intact	T2	pseudogene	862	miniprot
hcurw_V2R051	hcurw	LOC_00011065	ch1	7265188	7269238	4050	pos	intact	T2	pseudogene	736	miniprot
hcurw_V2R052	hcurw	LOC_00011066	ch1	7298596	7318839	20243	pos	intact	T2	functional	874	miniprot
hcurw_V2R053	hcurw	LOC_00011068	ch1	7484114	7484651	537	neg	fragmented	T2	partial	316	miniprot
hcurw_V2R054	hcurw	LOC_00011069	ch1	7518171	7519110	939	pos	intact	T2	functional	724	miniprot
hcurw_V2R055	hcurw	LOC_00011070	ch1	7569521	7570505	984	pos	intact	T2	pseudogene	799	miniprot
hcurw_V2R056	hcurw	LOC_00013542	ch1	314873678	315535993	662315	pos	fragmented	T2	partial	911	eviann
hcurw_V2R057	hcurw	LOC_00002784	ch2	323451050	323451959	909	neg	fragmented	T2	partial	302	eviann
hcurw_V2R058	hcurw	LOC_00002785	ch2	323503776	323515464	11688	pos	intact	T2	pseudogene	844	eviann
hcurw_V2R059	hcurw	LOC_00002786	ch2	323647521	323682966	35445	pos	intact	T2	functional	848	eviann
hcurw_V2R060	hcurw	LOC_00002789	ch2	323946177	323947137	960	neg	fragmented	T2	partial	319	eviann
hcurw_V2R061	hcurw	LOC_00002790	ch2	323987241	324003167	15926	pos	intact	T2	functional	856	miniprot
hcurw_V2R062	hcurw	LOC_00002791	ch2	324098340	324108159	9819	pos	intact	T2	pseudogene	863	eviann
hcurw_V2R063	hcurw	LOC_00002801	ch2	325397774	325401174	3400	pos	fragmented	T2	partial	283	eviann
hcurw_V2R064	hcurw	LOC_00002802	ch2	325401560	325403798	2238	pos	fragmented	T2	partial	312	eviann
hcurw_V2R065	hcurw	LOC_00002803	ch2	325459241	325476980	17739	pos	intact	T2	pseudogene	863	eviann
hcurw_V2R066	hcurw	LOC_00002804	ch2	325551764	325553629	1865	pos	fragmented	T2	partial	178	eviann
hcurw_V2R067	hcurw	LOC_00002805	ch2	325633021	325651480	18459	pos	intact	T2	functional	828	eviann
hcurw_V2R068	hcurw	LOC_00002806	ch2	325728199	325744579	16380	pos	intact	T2	functional	828	eviann
hcurw_V2R069	hcurw	LOC_00002807	ch2	325813171	325824243	11072	pos	partial	T2	partial	509	eviann
hcurw_V2R070	hcurw	LOC_00002808	ch2	325912283	325915143	2860	neg	intact	T2	pseudogene	790	miniprot
hcurw_V2R071	hcurw	LOC_00002809	ch2	325938069	325964394	26325	pos	intact	T2	functional	848	eviann
hcurw_V2R072	hcurw	LOC_00002810	ch2	326072791	326083701	10910	neg	intact	T2	functional	851	miniprot
hcurw_V2R073	hcurw	LOC_00002811	ch2	326128804	326145458	16654	neg	intact	T2	functional	851	eviann
hcurw_V2R074	hcurw	LOC_00002817	ch2	326481229	326484246	3017	neg	intact	T2	pseudogene	860	miniprot
hcurw_V2R075	hcurw	LOC_00002818	ch2	326643865	326646899	3034	neg	intact	T2	functional	856	miniprot
hcurw_V2R076	hcurw	LOC_00002819	ch2	326830006	326831946	1940	pos	fragmented	T2	pseudogene	830	miniprot
hcurw_V2R077	hcurw	LOC_00002822	ch2	327142734	327156688	13954	pos	intact	T2	functional	854	eviann
hcurw_V2R078	hcurw	LOC_00002826	ch2	327627698	327651492	23794	pos	intact	T2	functional	870	miniprot
hcurw_V2R079	hcurw	LOC_00002871	ch2	330411375	330432594	21219	neg	intact	T2	pseudogene	870	eviann
hcurw_V2R080	hcurw	LOC_00002872	ch2	330488239	330498385	10146	neg	intact	T2	functional	861	miniprot
hcurw_V2R081	hcurw	LOC_00002873	ch2	330630155	330638437	8282	neg	partial	T2	partial	628	eviann
hcurw_V2R082	hcurw	LOC_00002874	ch2	330867331	330875616	8285	neg	intact	T2	functional	860	miniprot
hcurw_V2R083	hcurw	LOC_00002875	ch2	330926620	330935914	9294	neg	intact	T2	functional	859	miniprot
hcurw_V2R084	hcurw	LOC_00002876	ch2	330967672	330977796	10124	neg	intact	T2	functional	861	miniprot
hcurw_V2R085	hcurw	LOC_00002877	ch2	331000192	331007818	7626	neg	fragmented	T2	pseudogene	468	eviann
hcurw_V2R086	hcurw	LOC_00002878	ch2	331059448	331067083	7635	neg	intact	T2	functional	858	miniprot
hcurw_V2R087	hcurw	LOC_00002879	ch2	331100052	331105626	5574	neg	intact	T2	functional	861	miniprot
hcurw_V2R088	hcurw	LOC_00002880	ch2	331192218	331229577	37359	neg	intact	T2	functional	710	eviann
hcurw_V2R089	hcurw	LOC_00002881	ch2	331237255	331245345	8090	neg	partial	T2	pseudogene	627	eviann
hcurw_V2R090	hcurw	LOC_00002882	ch2	331251502	331268610	17108	neg	partial	T2	pseudogene	391	eviann
hcurw_V2R091	hcurw	LOC_00002906	ch2	331788075	331805177	17102	pos	intact	T2	pseudogene	844	eviann
hcurw_V2R092	hcurw	LOC_00002907	ch2	331829667	331846776	17109	pos	intact	T2	pseudogene	844	eviann
hcurw_V2R093	hcurw	LOC_00002908	ch2	331871219	331888342	17123	pos	intact	T2	pseudogene	844	eviann
hcurw_V2R094	hcurw	LOC_00002909	ch2	331928594	331928891	297	neg	NA	NA	partial	98	NA
hcurw_V2R095	hcurw	LOC_00002910	ch2	331986838	332027931	41093	neg	partial	T2	partial	580	eviann
hcurw_V2R096	hcurw	LOC_00002911	ch2	332081890	332098961	17071	pos	partial	T2	partial	683	eviann
hcurw_V2R097	hcurw	LOC_00002912	ch2	332116093	332117740	1647	neg	fragmented	T2	partial	122	eviann
hcurw_V2R098	hcurw	LOC_00003014	ch2	335476631	335480102	3471	pos	fragmented	T2	partial	359	miniprot
hcurw_V2R099	hcurw	LOC_00003015	ch2	335496169	335509006	12837	pos	fragmented	T2	partial	293	eviann
hcurw_V2R100	hcurw	LOC_00003027	ch2	336126978	336144051	17073	neg	intact	T2	functional	844	eviann
hcurw_V2R101	hcurw	LOC_00003028	ch2	336262730	336289024	26294	pos	partial	T2	partial	578	eviann
hcurw_V2R102	hcurw	LOC_00003175	ch2	340091635	340128696	37061	neg	intact	T2	functional	862	eviann
hcurw_V2R103	hcurw	LOC_00003176	ch2	340182505	340182877	372	pos	fragmented	T2	pseudogene	123	eviann
hcurw_V2R104	hcurw	LOC_00003180	ch2	340445849	340446221	372	neg	fragmented	T2	pseudogene	123	eviann
hcurw_V2R105	hcurw	LOC_00003183	ch2	340685039	340685942	903	neg	fragmented	T2	partial	300	eviann
hcurw_V2R106	hcurw	LOC_00003185	ch2	340872443	340886029	13586	neg	intact	T2	pseudogene	853	eviann
hcurw_V2R107	hcurw	LOC_00003186	ch2	340939331	340951019	11688	neg	partial	T2	partial	591	eviann
hcurw_V2R108	hcurw	LOC_00003187	ch2	341002621	341005774	3153	neg	fragmented	T2	partial	317	eviann
hcurw_V2R109	hcurw	LOC_00003188	ch2	341084216	341093375	9159	neg	fragmented	T2	partial	404	eviann
hcurw_V2R110	hcurw	LOC_00003189	ch2	341108746	341111899	3153	neg	fragmented	T2	partial	317	eviann
hcurw_V2R111	hcurw	LOC_00003190	ch2	341187102	341196261	9159	neg	intact	T2	functional	787	miniprot
hcurw_V2R112	hcurw	LOC_00003191	ch2	341211629	341219521	7892	neg	intact	T2	functional	861	miniprot
hcurw_V2R113	hcurw	LOC_00003192	ch2	341234910	341238063	3153	neg	fragmented	T2	partial	317	eviann
hcurw_V2R114	hcurw	LOC_00003193	ch2	341274740	341283441	8701	pos	fragmented	T2	pseudogene	443	eviann
hcurw_V2R115	hcurw	LOC_00003194	ch2	341367608	341368541	933	pos	intact	T2	pseudogene	838	miniprot
hcurw_V2R116	hcurw	LOC_00003200	ch2	341492299	341500648	8349	pos	intact	T2	pseudogene	856	miniprot
hcurw_V2R117	hcurw	LOC_00003201	ch2	341554845	341555748	903	neg	fragmented	T2	partial	300	eviann
hcurw_V2R118	hcurw	LOC_00003202	ch2	341627881	341634773	6892	neg	intact	T2	pseudogene	853	eviann
hcurw_V2R119	hcurw	LOC_00003203	ch2	341745505	341746659	1154	neg	fragmented	T2	partial	173	eviann
hcurw_V2R120	hcurw	LOC_00003204	ch2	341834298	341843449	9151	neg	intact	T2	functional	861	miniprot
hcurw_V2R121	hcurw	LOC_00003205	ch2	341858845	341875097	16252	neg	intact	T2	functional	861	miniprot
hcurw_V2R122	hcurw	LOC_00003206	ch2	341882129	341898389	16260	neg	intact	T2	functional	861	miniprot
hcurw_V2R123	hcurw	LOC_00003207	ch2	341905436	341913332	7896	neg	intact	T2	functional	861	miniprot
hcurw_V2R124	hcurw	LOC_00003208	ch2	342100274	342101207	933	pos	intact	T2	pseudogene	838	miniprot
hcurw_V2R125	hcurw	LOC_00003245	ch2	343072541	343093883	21342	neg	intact	T2	pseudogene	873	eviann
hcurw_V2R126	hcurw	LOC_00003249	ch2	343535474	343542849	7375	pos	fragmented	T2	partial	222	eviann
hcurw_V2R127	hcurw	LOC_00003250	ch2	343582445	343600544	18099	pos	intact	T2	pseudogene	873	miniprot
hcurw_V2R128	hcurw	LOC_00003251	ch2	343643146	343661669	18523	pos	intact	T2	pseudogene	867	eviann
hcurw_V2R129	hcurw	LOC_00003252	ch2	343688472	343707005	18533	pos	intact	T2	pseudogene	869	miniprot
hcurw_V2R130	hcurw	LOC_00003253	ch2	343734449	343748042	13593	pos	intact	T2	pseudogene	873	miniprot
hcurw_V2R131	hcurw	LOC_00003254	ch2	343908465	343926615	18150	pos	intact	T2	pseudogene	873	miniprot
hcurw_V2R132	hcurw	LOC_00003255	ch2	343949652	343967011	17359	pos	intact	T2	pseudogene	869	miniprot
hcurw_V2R133	hcurw	LOC_00003256	ch2	343987987	344000988	13001	pos	intact	T2	pseudogene	869	miniprot
hcurw_V2R134	hcurw	LOC_00003257	ch2	344039544	344060725	21181	pos	intact	T2	pseudogene	869	miniprot
hcurw_V2R135	hcurw	LOC_00003267	ch2	344254750	344268409	13659	pos	intact	T2	pseudogene	772	miniprot
hcurw_V2R136	hcurw	LOC_00003284	ch2	344637024	344637933	909	pos	fragmented	T2	partial	302	eviann
hcurw_V2R137	hcurw	LOC_00003285	ch2	344758662	344761328	2666	pos	fragmented	T2	partial	166	eviann
hcurw_V2R138	hcurw	LOC_00003286	ch2	344793448	344810059	16611	pos	fragmented	T2	partial	273	miniprot
hcurw_V2R139	hcurw	LOC_00003289	ch2	345008745	345037407	28662	pos	intact	T2	functional	846	eviann
hcurw_V2R140	hcurw	LOC_00003290	ch2	345089141	345089471	330	neg	NA	NA	partial	109	NA
hcurw_V2R141	hcurw	LOC_00003291	ch2	345340884	345371529	30645	pos	intact	T2	functional	848	miniprot
hcurw_V2R142	hcurw	LOC_00003292	ch2	345549513	345552180	2667	pos	fragmented	T2	partial	166	eviann
hcurw_V2R143	hcurw	LOC_00003293	ch2	345617495	345637467	19972	neg	intact	T2	functional	848	miniprot
hcurw_V2R144	hcurw	LOC_00003294	ch2	345663621	345665727	2106	neg	fragmented	T2	partial	108	eviann
hcurw_V2R145	hcurw	LOC_00003335	ch2	346756131	346766757	10626	pos	intact	T2	functional	849	miniprot
hcurw_V2R146	hcurw	LOC_00003337	ch2	346900212	346915050	14838	neg	intact	T2	functional	851	eviann
hcurw_V2R147	hcurw	LOC_00003339	ch2	346957330	346980879	23549	neg	intact	T2	functional	845	miniprot
hcurw_V2R148	hcurw	LOC_00003340	ch2	346998501	347014614	16113	pos	intact	T2	pseudogene	878	miniprot
hcurw_V2R149	hcurw	LOC_00003342	ch2	347256311	347273485	17174	pos	intact	T2	pseudogene	879	miniprot
hcurw_V2R150	hcurw	LOC_00003343	ch2	347352756	347389654	36898	neg	intact	T2	functional	850	miniprot
hcurw_V2R151	hcurw	LOC_00003344	ch2	347417981	347437744	19763	neg	intact	T2	functional	850	eviann
hcurw_V2R152	hcurw	LOC_00003347	ch2	347536062	347730337	194275	pos	intact	T2	functional	850	eviann
hcurw_V2R153	hcurw	LOC_00003352	ch2	347788902	347796629	7727	neg	intact	T2	functional	725	eviann
hcurw_V2R154	hcurw	LOC_00003374	ch2	348408992	348422875	13883	pos	intact	T2	functional	843	miniprot
hcurw_V2R155	hcurw	LOC_00003375	ch2	348442413	348453606	11193	neg	intact	T2	functional	851	eviann
hcurw_V2R156	hcurw	LOC_00003376	ch2	348597352	348616077	18725	neg	intact	T2	functional	850	miniprot
hcurw_V2R157	hcurw	LOC_00003377	ch2	348638428	348658837	20409	pos	intact	T2	functional	843	miniprot
hcurw_V2R158	hcurw	LOC_00003378	ch2	348679620	348690974	11354	neg	intact	T2	functional	851	eviann
hcurw_V2R159	hcurw	LOC_00003379	ch2	348838996	348857733	18737	neg	intact	T2	functional	850	miniprot
hcurw_V2R160	hcurw	LOC_00003380	ch2	348880071	348900538	20467	pos	intact	T2	functional	843	miniprot
hcurw_V2R161	hcurw	LOC_00003381	ch2	348945830	348957826	11996	neg	intact	T2	functional	851	eviann
hcurw_V2R162	hcurw	LOC_00003385	ch2	349227581	349245682	18101	neg	intact	T2	functional	850	miniprot
hcurw_V2R163	hcurw	LOC_00003386	ch2	349283116	349305874	22758	neg	intact	T2	functional	848	eviann
hcurw_V2R164	hcurw	LOC_00003387	ch2	349376830	349404712	27882	pos	intact	T2	functional	851	miniprot
hcurw_V2R165	hcurw	LOC_00003389	ch2	349489802	349508378	18576	pos	fragmented	T2	pseudogene	446	eviann
hcurw_V2R166	hcurw	LOC_00003390	ch2	349665436	349687518	22082	pos	intact	T2	functional	845	miniprot
hcurw_V2R167	hcurw	LOC_00003392	ch2	349802991	349810306	7315	pos	intact	T2	pseudogene	852	miniprot
hcurw_V2R168	hcurw	LOC_00003489	ch2	351797669	351803805	6136	neg	intact	T2	functional	848	miniprot
hcurw_V2R169	hcurw	LOC_00003490	ch2	351836436	351850714	14278	pos	intact	T2	functional	849	eviann
hcurw_V2R170	hcurw	LOC_00003491	ch2	351902779	351921553	18774	pos	intact	T2	functional	859	miniprot
hcurw_V2R171	hcurw	LOC_00003492	ch2	351979081	351994345	15264	neg	intact	T2	functional	846	miniprot
hcurw_V2R172	hcurw	LOC_00003493	ch2	352068678	352083901	15223	neg	intact	T2	functional	846	miniprot
hcurw_V2R173	hcurw	LOC_00003494	ch2	352091277	352104193	12916	pos	intact	T2	functional	773	eviann
hcurw_V2R174	hcurw	LOC_00003496	ch2	352148184	352182188	34004	pos	fragmented	T2	partial	302	eviann
hcurw_V2R175	hcurw	LOC_00003497	ch2	352361613	352374512	12899	pos	intact	T2	functional	773	eviann
hcurw_V2R176	hcurw	LOC_00003498	ch2	352552506	352589809	37303	pos	intact	T2	functional	856	eviann
hcurw_V2R177	hcurw	LOC_00003506	ch2	352829926	352836487	6561	neg	intact	T2	functional	770	miniprot
hcurw_V2R178	hcurw	LOC_00003519	ch2	353874879	353883926	9047	pos	intact	T2	functional	688	eviann
hcurw_V2R179	hcurw	LOC_00003520	ch2	354064987	354074968	9981	pos	intact	T2	functional	773	eviann
hcurw_V2R180	hcurw	LOC_00003522	ch2	354843791	354878809	35018	pos	intact	T2	functional	797	eviann
hcurw_V2R181	hcurw	LOC_00003524	ch2	354917907	354921766	3859	pos	fragmented	T2	partial	166	eviann
hcurw_V2R182	hcurw	LOC_00003526	ch2	355169288	355175574	6286	pos	intact	T2	functional	770	miniprot
hcurw_V2R183	hcurw	LOC_00003527	ch2	355194426	355199208	4782	pos	fragmented	T2	partial	337	eviann
hcurw_V2R184	hcurw	LOC_00003548	ch2	357004761	357042076	37315	pos	intact	T2	functional	847	eviann
hcurw_V2R185	hcurw	LOC_00003552	ch2	357445083	357450107	5024	neg	intact	T2	functional	659	eviann
hcurw_V2R186	hcurw	LOC_00003554	ch2	357519938	357524786	4848	pos	fragmented	T2	partial	395	eviann
hcurw_V2R187	hcurw	LOC_00003556	ch2	357677220	357696769	19549	pos	intact	T2	functional	826	eviann
hcurw_V2R188	hcurw	LOC_00003557	ch2	357725316	357730133	4817	pos	fragmented	T2	partial	395	eviann
hcurw_V2R189	hcurw	LOC_00003591	ch2	358766763	358767672	909	neg	intact	T2	functional	700	miniprot
hcurw_V2R190	hcurw	LOC_00003592	ch2	358921625	358922534	909	neg	fragmented	T2	partial	302	eviann
hcurw_V2R191	hcurw	LOC_00003631	ch2	359680622	359685660	5038	neg	intact	T2	functional	659	eviann
hcurw_V2R192	hcurw	LOC_00003632	ch2	359708047	359754149	46102	pos	intact	T2	functional	847	eviann
hcurw_V2R193	hcurw	LOC_00003633	ch2	359852031	359857156	5125	neg	intact	T2	functional	849	miniprot
hcurw_V2R194	hcurw	LOC_00003634	ch2	359925116	359936132	11016	pos	intact	T2	pseudogene	883	miniprot
hcurw_V2R195	hcurw	LOC_00003636	ch2	360054937	360072215	17278	neg	intact	T2	functional	849	miniprot
hcurw_V2R196	hcurw	LOC_00003637	ch2	360075673	360088385	12712	neg	intact	T2	functional	849	miniprot
hcurw_V2R197	hcurw	LOC_00003638	ch2	360192066	360194351	2285	pos	fragmented	T2	partial	192	eviann
hcurw_V2R198	hcurw	LOC_00003645	ch2	360784657	360800296	15639	neg	intact	T2	functional	849	eviann
hcurw_V2R199	hcurw	LOC_00003646	ch2	360921359	360949950	28591	neg	intact	T2	functional	847	eviann
hcurw_V2R200	hcurw	LOC_00003647	ch2	360985744	360992405	6661	pos	intact	T2	functional	659	eviann
hcurw_V2R201	hcurw	LOC_00003648	ch2	361237155	361247523	10368	neg	intact	T2	functional	849	eviann
hcurw_V2R202	hcurw	LOC_00003654	ch2	361870487	361893921	23434	neg	intact	T2	functional	817	eviann
hcurw_V2R203	hcurw	LOC_00003655	ch2	362233836	362249106	15270	neg	intact	T2	functional	838	eviann
hcurw_V2R204	hcurw	LOC_00003656	ch2	362253519	362261655	8136	neg	intact	T2	pseudogene	659	eviann
hcurw_V2R205	hcurw	LOC_00003659	ch2	362740030	362748144	8114	neg	intact	T2	functional	659	eviann
hcurw_V2R206	hcurw	LOC_00003661	ch2	362824506	362829514	5008	pos	intact	T2	functional	659	eviann
hcurw_V2R207	hcurw	LOC_00003664	ch2	363106097	363118970	12873	pos	partial	T2	pseudogene	529	eviann
hcurw_V2R208	hcurw	LOC_00003667	ch2	363325439	363391479	66040	neg	intact	T2	functional	847	eviann
hcurw_V2R209	hcurw	LOC_00003668	ch2	363422918	363427922	5004	pos	intact	T2	functional	849	miniprot
hcurw_V2R210	hcurw	LOC_00003709	ch2	365156728	365167635	10907	pos	fragmented	T2	partial	512	eviann
hcurw_V2R211	hcurw	LOC_00003712	ch2	366098539	366101385	2846	neg	fragmented	T2	partial	253	eviann
hcurw_V2R212	hcurw	LOC_00003713	ch2	366257862	366276523	18661	pos	intact	T2	functional	850	eviann
hcurw_V2R213	hcurw	LOC_00003714	ch2	366345917	366893911	547994	pos	partial	T2	pseudogene	852	miniprot
hcurw_V2R214	hcurw	LOC_00003717	ch2	366911510	366912809	1299	pos	fragmented	T2	pseudogene	325	eviann
hcurw_V2R215	hcurw	LOC_00003719	ch2	367320017	367321312	1295	neg	intact	T2	pseudogene	811	miniprot
hcurw_V2R216	hcurw	LOC_00003720	ch2	367415846	367430131	14285	neg	intact	T2	functional	850	miniprot
hcurw_V2R217	hcurw	LOC_00003721	ch2	367627619	367641900	14281	neg	intact	T2	functional	850	miniprot
hcurw_V2R218	hcurw	LOC_00003722	ch2	367806594	367810454	3860	pos	intact	T2	functional	843	miniprot
hcurw_V2R219	hcurw	LOC_00003723	ch2	367917331	367931636	14305	pos	intact	T2	functional	850	eviann
hcurw_V2R220	hcurw	LOC_00003725	ch2	368001819	368003117	1298	pos	intact	T2	pseudogene	811	miniprot
hcurw_V2R221	hcurw	LOC_00003726	ch2	368251933	368274224	22291	pos	intact	T2	pseudogene	799	eviann
hcurw_V2R222	hcurw	LOC_00003727	ch2	368640139	368640697	558	pos	fragmented	T2	partial	184	eviann
hcurw_V2R223	hcurw	LOC_00003728	ch2	368646384	368649210	2826	neg	fragmented	T2	partial	253	eviann
hcurw_V2R224	hcurw	LOC_00003729	ch2	368885508	368886806	1298	pos	intact	T2	pseudogene	768	miniprot
hcurw_V2R225	hcurw	LOC_00003730	ch2	369014602	369029036	14434	pos	intact	T2	functional	850	miniprot
hcurw_V2R226	hcurw	LOC_00003731	ch2	369042237	369056529	14292	pos	intact	T2	functional	850	eviann
hcurw_V2R227	hcurw	LOC_00003732	ch2	369149044	369150749	1705	pos	intact	T2	functional	837	miniprot
hcurw_V2R228	hcurw	LOC_00003733	ch2	369275574	369279453	3879	pos	fragmented	T2	partial	308	eviann
hcurw_V2R229	hcurw	LOC_00003734	ch2	369284261	369304598	20337	pos	intact	T2	functional	848	miniprot
hcurw_V2R230	hcurw	LOC_00003735	ch2	369435248	369436546	1298	pos	intact	T2	pseudogene	738	miniprot
hcurw_V2R231	hcurw	LOC_00003815	ch2	375041210	375056229	15019	pos	intact	T2	functional	870	eviann
hcurw_V2R232	hcurw	LOC_00003816	ch2	375203161	375211323	8162	neg	intact	T2	functional	659	eviann
hcurw_V2R233	hcurw	LOC_00003818	ch2	375295424	375308033	12609	pos	intact	T2	functional	847	miniprot
hcurw_V2R234	hcurw	LOC_00003822	ch2	376038457	376042629	4172	pos	fragmented	T2	partial	302	eviann
hcurw_V2R235	hcurw	LOC_00003823	ch2	376192220	376200487	8267	neg	fragmented	T2	partial	178	eviann
hcurw_V2R236	hcurw	LOC_00003835	ch2	378006493	378010419	3926	neg	fragmented	T2	pseudogene	265	eviann
hcurw_V2R237	hcurw	LOC_00003884	ch2	381088884	381106965	18081	neg	intact	T2	functional	863	miniprot
hcurw_V2R238	hcurw	LOC_00004520	ch4	28995091	29008989	13898	neg	intact	T2	functional	851	eviann
hcurw_V2R239	hcurw	LOC_00004521	ch4	29273891	29277023	3132	pos	fragmented	T2	partial	420	eviann
hcurw_V2R240	hcurw	LOC_00004524	ch4	29548221	29552055	3834	neg	fragmented	T2	partial	225	eviann
hcurw_V2R241	hcurw	LOC_00006615	ch4	140256819	140259942	3123	neg	fragmented	T2	partial	386	eviann
hcurw_V2R242	hcurw	LOC_00006616	ch4	140574849	140591587	16738	pos	intact	T2	functional	840	miniprot
hcurw_V2R243	hcurw	LOC_00006617	ch4	140663170	140677557	14387	neg	intact	T2	functional	851	eviann
hcurw_V2R244	hcurw	LOC_00006618	ch4	140770960	140783407	12447	neg	intact	T2	functional	849	eviann
hcurw_V2R245	hcurw	LOC_00006619	ch4	140818978	140850170	31192	neg	fragmented	T2	partial	356	eviann
hcurw_V2R246	hcurw	LOC_00006623	ch4	141158032	141166577	8545	neg	intact	T2	functional	660	eviann
hcurw_V2R247	hcurw	LOC_00006624	ch4	141201957	141209436	7479	neg	fragmented	T2	partial	258	eviann
hcurw_V2R248	hcurw	LOC_00006625	ch4	141236574	141266073	29499	neg	fragmented	T2	pseudogene	351	eviann
hcurw_V2R249	hcurw	LOC_00007388	ch4	177840147	177856732	16585	pos	fragmented	T2	partial	153	eviann
hcurw_V2R250	hcurw	LOC_00008346	ch4	207323719	207325468	1749	neg	fragmented	T2	partial	121	eviann
hcurw_V2R251	hcurw	LOC_00008348	ch4	207450017	207455253	5236	neg	fragmented	T2	partial	282	eviann
hcurw_V2R252	hcurw	LOC_00008351	ch4	207916145	207921059	4914	neg	fragmented	T2	partial	350	eviann
hcurw_V2R253	hcurw	LOC_00008352	ch4	207951490	207959739	8249	pos	fragmented	T2	partial	258	eviann
hcurw_V2R254	hcurw	LOC_00008353	ch4	208475540	208479295	3755	neg	fragmented	T2	partial	350	eviann
hcurw_V2R255	hcurw	LOC_00008354	ch4	208558031	208567707	9676	neg	fragmented	T2	partial	350	eviann
hcurw_V2R256	hcurw	LOC_00008356	ch4	209055551	209186085	130534	pos	fragmented	T2	partial	351	eviann
hcurw_V2R257	hcurw	LOC_00008359	ch4	209221934	209275016	53082	pos	fragmented	T2	partial	257	eviann
hcurw_V2R258	hcurw	LOC_00008360	ch4	209545446	209595985	50539	pos	intact	T2	functional	857	eviann
hcurw_V2R259	hcurw	LOC_00008361	ch4	209681107	209684238	3131	neg	fragmented	T2	partial	350	eviann
hcurw_V2R260	hcurw	LOC_00008363	ch4	209813757	210092550	278793	pos	fragmented	T2	partial	550	eviann
hcurw_V2R261	hcurw	LOC_00008364	ch4	210119620	210122685	3065	neg	fragmented	T2	partial	328	eviann
hcurw_V2R262	hcurw	LOC_00008366	ch4	210619333	210633976	14643	pos	intact	T2	functional	851	eviann
hcurw_V2R263	hcurw	LOC_00008367	ch4	210743782	210754764	10982	neg	fragmented	T2	partial	512	eviann
hcurw_V2R264	hcurw	LOC_00008368	ch4	211094004	211101269	7265	neg	fragmented	T2	partial	258	eviann
hcurw_V2R265	hcurw	LOC_00008371	ch4	212082290	212428847	346557	pos	fragmented	T2	partial	550	eviann
hcurw_V2R266	hcurw	LOC_00008382	ch4	217162639	217169038	6399	neg	fragmented	T2	partial	177	eviann
hcurw_V2R267	hcurw	LOC_00008387	ch4	217593763	217596323	2560	pos	fragmented	T2	partial	151	eviann
hcurw_V2R268	hcurw	LOC_00008388	ch4	217851191	217860967	9776	neg	fragmented	T2	partial	242	eviann
hcurw_V2R269	hcurw	LOC_00008389	ch4	217926792	217952620	25828	neg	fragmented	T2	partial	529	eviann
hcurw_V2R270	hcurw	LOC_00008392	ch4	218291791	218295845	4054	pos	fragmented	T2	partial	328	eviann
hcurw_V2R271	hcurw	LOC_00008393	ch4	218538131	218557008	18877	neg	intact	T2	functional	851	eviann
hcurw_V2R272	hcurw	LOC_00008395	ch4	219166461	219169620	3159	pos	fragmented	T2	partial	328	eviann
hcurw_V2R273	hcurw	LOC_00008401	ch4	220872018	220899987	27969	pos	intact	T2	functional	851	eviann
hcurw_V2R274	hcurw	LOC_00008408	ch4	222748439	222750234	1795	neg	fragmented	T2	partial	115	eviann
hcurw_V2R275	hcurw	LOC_00008409	ch4	222972223	222976469	4246	pos	fragmented	T2	partial	166	miniprot
hcurw_V2R276	hcurw	LOC_00008413	ch4	224211571	224218191	6620	neg	fragmented	T2	partial	242	eviann
hcurw_V2R277	hcurw	LOC_00008414	ch4	224345727	224348848	3121	pos	fragmented	T2	partial	351	eviann
hcurw_V2R278	hcurw	LOC_00008416	ch4	224969546	224971723	2177	neg	fragmented	T2	partial	180	eviann
hcurw_V2R279	hcurw	LOC_00008417	ch4	225513536	225520630	7094	neg	fragmented	T2	partial	134	eviann
hcurw_V2R280	hcurw	LOC_00008418	ch4	225655986	225685623	29637	neg	intact	T2	functional	851	eviann
hcurw_V2R281	hcurw	LOC_00008419	ch4	225718731	225732205	13474	neg	intact	T2	functional	851	eviann
hcurw_V2R282	hcurw	LOC_00008425	ch4	229040682	229235470	194788	pos	fragmented	T2	partial	383	eviann
hcurw_V2R283	hcurw	LOC_00008428	ch4	229363157	229383864	20707	pos	intact	T2	functional	851	eviann
hcurw_V2R284	hcurw	LOC_00008430	ch4	229960607	229983821	23214	neg	fragmented	T2	partial	512	eviann
hcurw_V2R285	hcurw	LOC_00008431	ch4	230031448	230046701	15253	pos	fragmented	T2	partial	512	eviann
hcurw_V2R286	hcurw	LOC_00008434	ch4	230475004	230483899	8895	neg	fragmented	T2	partial	242	eviann
hcurw_V2R287	hcurw	LOC_00008436	ch4	230796024	230803014	6990	neg	fragmented	T2	partial	258	eviann
hcurw_V2R288	hcurw	LOC_00008437	ch4	230891619	230926302	34683	neg	intact	T2	functional	780	eviann
hcurw_V2R289	hcurw	LOC_00008440	ch4	231649361	231658396	9035	neg	fragmented	T2	partial	242	eviann
hcurw_V2R290	hcurw	LOC_00008441	ch4	231747303	231764527	17224	pos	partial	T2	partial	583	eviann
hcurw_V2R291	hcurw	LOC_00008442	ch4	231838607	231863790	25183	pos	fragmented	T2	partial	498	eviann
hcurw_V2R292	hcurw	LOC_00008443	ch4	232117371	232142712	25341	pos	intact	T2	functional	761	eviann
hcurw_V2R293	hcurw	LOC_00008445	ch4	232230787	232250164	19377	neg	intact	T2	functional	850	eviann
hcurw_V2R294	hcurw	LOC_00008449	ch4	234023364	234029899	6535	neg	fragmented	T2	partial	166	miniprot
hcurw_V2R295	hcurw	LOC_00008481	ch4	240429156	240464266	35110	pos	fragmented	T2	partial	550	eviann
hcurw_V2R296	hcurw	LOC_00008482	ch4	242485237	242500441	15204	pos	fragmented	T2	partial	512	eviann
hcurw_V2R297	hcurw	LOC_00008484	ch4	242734281	242748836	14555	pos	fragmented	T2	partial	504	eviann
hcurw_V2R298	hcurw	LOC_00008486	ch4	243451491	243459637	8146	pos	partial	T2	partial	586	eviann
hcurw_V2R299	hcurw	LOC_00008488	ch4	243641891	243648341	6450	neg	fragmented	T2	partial	285	eviann
hcurw_V2R300	hcurw	LOC_00008489	ch4	243696922	243725808	28886	neg	intact	T2	functional	851	eviann
hcurw_V2R301	hcurw	LOC_00008490	ch4	244040904	244051782	10878	neg	fragmented	T2	partial	512	eviann
hcurw_V2R302	hcurw	LOC_00008491	ch4	244261264	244284544	23280	neg	partial	T2	pseudogene	660	eviann
hcurw_V2R303	hcurw	LOC_00008492	ch4	244370598	244379778	9180	neg	fragmented	T2	partial	258	eviann
hcurw_V2R304	hcurw	LOC_00008494	ch4	244492789	244499266	6477	neg	fragmented	T2	partial	285	eviann
hcurw_V2R305	hcurw	LOC_00008496	ch4	244711284	244714405	3121	neg	fragmented	T2	partial	351	eviann
hcurw_V2R306	hcurw	LOC_00008497	ch4	244879839	244900541	20702	pos	intact	T2	functional	830	eviann
hcurw_V2R307	hcurw	LOC_00008498	ch4	245766142	245793670	27528	pos	intact	T2	functional	851	eviann
hcurw_V2R308	hcurw	LOC_00008499	ch4	245820441	245849147	28706	pos	intact	T2	functional	851	eviann
hcurw_V2R309	hcurw	LOC_00008500	ch4	246062040	246069950	7910	pos	fragmented	T2	partial	382	eviann
hcurw_V2R310	hcurw	LOC_00008501	ch4	246108612	246119661	11049	pos	partial	T2	partial	509	eviann
hcurw_V2R311	hcurw	LOC_00008502	ch4	246155545	246161307	5762	neg	fragmented	T2	partial	302	eviann
hcurw_V2R312	hcurw	LOC_00008503	ch4	246238777	246241336	2559	pos	fragmented	T2	partial	362	eviann
hcurw_V2R313	hcurw	LOC_00008504	ch4	246396995	246419862	22867	pos	intact	T2	functional	851	eviann
hcurw_V2R314	hcurw	LOC_00008550	ch4	249425075	249435702	10627	pos	fragmented	T2	partial	258	eviann
hcurw_V2R315	hcurw	LOC_00008552	ch4	249558803	249568797	9994	pos	fragmented	T2	partial	285	eviann
hcurw_V2R316	hcurw	LOC_00008553	ch4	249646943	249655358	8415	pos	fragmented	T2	partial	158	eviann
hcurw_V2R317	hcurw	LOC_00008555	ch4	250772530	251694763	922233	neg	fragmented	T2	partial	550	eviann
hcurw_V2R318	hcurw	LOC_00008560	ch4	251967700	251973800	6100	neg	fragmented	T2	partial	150	eviann
hcurw_V2R319	hcurw	LOC_00008562	ch4	252005857	252012911	7054	neg	fragmented	T2	partial	445	eviann
hcurw_V2R320	hcurw	LOC_00008563	ch4	252274149	252282626	8477	neg	fragmented	T2	partial	285	eviann
hcurw_V2R321	hcurw	LOC_00008564	ch4	252351330	252354443	3113	pos	fragmented	T2	partial	357	eviann
hcurw_V2R322	hcurw	LOC_00008565	ch4	252728969	252735798	6829	neg	fragmented	T2	partial	242	eviann
hcurw_V2R323	hcurw	LOC_00008567	ch4	252776629	252789354	12725	neg	fragmented	T2	partial	455	eviann
hcurw_V2R324	hcurw	LOC_00008568	ch4	253246078	253313732	67654	pos	intact	T2	functional	851	eviann
hcurw_V2R325	hcurw	LOC_00008570	ch4	253538642	253545588	6946	pos	fragmented	T2	partial	242	eviann
hcurw_V2R326	hcurw	LOC_00008572	ch4	253770148	253776739	6591	pos	fragmented	T2	partial	258	eviann
hcurw_V2R327	hcurw	LOC_00008573	ch4	253953981	253982847	28866	pos	intact	T2	functional	851	eviann
hcurw_V2R328	hcurw	LOC_00008621	ch4	255479431	255531945	52514	pos	fragmented	T2	partial	257	eviann
hcurw_V2R329	hcurw	LOC_00008649	ch4	258455529	258468513	12984	pos	intact	T2	functional	857	eviann
hcurw_V2R330	hcurw	LOC_00008650	ch4	258567615	258588308	20693	pos	intact	T2	functional	780	eviann
hcurw_V2R331	hcurw	LOC_00008651	ch4	259063505	259070478	6973	neg	fragmented	T2	partial	285	eviann
hcurw_V2R332	hcurw	LOC_00008652	ch4	259227925	259234626	6701	neg	fragmented	T2	partial	285	eviann
hcurw_V2R333	hcurw	LOC_00008653	ch4	259282575	259304816	22241	neg	intact	T2	functional	856	eviann
hcurw_V2R334	hcurw	LOC_00008654	ch4	259484456	259510070	25614	pos	intact	T2	functional	851	eviann
hcurw_V2R335	hcurw	LOC_00008655	ch4	259610178	259861307	251129	pos	intact	T2	functional	851	eviann
hcurw_V2R336	hcurw	LOC_00008684	ch4	261310185	261315511	5326	neg	fragmented	T2	partial	201	eviann
hcurw_V2R337	hcurw	LOC_00008692	ch4	262966362	262969485	3123	pos	fragmented	T2	partial	351	eviann
hcurw_V2R338	hcurw	LOC_00008700	ch4	263845110	264029992	184882	neg	intact	T2	functional	851	eviann
hcurw_V2R339	hcurw	LOC_00008702	ch4	263927979	263935980	8001	pos	intact	T2	functional	205	eviann
hcurw_V2R340	hcurw	LOC_00019804	ch5	101914041	102151200	237159	neg	intact	T2	pseudogene	851	miniprot
hcurw_V2R341	hcurw	LOC_00019805	ch5	101990603	102006015	15412	neg	intact	T2	pseudogene	851	miniprot
hcurw_V2R342	hcurw	LOC_00019806	ch5	102117989	102133125	15136	neg	intact	T2	pseudogene	851	miniprot
hcurw_V2R343	hcurw	LOC_00019809	ch5	103060739	103066954	6215	pos	fragmented	T2	partial	280	eviann
hcurw_V2R344	hcurw	LOC_00017339	ch7	69093553	69171828	78275	neg	fragmented	T2	partial	153	eviann
hcurw_V2R345	hcurw	LOC_00017495	ch7	84509037	84693540	184503	pos	fragmented	T2	partial	913	eviann
hcurw_V2R346	hcurw	LOC_00014883	chZ	7917763	7936996	19233	pos	intact	T2	pseudogene	876	miniprot
hcurw_V2R347	hcurw	LOC_00014884	chZ	7958580	7966853	8273	pos	intact	T2	pseudogene	876	miniprot
hcurw_V2R348	hcurw	LOC_00014885	chZ	7997357	8026248	28891	pos	intact	T2	functional	867	eviann
hcurw_V2R349	hcurw	LOC_00014886	chZ	8109397	8114154	4757	pos	intact	T2	pseudogene	845	miniprot
hcurw_V2R350	hcurw	LOC_00014887	chZ	8120195	8134010	13815	pos	intact	T2	pseudogene	845	miniprot
hcurw_V2R351	hcurw	LOC_00014888	chZ	8156904	8157417	513	neg	fragmented	T2	pseudogene	170	eviann
hcurw_V2R352	hcurw	LOC_00014889	chZ	8292660	8293590	930	neg	fragmented	T2	pseudogene	812	miniprot
hcurw_V2R353	hcurw	LOC_00014890	chZ	8345405	8362246	16841	neg	intact	T2	pseudogene	840	miniprot
hcurw_V2R354	hcurw	LOC_00014891	chZ	8383413	8384334	921	pos	fragmented	T2	pseudogene	306	eviann
hcurw_V2R355	hcurw	LOC_00014904	chZ	8897421	8919630	22209	pos	intact	T2	pseudogene	857	miniprot
hcurw_V2R356	hcurw	LOC_00014905	chZ	9158982	9173192	14210	pos	intact	T2	pseudogene	869	miniprot
hcurw_V2R357	hcurw	LOC_00014907	chZ	9377718	9393622	15904	pos	intact	T2	functional	848	eviann
hcurw_V2R358	hcurw	LOC_00014911	chZ	9982791	9983688	897	pos	fragmented	T2	pseudogene	762	miniprot
hcurw_V2R359	hcurw	LOC_00014930	chZ	11944733	11958716	13983	neg	intact	T2	pseudogene	876	eviann
hcurw_V2R360	hcurw	LOC_00014932	chZ	12058256	12070479	12223	neg	intact	T2	pseudogene	876	eviann
hcurw_V2R361	hcurw	LOC_00014946	chZ	13338063	13359058	20995	pos	intact	T2	pseudogene	863	miniprot
hcurw_V2R362	hcurw	LOC_00014947	chZ	13427347	13457624	30277	pos	intact	T2	pseudogene	907	eviann
hcurw_V2R363	hcurw	LOC_00014948	chZ	13498634	13539952	41318	pos	intact	T2	pseudogene	907	eviann
hcurw_V2R364	hcurw	LOC_00014949	chZ	13594816	13599509	4693	pos	fragmented	T2	pseudogene	258	miniprot
hcurw_V2R365	hcurw	LOC_00014950	chZ	13724827	13801480	76653	neg	intact	T2	pseudogene	920	miniprot
hcurw_V2R366	hcurw	LOC_00014991	chZ	15354100	15354472	372	neg	NA	NA	partial	123	NA
hcurw_V2R367	hcurw	LOC_00014993	chZ	15455394	15457158	1764	neg	fragmented	T2	pseudogene	796	miniprot
hcurw_V2R368	hcurw	LOC_00014994	chZ	15493818	15494136	318	neg	NA	NA	partial	105	NA
hcurw_V2R369	hcurw	LOC_00014995	chZ	15524931	15525828	897	neg	intact	T2	pseudogene	879	miniprot
hcurw_V2R370	hcurw	LOC_00014996	chZ	15616748	15617645	897	neg	fragmented	T2	partial	298	eviann
hcurw_V2R371	hcurw	LOC_00014997	chZ	15751863	15808134	56271	pos	intact	T2	pseudogene	879	miniprot
hcurw_V2R372	hcurw	LOC_00014998	chZ	15774846	15791252	16406	pos	intact	T2	pseudogene	879	miniprot
hcurw_V2R373	hcurw	LOC_00014999	chZ	16003457	16011775	8318	neg	intact	T2	functional	871	eviann
hcurw_V2R374	hcurw	LOC_00015001	chZ	16185242	16199110	13868	pos	intact	T2	pseudogene	874	miniprot
hcurw_V2R375	hcurw	LOC_00015003	chZ	16452662	16454435	1773	pos	intact	T2	pseudogene	863	miniprot
hcurw_V2R376	hcurw	LOC_00015005	chZ	16957816	16966035	8219	neg	intact	T2	pseudogene	845	eviann
hcurw_V2R377	hcurw	LOC_00015006	chZ	17199932	17201338	1406	neg	fragmented	T2	pseudogene	160	eviann
hcurw_V2R378	hcurw	LOC_00015008	chZ	17212064	17213459	1395	neg	intact	T2	pseudogene	869	miniprot
hcurw_V2R379	hcurw	LOC_00015011	chZ	17242636	17246625	3989	neg	fragmented	T2	partial	363	eviann
hcurw_V2R380	hcurw	LOC_00015012	chZ	17266921	17270994	4073	neg	intact	T2	pseudogene	863	miniprot
hcurw_V2R381	hcurw	LOC_00015013	chZ	17419055	17425420	6365	neg	intact	T2	pseudogene	875	miniprot
hcurw_V2R382	hcurw	LOC_00015014	chZ	17629021	17644220	15199	pos	intact	T2	functional	885	eviann
hcurw_V2R383	hcurw	LOC_00015016	chZ	18244261	18269372	25111	neg	intact	T2	pseudogene	869	miniprot
hcurw_V2R384	hcurw	LOC_00015017	chZ	18308732	18325688	16956	neg	intact	T2	pseudogene	869	miniprot
hcurw_V2R385	hcurw	LOC_00015018	chZ	18376144	18376900	756	neg	intact	T2	pseudogene	839	miniprot
hcurw_V2R386	hcurw	LOC_00015019	chZ	18460926	18467652	6726	pos	intact	T2	pseudogene	876	miniprot
hcurw_V2R387	hcurw	LOC_00015028	chZ	18839332	18846177	6845	pos	intact	T2	pseudogene	876	miniprot
hcurw_V2R388	hcurw	LOC_00015029	chZ	18869279	18883752	14473	pos	intact	T2	pseudogene	878	eviann
hcurw_V2R389	hcurw	LOC_00015030	chZ	19010368	19021814	11446	pos	intact	T2	functional	871	eviann
hcurw_V2R390	hcurw	LOC_00015032	chZ	19352654	19361125	8471	neg	intact	T2	pseudogene	875	miniprot
hcurw_V2R391	hcurw	LOC_00015033	chZ	19391212	19396772	5560	neg	intact	T2	pseudogene	875	miniprot
hcurw_V2R392	hcurw	LOC_00015034	chZ	19513715	19529775	16060	neg	intact	T2	pseudogene	788	eviann
hcurw_V2R393	hcurw	LOC_00015035	chZ	19636544	19655406	18862	pos	intact	T2	functional	872	miniprot
hcurw_V2R394	hcurw	LOC_00015036	chZ	19699222	19707722	8500	pos	fragmented	T2	partial	303	eviann
hcurw_V2R395	hcurw	LOC_00015084	chZ	21647231	21666784	19553	pos	intact	T2	functional	900	miniprot
hcurw_V2R396	hcurw	LOC_00015085	chZ	21690693	21710787	20094	pos	intact	T2	pseudogene	899	miniprot
hcurw_V2R397	hcurw	LOC_00015087	chZ	21834382	21862960	28578	neg	intact	T2	functional	882	eviann
hcurw_V2R398	hcurw	LOC_00015088	chZ	21991028	21999100	8072	neg	intact	T2	functional	882	miniprot
hcurw_V2R399	hcurw	LOC_00015089	chZ	22033837	22054871	21034	neg	intact	T2	pseudogene	869	miniprot
hcurw_V2R400	hcurw	LOC_00015090	chZ	22200692	22201467	775	pos	fragmented	T2	partial	171	eviann
hcurw_V2R401	hcurw	LOC_00015091	chZ	22272509	22290300	17791	pos	partial	T2	pseudogene	701	miniprot
hcurw_V2R402	hcurw	LOC_00015093	chZ	22422673	22439281	16608	neg	intact	T2	functional	869	miniprot
hcurw_V2R403	hcurw	LOC_00015396	chZ	34046105	34061457	15352	neg	intact	T2	pseudogene	843	miniprot
hcurw_V2R404	hcurw	LOC_00015397	chZ	34066032	34066329	297	neg	fragmented	T2	pseudogene	397	miniprot
hcurw_V2R405	hcurw	LOC_00015401	chZ	34505909	34527302	21393	pos	intact	T2	pseudogene	871	eviann
hcurw_V2R406	hcurw	LOC_00015403	chZ	34586934	34645533	58599	pos	intact	T2	pseudogene	845	miniprot
hcurw_V2R407	hcurw	LOC_00015404	chZ	34724906	34725818	912	neg	fragmented	T2	pseudogene	974	miniprot
hcurw_V2R408	hcurw	LOC_00015405	chZ	34860648	34886531	25883	neg	intact	T2	pseudogene	837	miniprot
hcurw_V2R409	hcurw	LOC_00015406	chZ	34992623	34993529	906	neg	intact	T2	pseudogene	865	miniprot
hcurw_V2R410	hcurw	LOC_00015407	chZ	35151624	35152530	906	neg	fragmented	T2	pseudogene	300	eviann
hcurw_V2R411	hcurw	LOC_00015408	chZ	35172704	35176313	3609	neg	fragmented	T2	pseudogene	163	eviann
hcurw_V2R412	hcurw	LOC_00015409	chZ	35268139	35269042	903	neg	fragmented	T2	pseudogene	299	eviann
hcurw_V2R413	hcurw	LOC_00015411	chZ	35334850	35337202	2352	neg	intact	T2	pseudogene	788	miniprot
hcurw_V2R414	hcurw	LOC_00015413	chZ	35586570	35587404	834	pos	fragmented	T2	partial	277	eviann
hcurw_V2R415	hcurw	LOC_00015414	chZ	35766625	35767525	900	neg	fragmented	T2	pseudogene	299	eviann
hcurw_V2R416	hcurw	LOC_00015416	chZ	35838157	35855943	17786	pos	intact	T2	pseudogene	878	miniprot
hcurw_V2R417	hcurw	LOC_00015417	chZ	35863416	35867559	4143	pos	intact	T2	pseudogene	878	miniprot
hcurw_V2R418	hcurw	LOC_00015441	chZ	37131544	37132441	897	neg	fragmented	T2	partial	298	eviann
hcurw_V2R419	hcurw	LOC_00015445	chZ	37471557	37495315	23758	pos	intact	T2	pseudogene	884	miniprot
hcurw_V2R420	hcurw	LOC_00015467	chZ	38794222	38798682	4460	pos	intact	T2	pseudogene	874	miniprot
hcurw_V2R421	hcurw	LOC_00015468	chZ	38843025	38847473	4448	pos	intact	T2	pseudogene	874	miniprot
hcurw_V2R422	hcurw	LOC_00015469	chZ	38947243	38951697	4454	pos	intact	T2	pseudogene	874	miniprot
hcurw_V2R423	hcurw	LOC_00016655	chZ	182780770	182793780	13010	pos	fragmented	T2	partial	397	eviann
hcurw_V2R424	hcurw	LOC_00016656	chZ	182811109	182822231	11122	pos	intact	T2	functional	660	eviann
hcurw_V2R425	hcurw	LOC_00016662	chZ	183299785	183300553	768	pos	fragmented	T2	partial	255	eviann
hcurw_V2R426	hcurw	LOC_00016664	chZ	183568811	183571348	2537	pos	fragmented	T2	partial	362	eviann
hcurw_V2R427	hcurw	LOC_00016667	chZ	184055918	184083595	27677	neg	partial	T2	partial	673	eviann
hcurw_V2R428	hcurw	LOC_00016669	chZ	184166071	184168232	2161	neg	fragmented	T2	partial	356	eviann
hcurw_V2R429	hcurw	LOC_00016670	chZ	184179613	184184644	5031	neg	fragmented	T2	partial	397	eviann
hcurw_V2R430	hcurw	LOC_00016672	chZ	184515286	184726007	210721	pos	fragmented	T2	partial	397	eviann
hcurw_V2R431	hcurw	LOC_00016681	chZ	185565169	185568699	3530	pos	fragmented	T2	partial	155	eviann
hcurw_V2R432	hcurw	LOC_00016682	chZ	185619739	185634965	15226	neg	intact	T2	functional	841	eviann
hcurw_V2R433	hcurw	LOC_00016684	chZ	185721692	185732927	11235	neg	fragmented	T2	partial	445	eviann
hcurw_V2R434	hcurw	LOC_00016685	chZ	185782349	185878292	95943	pos	fragmented	T2	partial	388	eviann
hcurw_V2R435	hcurw	LOC_00016687	chZ	186013401	186026852	13451	neg	fragmented	T2	partial	511	eviann
hcurw_V2R436	hcurw	LOC_00016691	chZ	186791122	186796153	5031	neg	fragmented	T2	partial	330	eviann
hcurw_V2R437	hcurw	LOC_00016694	chZ	186948679	186952461	3782	neg	fragmented	T2	partial	355	eviann
hcurw_V2R438	hcurw	LOC_00016696	chZ	186997808	187019952	22144	pos	intact	T2	functional	849	eviann
hcurw_V2R439	hcurw	LOC_00016699	chZ	187254174	187258116	3942	neg	intact	T2	functional	849	miniprot
hcurw_V2R440	hcurw	LOC_00016701	chZ	187325092	187424763	99671	pos	intact	T2	functional	359	eviann
hcurw_V2R441	hcurw	LOC_00016702	chZ	187370573	187393485	22912	pos	intact	T2	functional	847	eviann
hcurw_V2R442	hcurw	LOC_00016704	chZ	187579258	187591702	12444	pos	fragmented	T2	partial	391	eviann
hcurw_V2R443	hcurw	LOC_00016705	chZ	187615338	187621707	6369	pos	fragmented	T2	partial	397	eviann
hcurw_V2R444	hcurw	LOC_00016706	chZ	187637219	187653957	16738	pos	intact	T2	functional	693	eviann
hcurw_V2R445	hcurw	LOC_00016707	chZ	187672968	187673736	768	pos	fragmented	T2	partial	255	eviann
hcurw_V2R446	hcurw	LOC_00016708	chZ	187832322	187844748	12426	pos	intact	T2	functional	837	miniprot
hcurw_V2R447	hcurw	LOC_00016709	chZ	187914205	187926378	12173	pos	intact	T2	functional	849	eviann
hcurw_V2R448	hcurw	LOC_00016710	chZ	187958643	187970933	12290	neg	intact	T2	functional	761	eviann
hcurw_V2R449	hcurw	LOC_00016712	chZ	188024324	188026487	2163	pos	fragmented	T2	partial	356	eviann
hcurw_V2R450	hcurw	LOC_00016715	chZ	188223039	188239774	16735	pos	intact	T2	functional	849	eviann
hcurw_V2R451	hcurw	LOC_00016724	chZ	189328197	189345738	17541	neg	intact	T2	functional	739	eviann
hcurw_V2R452	hcurw	LOC_00016727	chZ	189669101	189671727	2626	neg	fragmented	T2	partial	120	eviann
hcurw_V2R453	hcurw	LOC_00016734	chZ	190454957	190461800	6843	neg	fragmented	T2	partial	180	eviann
hcurw_V2R454	hcurw	LOC_00016735	chZ	190680834	190684751	3917	pos	fragmented	T2	partial	403	eviann
hcurw_V2R455	hcurw	LOC_00016736	chZ	190726022	190823527	97505	pos	fragmented	T2	partial	357	eviann
hcurw_V2R456	hcurw	LOC_00016737	chZ	190920857	190923698	2841	pos	fragmented	T2	partial	411	eviann
hcurw_V2R457	hcurw	LOC_00016738	chZ	190959538	190961712	2174	neg	fragmented	T2	partial	356	eviann
hcurw_V2R458	hcurw	LOC_00016743	chZ	191541743	191544428	2685	neg	fragmented	T2	partial	117	eviann
hcurw_V2R459	hcurw	LOC_00016744	chZ	191584909	191775405	190496	pos	fragmented	T2	partial	357	eviann
hcurw_V2R460	hcurw	LOC_00016746	chZ	191868102	191872910	4808	neg	fragmented	T2	partial	442	eviann
hcurw_V2R461	hcurw	LOC_00016747	chZ	191910109	191925726	15617	neg	intact	T2	functional	842	miniprot
hcurw_V2R462	hcurw	LOC_00016748	chZ	191986377	192009715	23338	pos	intact	T2	functional	660	eviann
hcurw_V2R463	hcurw	LOC_00016749	chZ	192121832	192138031	16199	pos	intact	T2	functional	660	eviann
hcurw_V2R464	hcurw	LOC_00016756	chZ	192515767	192528672	12905	neg	intact	T2	functional	850	eviann
hcurw_V2R465	hcurw	LOC_00016757	chZ	192546826	192593400	46574	pos	intact	T2	functional	850	eviann
hcurw_V2R466	hcurw	LOC_00016759	chZ	192849807	192870210	20403	pos	intact	T2	functional	660	eviann
hcurw_V2R467	hcurw	LOC_00016760	chZ	193003970	193027347	23377	pos	partial	T2	partial	589	eviann
hcurw_V2R468	hcurw	LOC_00016762	chZ	193247642	193263252	15610	neg	fragmented	T2	partial	445	eviann
hcurw_V2R469	hcurw	LOC_00016767	chZ	193510903	193527641	16738	pos	intact	T2	functional	849	eviann
hcurw_V2R470	hcurw	LOC_00016771	chZ	194070277	194072349	2072	neg	fragmented	T2	partial	322	eviann
hcurw_V2R471	hcurw	LOC_00016773	chZ	194181418	194188550	7132	pos	fragmented	T2	partial	442	eviann
hcurw_V2R472	hcurw	LOC_00016774	chZ	194305828	194308002	2174	neg	intact	T2	functional	846	miniprot
hcurw_V2R473	hcurw	LOC_00016778	chZ	194427490	194433981	6491	neg	fragmented	T2	partial	397	eviann
hcurw_V2R474	hcurw	LOC_00016779	chZ	194437732	194488832	51100	neg	fragmented	T2	partial	255	eviann
hcurw_V2R475	hcurw	LOC_00016781	chZ	194711000	194952172	241172	pos	fragmented	T2	partial	397	eviann
hcurw_V2R476	hcurw	LOC_00016788	chZ	195428315	195441590	13275	neg	intact	T2	functional	849	eviann
hcurw_V2R477	hcurw	LOC_00016792	chZ	195710883	195811578	100695	pos	intact	T2	functional	660	eviann
hcurw_V2R478	hcurw	LOC_00016794	chZ	195748034	195749314	1280	neg	intact	T2	functional	202	eviann
hcurw_V2R479	hcurw	LOC_00016795	chZ	195845683	195847863	2180	pos	fragmented	T2	partial	363	eviann
hcurw_V2R480	hcurw	LOC_00016797	chZ	196088388	196091743	3355	neg	fragmented	T2	partial	383	eviann
hcurw_V2R481	hcurw	LOC_00016799	chZ	196263427	196320236	56809	pos	intact	T2	functional	740	eviann
hcurw_V2R482	hcurw	LOC_00016803	chZ	196676922	196679078	2156	neg	fragmented	T2	partial	322	eviann
hcurw_V2R483	hcurw	LOC_00016805	chZ	196778066	196784437	6371	pos	intact	T2	functional	660	eviann
hcurw_V2R484	hcurw	LOC_00016807	chZ	196997479	197009625	12146	pos	intact	T2	functional	849	eviann
hcurw_V2R485	hcurw	LOC_00016809	chZ	197425461	197843262	417801	neg	fragmented	T2	partial	357	eviann
hcurw_V2R486	hcurw	LOC_00016813	chZ	197873134	197877425	4291	neg	partial	T2	partial	623	eviann
hcurw_V2R487	hcurw	LOC_00016817	chZ	198375904	198391796	15892	neg	intact	T2	functional	761	eviann
hcurw_V2R488	hcurw	LOC_00016818	chZ	198544120	198573811	29691	pos	intact	T2	functional	766	eviann
hcurw_V2R489	hcurw	LOC_00016820	chZ	198671835	198682973	11138	pos	intact	T2	functional	837	miniprot
hcurw_V2R490	hcurw	LOC_00016821	chZ	198729172	198741643	12471	pos	intact	T2	functional	849	miniprot
hcurw_V2R491	hcurw	LOC_00016822	chZ	198786614	198897843	111229	pos	fragmented	T2	partial	432	eviann
hcurw_V2R492	hcurw	LOC_00016823	chZ	198916209	198932157	15948	pos	intact	T2	functional	663	eviann
hcurw_V2R493	hcurw	LOC_00016825	chZ	199381395	199383875	2480	neg	fragmented	T2	partial	288	eviann
hcurw_V2R494	hcurw	LOC_00016826	chZ	199405537	199408586	3049	neg	fragmented	T2	partial	364	eviann
hcurw_V2R495	hcurw	LOC_00016828	chZ	199594796	199599256	4460	pos	fragmented	T2	pseudogene	441	eviann
hcurw_V2R496	hcurw	LOC_00016831	chZ	199726253	199796653	70400	neg	intact	T2	functional	660	eviann
hcurw_V2R497	hcurw	LOC_00016834	chZ	200170071	200197771	27700	neg	partial	T2	partial	675	eviann
hcurw_V2R498	hcurw	LOC_00016835	chZ	200207390	200232545	25155	neg	intact	T2	functional	848	eviann
hcurw_V2R499	hcurw	LOC_00016841	chZ	200616549	200619233	2684	neg	fragmented	T2	partial	364	eviann
hcurw_V2R500	hcurw	LOC_00016842	chZ	200835726	200851326	15600	pos	intact	T2	functional	841	eviann
hcurw_V2R501	hcurw	LOC_00016843	chZ	200914419	200917716	3297	pos	fragmented	T2	partial	242	eviann
hcurw_V2R502	hcurw	LOC_00016846	chZ	201193221	201199755	6534	neg	fragmented	T2	partial	199	eviann
hcurw_V2R503	hcurw	LOC_00016848	chZ	201304686	201321506	16820	pos	intact	T2	functional	850	eviann
hcurw_V2R504	hcurw	LOC_00016849	chZ	201340114	201352165	12051	pos	intact	T2	functional	761	eviann
hcurw_V2R505	hcurw	LOC_00016850	chZ	201457992	201461207	3215	pos	fragmented	T2	partial	267	eviann
hcurw_V2R506	hcurw	LOC_00016854	chZ	201577853	201580317	2464	neg	fragmented	T2	partial	350	eviann
hcurw_V2R507	hcurw	LOC_00016856	chZ	202019723	202033113	13390	pos	intact	T2	functional	856	eviann
hcurw_V2R508	hcurw	LOC_00016857	chZ	202124409	202129298	4889	neg	fragmented	T2	partial	201	eviann
hcurw_V2R509	hcurw	LOC_00016858	chZ	202167334	202181055	13721	neg	fragmented	T2	partial	515	eviann
hcurw_V2R510	hcurw	LOC_00020790	scaffold_1	208415	702177	493762	neg	fragmented	T2	partial	376	eviann
hcurw_V2R511	hcurw	LOC_00020791	scaffold_1	626247	679453	53206	pos	fragmented	T2	partial	529	eviann
hcurw_V2R512	hcurw	LOC_00020792	scaffold_1	691382	719621	28239	pos	fragmented	T2	partial	356	eviann
hcurw_V2R513	hcurw	LOC_00020793	scaffold_1	866616	880993	14377	pos	intact	T2	functional	759	eviann
horn_V2R001	horn	LOC_00015346	ch1	18043696	18044439	743	neg	fragmented	T2	partial	78	eviann
horn_V2R002	horn	LOC_00015347	ch1	18072254	18085882	13628	pos	intact	T2	pseudogene	842	miniprot
horn_V2R003	horn	LOC_00015348	ch1	18193102	18209687	16585	pos	intact	T2	pseudogene	842	miniprot
horn_V2R004	horn	LOC_00015350	ch1	18305221	18318856	13635	pos	intact	T2	functional	842	miniprot
horn_V2R005	horn	LOC_00015351	ch1	18415826	18429396	13570	pos	intact	T2	pseudogene	840	miniprot
horn_V2R006	horn	LOC_00015352	ch1	18488059	18501170	13111	pos	intact	T2	pseudogene	864	miniprot
horn_V2R007	horn	LOC_00015353	ch1	18667912	18669658	1746	pos	intact	T2	pseudogene	1164	miniprot
horn_V2R008	horn	LOC_00015354	ch1	18731657	18744927	13270	pos	intact	T2	pseudogene	1164	miniprot
horn_V2R009	horn	LOC_00015355	ch1	18815239	18828119	12880	pos	intact	T2	pseudogene	867	miniprot
horn_V2R010	horn	LOC_00015356	ch1	18843159	18855628	12469	pos	intact	T2	pseudogene	867	miniprot
horn_V2R011	horn	LOC_00015357	ch1	18881384	18883307	1923	pos	intact	T2	pseudogene	867	miniprot
horn_V2R012	horn	LOC_00015358	ch1	18965753	18978501	12748	pos	intact	T2	pseudogene	867	eviann
horn_V2R013	horn	LOC_00015359	ch1	18995678	19000294	4616	pos	intact	T2	pseudogene	432	eviann
horn_V2R014	horn	LOC_00015360	ch1	19026096	19027827	1731	pos	intact	T2	pseudogene	336	eviann
horn_V2R015	horn	LOC_00015362	ch1	19105433	19116353	10920	pos	intact	T2	pseudogene	866	eviann
horn_V2R016	horn	LOC_00015445	ch1	21964056	21981540	17484	pos	intact	T2	pseudogene	866	miniprot
horn_V2R017	horn	LOC_00015446	ch1	22016881	22023593	6712	neg	partial	T2	partial	633	eviann
horn_V2R018	horn	LOC_00015447	ch1	22102514	22117502	14988	neg	intact	T2	pseudogene	856	miniprot
horn_V2R019	horn	LOC_00015448	ch1	22159469	22160026	557	pos	intact	T2	pseudogene	865	miniprot
horn_V2R020	horn	LOC_00015449	ch1	22192275	22201525	9250	pos	intact	T2	pseudogene	865	miniprot
horn_V2R021	horn	LOC_00015450	ch1	22260251	22260788	537	pos	intact	T2	pseudogene	864	miniprot
horn_V2R022	horn	LOC_00015451	ch1	22643668	22663302	19634	pos	intact	T2	pseudogene	863	miniprot
horn_V2R023	horn	LOC_00015452	ch1	22699156	22707690	8534	pos	intact	T2	pseudogene	865	miniprot
horn_V2R024	horn	LOC_00015453	ch1	22724103	22732834	8731	pos	intact	T2	functional	850	miniprot
horn_V2R025	horn	LOC_00015454	ch1	22985995	23000702	14707	pos	intact	T2	pseudogene	863	miniprot
horn_V2R026	horn	LOC_00015456	ch1	23205141	23207567	2426	pos	intact	T2	pseudogene	866	miniprot
horn_V2R027	horn	LOC_00015457	ch1	23419971	23423014	3043	neg	intact	T2	functional	874	miniprot
horn_V2R028	horn	LOC_00015458	ch1	23528525	23540487	11962	pos	intact	T2	functional	863	miniprot
horn_V2R029	horn	LOC_00015459	ch1	23651972	23656644	4672	neg	fragmented	T2	partial	372	eviann
horn_V2R030	horn	LOC_00015460	ch1	23715444	23729862	14418	pos	intact	T2	functional	742	miniprot
horn_V2R031	horn	LOC_00015462	ch1	23787867	23801528	13661	neg	intact	T2	pseudogene	862	miniprot
horn_V2R032	horn	LOC_00015464	ch1	24151143	24172763	21620	pos	intact	T2	functional	855	miniprot
horn_V2R033	horn	LOC_00015465	ch1	24248907	24256874	7967	neg	intact	T2	pseudogene	867	eviann
horn_V2R034	horn	LOC_00015466	ch1	24290856	24299964	9108	pos	intact	T2	functional	866	miniprot
horn_V2R035	horn	LOC_00013826	ch1	309548199	310206901	658702	pos	fragmented	T2	partial	911	eviann
horn_V2R036	horn	LOC_00012483	ch2	322444982	322460947	15965	pos	intact	T2	functional	866	miniprot
horn_V2R037	horn	LOC_00012491	ch2	323186765	323208612	21847	neg	intact	T2	functional	829	eviann
horn_V2R038	horn	LOC_00012492	ch2	323377451	323393936	16485	neg	intact	T2	functional	828	eviann
horn_V2R039	horn	LOC_00012493	ch2	323559788	323577119	17331	neg	intact	T2	functional	829	eviann
horn_V2R040	horn	LOC_00012494	ch2	323766096	323769328	3232	neg	intact	T2	pseudogene	813	miniprot
horn_V2R041	horn	LOC_00012496	ch2	323836170	323843852	7682	pos	intact	T2	functional	860	eviann
horn_V2R042	horn	LOC_00012497	ch2	323924290	323952748	28458	neg	intact	T2	functional	856	eviann
horn_V2R043	horn	LOC_00012498	ch2	323994995	324002678	7683	pos	intact	T2	functional	860	eviann
horn_V2R044	horn	LOC_00012499	ch2	324082654	324098376	15722	neg	intact	T2	functional	863	eviann
horn_V2R045	horn	LOC_00012540	ch2	326574465	326586150	11685	neg	intact	T2	functional	844	eviann
horn_V2R046	horn	LOC_00012601	ch2	329976782	329992996	16214	neg	intact	T2	pseudogene	870	eviann
horn_V2R047	horn	LOC_00012604	ch2	330133422	330149580	16158	neg	intact	T2	pseudogene	870	eviann
horn_V2R048	horn	LOC_00012605	ch2	330183352	330188987	5635	neg	intact	T2	functional	861	miniprot
horn_V2R049	horn	LOC_00012606	ch2	330202100	330209742	7642	neg	intact	T2	functional	859	miniprot
horn_V2R050	horn	LOC_00012607	ch2	330242060	330252307	10247	neg	fragmented	T2	partial	409	eviann
horn_V2R051	horn	LOC_00012608	ch2	330265484	330273107	7623	neg	intact	T2	functional	859	miniprot
horn_V2R052	horn	LOC_00012609	ch2	330322397	330328048	5651	neg	intact	T2	functional	861	miniprot
horn_V2R053	horn	LOC_00012610	ch2	330341188	330348788	7600	neg	intact	T2	pseudogene	859	miniprot
horn_V2R054	horn	LOC_00012611	ch2	330353958	330374045	20087	neg	intact	T2	pseudogene	859	miniprot
horn_V2R055	horn	LOC_00012637	ch2	330985616	330985913	297	pos	NA	NA	partial	98	NA
horn_V2R056	horn	LOC_00012638	ch2	331003999	331008343	4344	pos	fragmented	T2	partial	122	eviann
horn_V2R057	horn	LOC_00012642	ch2	331389571	331401146	11575	neg	fragmented	T2	partial	369	eviann
horn_V2R058	horn	LOC_00012643	ch2	331723960	331735968	12008	pos	intact	T2	functional	773	eviann
horn_V2R059	horn	LOC_00012644	ch2	331798501	331813258	14757	neg	intact	T2	functional	848	miniprot
horn_V2R060	horn	LOC_00012646	ch2	331878442	331892403	13961	pos	intact	T2	functional	688	eviann
horn_V2R061	horn	LOC_00012647	ch2	332054339	332069047	14708	neg	intact	T2	functional	848	miniprot
horn_V2R062	horn	LOC_00012648	ch2	332113993	332130332	16339	neg	intact	T2	functional	849	eviann
horn_V2R063	horn	LOC_00012649	ch2	332283031	332292088	9057	pos	intact	T2	functional	688	eviann
horn_V2R064	horn	LOC_00012651	ch2	332377360	332389463	12103	pos	intact	T2	functional	773	eviann
horn_V2R065	horn	LOC_00012652	ch2	332470462	332484768	14306	neg	intact	T2	functional	848	miniprot
horn_V2R066	horn	LOC_00012653	ch2	332492118	332502123	10005	pos	intact	T2	functional	773	eviann
horn_V2R067	horn	LOC_00012654	ch2	332582319	332605887	23568	neg	intact	T2	functional	849	eviann
horn_V2R068	horn	LOC_00012655	ch2	332668674	332690390	21716	neg	intact	T2	functional	848	miniprot
horn_V2R069	horn	LOC_00012657	ch2	332926411	332927320	909	pos	fragmented	T2	pseudogene	302	eviann
horn_V2R070	horn	LOC_00012658	ch2	333035366	333042399	7033	neg	fragmented	T2	partial	260	eviann
horn_V2R071	horn	LOC_00012659	ch2	333047918	333057904	9986	pos	intact	T2	functional	773	eviann
horn_V2R072	horn	LOC_00012660	ch2	333120194	333121103	909	pos	intact	T2	functional	854	miniprot
horn_V2R073	horn	LOC_00012662	ch2	333170572	333186968	16396	neg	intact	T2	functional	849	eviann
horn_V2R074	horn	LOC_00012670	ch2	333360158	333366441	6283	neg	fragmented	T2	partial	428	eviann
horn_V2R075	horn	LOC_00012690	ch2	334424085	334429571	5486	pos	fragmented	T2	partial	373	eviann
horn_V2R076	horn	LOC_00012694	ch2	334611136	334617420	6284	pos	intact	T2	pseudogene	620	eviann
horn_V2R077	horn	LOC_00012695	ch2	334622795	334633709	10914	pos	intact	T2	pseudogene	845	eviann
horn_V2R078	horn	LOC_00012697	ch2	334770035	334787134	17099	pos	intact	T2	functional	845	eviann
horn_V2R079	horn	LOC_00012698	ch2	334961404	334978501	17097	pos	intact	T2	pseudogene	844	eviann
horn_V2R080	horn	LOC_00012708	ch2	335419128	335443240	24112	neg	partial	T2	partial	578	eviann
horn_V2R081	horn	LOC_00012709	ch2	335495854	335512889	17035	pos	intact	T2	functional	844	eviann
horn_V2R082	horn	LOC_00012710	ch2	335527929	335546706	18777	pos	intact	T2	functional	751	eviann
horn_V2R083	horn	LOC_00012726	ch2	336586231	336598600	12369	pos	intact	T2	functional	851	eviann
horn_V2R084	horn	LOC_00012727	ch2	336658981	336659923	942	pos	fragmented	T2	partial	301	eviann
horn_V2R085	horn	LOC_00012816	ch2	339302139	339312324	10185	pos	partial	T2	partial	621	eviann
horn_V2R086	horn	LOC_00012817	ch2	339486716	339496898	10182	pos	partial	T2	partial	621	eviann
horn_V2R087	horn	LOC_00012953	ch2	343211738	343229516	17778	pos	intact	T2	functional	853	eviann
horn_V2R088	horn	LOC_00012954	ch2	343259841	343271370	11529	pos	intact	T2	pseudogene	856	eviann
horn_V2R089	horn	LOC_00012955	ch2	343335104	343347086	11982	pos	fragmented	T2	partial	448	eviann
horn_V2R090	horn	LOC_00013052	ch2	345429094	345435225	6131	neg	fragmented	T2	partial	384	eviann
horn_V2R091	horn	LOC_00013053	ch2	345564312	345565221	909	pos	fragmented	T2	partial	302	eviann
horn_V2R092	horn	LOC_00013055	ch2	346172804	346173764	960	neg	fragmented	T2	partial	314	eviann
horn_V2R093	horn	LOC_00013056	ch2	346272604	346295600	22996	neg	intact	T2	functional	845	eviann
horn_V2R094	horn	LOC_00013057	ch2	346313222	346329362	16140	pos	intact	T2	functional	728	eviann
horn_V2R095	horn	LOC_00013093	ch2	347638774	347649507	10733	pos	intact	T2	functional	849	miniprot
horn_V2R096	horn	LOC_00013094	ch2	347788547	347799192	10645	pos	intact	T2	functional	848	eviann
horn_V2R097	horn	LOC_00013096	ch2	348128856	348157163	28307	pos	intact	T2	functional	845	miniprot
horn_V2R098	horn	LOC_00013097	ch2	348247924	348259246	11322	neg	intact	T2	functional	869	eviann
horn_V2R099	horn	LOC_00013098	ch2	348286134	348297160	11026	neg	intact	T2	pseudogene	883	miniprot
horn_V2R100	horn	LOC_00013099	ch2	348363074	348380157	17083	pos	intact	T2	functional	849	eviann
horn_V2R101	horn	LOC_00013100	ch2	348506265	348543613	37348	neg	intact	T2	functional	847	eviann
horn_V2R102	horn	LOC_00013101	ch2	348560356	348570988	10632	pos	intact	T2	functional	849	eviann
horn_V2R103	horn	LOC_00013161	ch2	349803450	349825143	21693	pos	intact	T2	pseudogene	879	miniprot
horn_V2R104	horn	LOC_00013162	ch2	349911799	349943750	31951	neg	intact	T2	functional	850	miniprot
horn_V2R105	horn	LOC_00013163	ch2	349972159	349991305	19146	neg	intact	T2	functional	847	miniprot
horn_V2R106	horn	LOC_00013168	ch2	350235401	350256412	21011	pos	intact	T2	functional	795	eviann
horn_V2R107	horn	LOC_00013169	ch2	350305628	350311853	6225	neg	intact	T2	functional	658	eviann
horn_V2R108	horn	LOC_00013191	ch2	350872432	350886330	13898	pos	intact	T2	functional	843	miniprot
horn_V2R109	horn	LOC_00013192	ch2	351068746	351089651	20905	neg	intact	T2	functional	850	miniprot
horn_V2R110	horn	LOC_00013193	ch2	351101764	351104815	3051	neg	fragmented	T2	partial	199	eviann
horn_V2R111	horn	LOC_00013195	ch2	351171558	351188695	17137	pos	intact	T2	pseudogene	878	miniprot
horn_V2R112	horn	LOC_00013226	ch2	351920887	351925944	5057	pos	intact	T2	functional	849	miniprot
horn_V2R113	horn	LOC_00013227	ch2	351987021	351987981	960	neg	fragmented	T2	partial	314	eviann
horn_V2R114	horn	LOC_00013228	ch2	352177270	352185162	7892	pos	fragmented	T2	partial	487	eviann
horn_V2R115	horn	LOC_00013229	ch2	352224661	352236957	12296	neg	intact	T2	functional	851	eviann
horn_V2R116	horn	LOC_00013260	ch2	353004597	353029276	24679	pos	intact	T2	functional	848	miniprot
horn_V2R117	horn	LOC_00013261	ch2	353182828	353209763	26935	neg	intact	T2	functional	848	miniprot
horn_V2R118	horn	LOC_00013263	ch2	353581988	353589144	7156	neg	fragmented	T2	partial	359	eviann
horn_V2R119	horn	LOC_00013264	ch2	353892093	353917233	25140	pos	intact	T2	functional	848	miniprot
horn_V2R120	horn	LOC_00013265	ch2	354009150	354023018	13868	pos	intact	T2	functional	851	eviann
horn_V2R121	horn	LOC_00013284	ch2	355122945	355137402	14457	neg	intact	T2	pseudogene	869	miniprot
horn_V2R122	horn	LOC_00013285	ch2	355166982	355185121	18139	neg	intact	T2	pseudogene	873	miniprot
horn_V2R123	horn	LOC_00013286	ch2	355218329	355224704	6375	neg	intact	T2	pseudogene	873	miniprot
horn_V2R124	horn	LOC_00013287	ch2	355259836	355277916	18080	neg	intact	T2	pseudogene	873	miniprot
horn_V2R125	horn	LOC_00013288	ch2	355312121	355330007	17886	neg	intact	T2	pseudogene	873	miniprot
horn_V2R126	horn	LOC_00013291	ch2	355381034	355402971	21937	pos	intact	T2	pseudogene	873	eviann
horn_V2R127	horn	LOC_00013315	ch2	356270180	356949813	679633	pos	intact	T2	pseudogene	838	miniprot
horn_V2R128	horn	LOC_00013332	ch2	356793249	356794182	933	neg	intact	T2	pseudogene	838	miniprot
horn_V2R129	horn	LOC_00013333	ch2	356837693	356843155	5462	neg	intact	T2	pseudogene	838	miniprot
horn_V2R130	horn	LOC_00013334	ch2	356968509	356977718	9209	pos	intact	T2	functional	861	miniprot
horn_V2R131	horn	LOC_00013335	ch2	357066891	357073853	6962	pos	intact	T2	functional	853	eviann
horn_V2R132	horn	LOC_00013336	ch2	357178707	357185670	6963	pos	intact	T2	functional	853	eviann
horn_V2R133	horn	LOC_00013337	ch2	357257324	357258227	903	pos	fragmented	T2	partial	300	eviann
horn_V2R134	horn	LOC_00013339	ch2	357355166	357356081	915	neg	fragmented	T2	partial	304	eviann
horn_V2R135	horn	LOC_00013340	ch2	357415468	357415840	372	pos	partial	T2	pseudogene	845	miniprot
horn_V2R136	horn	LOC_00013344	ch2	357590462	357591377	915	pos	fragmented	T2	partial	304	eviann
horn_V2R137	horn	LOC_00013350	ch2	358170139	358187189	17050	neg	intact	T2	pseudogene	878	miniprot
horn_V2R138	horn	LOC_00013351	ch2	358266482	358287692	21210	pos	fragmented	T2	pseudogene	376	eviann
horn_V2R139	horn	LOC_00013352	ch2	358380262	358397428	17166	neg	intact	T2	pseudogene	879	miniprot
horn_V2R140	horn	LOC_00013354	ch2	358648218	358662845	14627	pos	fragmented	T2	partial	532	eviann
horn_V2R141	horn	LOC_00013355	ch2	358956715	358962256	5541	pos	fragmented	T2	partial	302	eviann
horn_V2R142	horn	LOC_00013358	ch2	359348038	359360939	12901	neg	intact	T2	functional	659	eviann
horn_V2R143	horn	LOC_00013359	ch2	359367746	359378332	10586	neg	intact	T2	functional	848	eviann
horn_V2R144	horn	LOC_00013360	ch2	359418309	359443826	25517	neg	intact	T2	functional	847	eviann
horn_V2R145	horn	LOC_00013361	ch2	359460543	359471134	10591	pos	intact	T2	functional	849	miniprot
horn_V2R146	horn	LOC_00013363	ch2	359729101	359739596	10495	pos	intact	T2	functional	849	eviann
horn_V2R147	horn	LOC_00013365	ch2	359988547	359993570	5023	neg	intact	T2	functional	659	eviann
horn_V2R148	horn	LOC_00013366	ch2	360085737	360118749	33012	pos	intact	T2	functional	847	eviann
horn_V2R149	horn	LOC_00013367	ch2	360211056	360233102	22046	pos	intact	T2	functional	847	eviann
horn_V2R150	horn	LOC_00013368	ch2	360317937	360322699	4762	pos	fragmented	T2	partial	395	eviann
horn_V2R151	horn	LOC_00013371	ch2	360499035	360514379	15344	neg	intact	T2	functional	846	eviann
horn_V2R152	horn	LOC_00013375	ch2	360759912	360764904	4992	neg	intact	T2	functional	659	eviann
horn_V2R153	horn	LOC_00013376	ch2	360786804	360810116	23312	pos	intact	T2	functional	847	eviann
horn_V2R154	horn	LOC_00013377	ch2	360937311	360947008	9697	pos	intact	T2	functional	841	eviann
horn_V2R155	horn	LOC_00013379	ch2	361067239	361099477	32238	neg	intact	T2	functional	848	miniprot
horn_V2R156	horn	LOC_00013380	ch2	361324209	361351078	26869	pos	intact	T2	functional	847	eviann
horn_V2R157	horn	LOC_00013382	ch2	361427864	361451806	23942	neg	intact	T2	functional	847	eviann
horn_V2R158	horn	LOC_00013383	ch2	361468563	361481373	12810	pos	intact	T2	functional	847	miniprot
horn_V2R159	horn	LOC_00013387	ch2	361698689	361718830	20141	neg	intact	T2	functional	847	eviann
horn_V2R160	horn	LOC_00013388	ch2	361761278	361766277	4999	pos	intact	T2	functional	659	eviann
horn_V2R161	horn	LOC_00013389	ch2	361917292	361932588	15296	neg	intact	T2	functional	849	eviann
horn_V2R162	horn	LOC_00013391	ch2	362107362	362342227	234865	neg	fragmented	T2	pseudogene	399	eviann
horn_V2R163	horn	LOC_00013393	ch2	362384944	362390275	5331	pos	fragmented	T2	partial	179	eviann
horn_V2R164	horn	LOC_00013394	ch2	362429519	362440921	11402	pos	intact	T2	functional	851	eviann
horn_V2R165	horn	LOC_00013402	ch2	362972781	362992014	19233	neg	intact	T2	functional	850	miniprot
horn_V2R166	horn	LOC_00013403	ch2	363495447	363500886	5439	pos	fragmented	T2	partial	302	eviann
horn_V2R167	horn	LOC_00013406	ch2	363731922	363732720	798	neg	fragmented	T2	pseudogene	265	eviann
horn_V2R168	horn	LOC_00013415	ch2	365028995	365039178	10183	pos	fragmented	T2	partial	191	eviann
horn_V2R169	horn	LOC_00013416	ch2	365120851	365138065	17214	pos	intact	T2	pseudogene	851	miniprot
horn_V2R170	horn	LOC_00013417	ch2	365344473	365351437	6964	pos	fragmented	T2	partial	461	eviann
horn_V2R171	horn	LOC_00013418	ch2	365669280	365674248	4968	pos	fragmented	T2	partial	308	eviann
horn_V2R172	horn	LOC_00013419	ch2	365753643	365787840	34197	pos	intact	T2	functional	860	eviann
horn_V2R173	horn	LOC_00013420	ch2	365800506	365807471	6965	pos	intact	T2	functional	850	miniprot
horn_V2R174	horn	LOC_00013421	ch2	365890755	365907012	16257	pos	intact	T2	pseudogene	851	miniprot
horn_V2R175	horn	LOC_00013423	ch2	366086354	366356327	269973	pos	intact	T2	functional	412	eviann
horn_V2R176	horn	LOC_00013424	ch2	366214694	366221653	6959	pos	intact	T2	functional	461	eviann
horn_V2R177	horn	LOC_00013425	ch2	366300696	366304573	3877	pos	intact	T2	functional	308	eviann
horn_V2R178	horn	LOC_00013426	ch2	366309396	366375938	66542	pos	intact	T2	functional	851	eviann
horn_V2R179	horn	LOC_00013427	ch2	366389035	366405245	16210	pos	intact	T2	functional	850	miniprot
horn_V2R180	horn	LOC_00013428	ch2	366438639	366468638	29999	pos	intact	T2	pseudogene	849	miniprot
horn_V2R181	horn	LOC_00013429	ch2	366486442	366487740	1298	pos	intact	T2	pseudogene	849	miniprot
horn_V2R182	horn	LOC_00013441	ch2	367030642	367034246	3604	pos	fragmented	T2	partial	169	eviann
horn_V2R183	horn	LOC_00013447	ch2	367760790	367761699	909	neg	fragmented	T2	partial	302	eviann
horn_V2R184	horn	LOC_00013495	ch2	372689024	372719533	30509	neg	intact	T2	functional	848	miniprot
horn_V2R185	horn	LOC_00013496	ch2	374077051	374082303	5252	neg	fragmented	T2	partial	325	eviann
horn_V2R186	horn	LOC_00013497	ch2	374151794	374174546	22752	pos	intact	T2	pseudogene	836	eviann
horn_V2R187	horn	LOC_00013499	ch2	374536801	374564178	27377	pos	intact	T2	functional	847	miniprot
horn_V2R188	horn	LOC_00013500	ch2	374754559	374790065	35506	pos	intact	T2	functional	851	miniprot
horn_V2R189	horn	LOC_00013502	ch2	375036020	375527761	491741	pos	intact	T2	pseudogene	853	eviann
horn_V2R190	horn	LOC_00013503	ch2	375080643	375224048	143405	neg	intact	T2	pseudogene	849	eviann
horn_V2R191	horn	LOC_00013504	ch2	375137313	375159504	22191	neg	intact	T2	pseudogene	845	eviann
horn_V2R192	horn	LOC_00013505	ch2	375172570	375178140	5570	pos	intact	T2	pseudogene	421	eviann
horn_V2R193	horn	LOC_00013506	ch2	375336927	375466776	129849	neg	intact	T2	pseudogene	851	eviann
horn_V2R194	horn	LOC_00013507	ch2	375365860	375387930	22070	neg	intact	T2	pseudogene	845	eviann
horn_V2R195	horn	LOC_00013509	ch2	375888891	375911088	22197	pos	intact	T2	functional	836	eviann
horn_V2R196	horn	LOC_00013510	ch2	375929069	375950320	21251	pos	intact	T2	functional	759	eviann
horn_V2R197	horn	LOC_00013512	ch2	376308370	376338917	30547	neg	intact	T2	functional	851	miniprot
horn_V2R198	horn	LOC_00013513	ch2	376410016	376427550	17534	neg	intact	T2	pseudogene	799	eviann
horn_V2R199	horn	LOC_00013516	ch2	376555354	376569460	14106	neg	intact	T2	functional	850	eviann
horn_V2R200	horn	LOC_00013517	ch2	376746180	376776755	30575	neg	intact	T2	functional	848	miniprot
horn_V2R201	horn	LOC_00013518	ch2	377267936	377291776	23840	pos	intact	T2	functional	870	miniprot
horn_V2R202	horn	LOC_00013519	ch2	377345458	377354605	9147	pos	intact	T2	functional	851	miniprot
horn_V2R203	horn	LOC_00013520	ch2	377734656	377758474	23818	pos	intact	T2	functional	870	miniprot
horn_V2R204	horn	LOC_00013521	ch2	377818225	377827394	9169	pos	intact	T2	functional	851	miniprot
horn_V2R205	horn	LOC_00013522	ch2	377888359	377897941	9582	pos	intact	T2	functional	851	miniprot
horn_V2R206	horn	LOC_00013523	ch2	378004264	378287357	283093	neg	intact	T2	pseudogene	848	miniprot
horn_V2R207	horn	LOC_00013525	ch2	378369701	378372564	2863	pos	fragmented	T2	partial	171	eviann
horn_V2R208	horn	LOC_00013526	ch2	378440944	378452909	11965	neg	intact	T2	functional	839	eviann
horn_V2R209	horn	LOC_00013527	ch2	378729443	378753517	24074	neg	intact	T2	functional	829	eviann
horn_V2R210	horn	LOC_00013528	ch2	379083028	379100931	17903	neg	intact	T2	functional	674	eviann
horn_V2R211	horn	LOC_00013530	ch2	379504845	379535109	30264	pos	intact	T2	functional	848	eviann
horn_V2R212	horn	LOC_00013533	ch2	379953997	379954957	960	neg	fragmented	T2	partial	319	eviann
horn_V2R213	horn	LOC_00013534	ch2	379993509	380009755	16246	pos	intact	T2	functional	856	miniprot
horn_V2R214	horn	LOC_00013539	ch2	380155140	380306797	151657	neg	intact	T2	pseudogene	863	eviann
horn_V2R215	horn	LOC_00013540	ch2	380291462	380301301	9839	pos	intact	T2	pseudogene	863	eviann
horn_V2R216	horn	LOC_00013541	ch2	380415360	380430312	14952	neg	intact	T2	pseudogene	863	eviann
horn_V2R217	horn	LOC_00013548	ch2	382156047	382180104	24057	pos	partial	T2	partial	620	eviann
horn_V2R218	horn	LOC_00013550	ch2	382467904	382485383	17479	neg	intact	T2	pseudogene	786	miniprot
horn_V2R219	horn	LOC_00013552	ch2	382905357	382916435	11078	neg	intact	T2	pseudogene	883	miniprot
horn_V2R220	horn	LOC_00013553	ch2	383219534	383225411	5877	neg	fragmented	T2	partial	253	eviann
horn_V2R221	horn	LOC_00013556	ch2	383603028	383624385	21357	pos	fragmented	T2	partial	532	eviann
horn_V2R222	horn	LOC_00013562	ch2	384274340	384285114	10774	neg	fragmented	T2	partial	512	eviann
horn_V2R223	horn	LOC_00013565	ch2	384773803	384784320	10517	pos	intact	T2	functional	849	eviann
horn_V2R224	horn	LOC_00013566	ch2	384788706	384804032	15326	pos	intact	T2	functional	849	eviann
horn_V2R225	horn	LOC_00013568	ch2	384941052	384954410	13358	neg	intact	T2	functional	849	miniprot
horn_V2R226	horn	LOC_00013569	ch2	384976296	385005565	29269	pos	intact	T2	functional	847	eviann
horn_V2R227	horn	LOC_00013570	ch2	385101017	385116736	15719	pos	intact	T2	functional	726	eviann
horn_V2R228	horn	LOC_00013571	ch2	385213111	385266285	53174	neg	intact	T2	functional	847	eviann
horn_V2R229	horn	LOC_00013573	ch2	385433022	385458875	25853	neg	intact	T2	functional	846	eviann
horn_V2R230	horn	LOC_00013574	ch2	385473363	385484132	10769	neg	intact	T2	functional	849	eviann
horn_V2R231	horn	LOC_00013576	ch2	385567973	385580782	12809	pos	intact	T2	functional	849	miniprot
horn_V2R232	horn	LOC_00013577	ch2	385754271	385791857	37586	neg	intact	T2	functional	847	eviann
horn_V2R233	horn	LOC_00013578	ch2	385818282	385821568	3286	pos	fragmented	T2	partial	371	eviann
horn_V2R234	horn	LOC_00013580	ch2	386053599	386068885	15286	neg	intact	T2	functional	849	eviann
horn_V2R235	horn	LOC_00013582	ch2	386208866	386256092	47226	neg	intact	T2	functional	847	eviann
horn_V2R236	horn	LOC_00013592	ch2	387048165	387064394	16229	neg	intact	T2	functional	841	eviann
horn_V2R237	horn	LOC_00013593	ch2	387106181	387126203	20022	neg	intact	T2	functional	847	eviann
horn_V2R238	horn	LOC_00013594	ch2	387147740	387158339	10599	pos	intact	T2	functional	849	miniprot
horn_V2R239	horn	LOC_00013595	ch2	387180416	387211829	31413	neg	intact	T2	functional	847	eviann
horn_V2R240	horn	LOC_00013596	ch2	387228536	387244204	15668	pos	intact	T2	functional	819	eviann
horn_V2R241	horn	LOC_00004388	ch4	87096970	87107734	10764	neg	intact	T2	functional	841	eviann
horn_V2R242	horn	LOC_00004389	ch4	87221103	87223710	2607	pos	fragmented	T2	partial	109	eviann
horn_V2R243	horn	LOC_00004829	ch4	107099524	107104865	5341	neg	fragmented	T2	partial	355	eviann
horn_V2R244	horn	LOC_00004831	ch4	107180276	107183034	2758	neg	fragmented	T2	partial	355	eviann
horn_V2R245	horn	LOC_00005867	ch4	143194454	143205378	10924	pos	fragmented	T2	partial	512	eviann
horn_V2R246	horn	LOC_00005868	ch4	143335200	143349611	14411	neg	intact	T2	functional	851	eviann
horn_V2R247	horn	LOC_00006842	ch4	180761402	180766658	5256	pos	fragmented	T2	partial	258	eviann
horn_V2R248	horn	LOC_00006844	ch4	181082741	181097473	14732	pos	intact	T2	functional	850	eviann
horn_V2R249	horn	LOC_00006846	ch4	181436230	181450558	14328	neg	intact	T2	functional	846	miniprot
horn_V2R250	horn	LOC_00006847	ch4	181562222	181579727	17505	pos	fragmented	T2	partial	512	eviann
horn_V2R251	horn	LOC_00006849	ch4	181986235	181995347	9112	pos	fragmented	T2	partial	393	eviann
horn_V2R252	horn	LOC_00006852	ch4	182258355	182271464	13109	neg	fragmented	T2	partial	201	eviann
horn_V2R253	horn	LOC_00006853	ch4	182331327	182352090	20763	neg	intact	T2	functional	850	eviann
horn_V2R254	horn	LOC_00006855	ch4	182896768	183059161	162393	pos	intact	T2	functional	848	eviann
horn_V2R255	horn	LOC_00006856	ch4	182936850	182947774	10924	neg	intact	T2	functional	504	eviann
horn_V2R256	horn	LOC_00006860	ch4	183534369	183539371	5002	neg	fragmented	T2	partial	160	eviann
horn_V2R257	horn	LOC_00006861	ch4	183738113	183753324	15211	neg	fragmented	T2	partial	512	eviann
horn_V2R258	horn	LOC_00006862	ch4	183807684	183831068	23384	neg	intact	T2	functional	851	eviann
horn_V2R259	horn	LOC_00006864	ch4	184100075	184120426	20351	pos	fragmented	T2	partial	180	eviann
horn_V2R260	horn	LOC_00006866	ch4	184286034	184794324	508290	pos	fragmented	T2	partial	351	eviann
horn_V2R261	horn	LOC_00006867	ch4	184406312	184410082	3770	neg	fragmented	T2	partial	225	eviann
horn_V2R262	horn	LOC_00006868	ch4	184457426	184476948	19522	neg	fragmented	T2	partial	101	eviann
horn_V2R263	horn	LOC_00006870	ch4	184567370	184579750	12380	neg	fragmented	T2	partial	242	eviann
horn_V2R264	horn	LOC_00006871	ch4	184870116	184873217	3101	neg	fragmented	T2	partial	498	miniprot
horn_V2R265	horn	LOC_00006873	ch4	185376295	185390462	14167	neg	intact	T2	pseudogene	851	eviann
horn_V2R266	horn	LOC_00006875	ch4	185535223	185539891	4668	neg	fragmented	T2	partial	382	eviann
horn_V2R267	horn	LOC_00006876	ch4	185612133	185618948	6815	neg	intact	T2	pseudogene	877	miniprot
horn_V2R268	horn	LOC_00006878	ch4	185827785	185838829	11044	neg	partial	T2	partial	509	eviann
horn_V2R269	horn	LOC_00006879	ch4	186092074	186092970	896	pos	fragmented	T2	partial	116	eviann
horn_V2R270	horn	LOC_00006880	ch4	186166679	186238337	71658	pos	intact	T2	functional	777	eviann
horn_V2R271	horn	LOC_00006881	ch4	186331655	186343171	11516	neg	fragmented	T2	partial	285	eviann
horn_V2R272	horn	LOC_00006884	ch4	186376872	186388738	11866	pos	fragmented	T2	partial	258	eviann
horn_V2R273	horn	LOC_00006885	ch4	186635997	186662555	26558	neg	intact	T2	functional	851	eviann
horn_V2R274	horn	LOC_00006892	ch4	187228764	187235783	7019	neg	fragmented	T2	partial	392	eviann
horn_V2R275	horn	LOC_00006893	ch4	187344862	187365652	20790	neg	intact	T2	functional	836	eviann
horn_V2R276	horn	LOC_00006897	ch4	187752843	187765985	13142	pos	intact	T2	functional	850	eviann
horn_V2R277	horn	LOC_00006899	ch4	187899897	188652845	752948	neg	partial	T2	partial	460	eviann
horn_V2R278	horn	LOC_00006901	ch4	187987906	188316185	328279	pos	partial	T2	partial	541	eviann
horn_V2R279	horn	LOC_00006910	ch4	188450526	188453685	3159	pos	partial	T2	partial	294	eviann
horn_V2R280	horn	LOC_00006915	ch4	189182943	189300094	117151	pos	fragmented	T2	partial	351	eviann
horn_V2R281	horn	LOC_00006918	ch4	189361873	189384014	22141	pos	intact	T2	functional	851	eviann
horn_V2R282	horn	LOC_00006922	ch4	189677410	189688971	11561	pos	fragmented	T2	partial	205	eviann
horn_V2R283	horn	LOC_00006923	ch4	189708593	189718567	9974	pos	fragmented	T2	partial	166	miniprot
horn_V2R284	horn	LOC_00006934	ch4	190941144	190965460	24316	neg	fragmented	T2	partial	529	eviann
horn_V2R285	horn	LOC_00006938	ch4	191402515	191412103	9588	pos	fragmented	T2	partial	529	eviann
horn_V2R286	horn	LOC_00006939	ch4	191430644	191549959	119315	pos	intact	T2	functional	851	eviann
horn_V2R287	horn	LOC_00006957	ch4	192105786	192110886	5100	neg	fragmented	T2	partial	328	eviann
horn_V2R288	horn	LOC_00006958	ch4	192142820	192145390	2570	neg	fragmented	T2	partial	88	eviann
horn_V2R289	horn	LOC_00006960	ch4	192192711	192194270	1559	neg	fragmented	T2	partial	88	eviann
horn_V2R290	horn	LOC_00006961	ch4	192360952	192361444	492	neg	intact	T2	pseudogene	840	miniprot
horn_V2R291	horn	LOC_00006964	ch4	192537378	192591054	53676	neg	intact	T2	functional	857	eviann
horn_V2R292	horn	LOC_00006965	ch4	192657374	192660488	3114	pos	fragmented	T2	partial	357	eviann
horn_V2R293	horn	LOC_00006966	ch4	192829699	192830191	492	pos	fragmented	T2	partial	163	eviann
horn_V2R294	horn	LOC_00006967	ch4	192869347	192874041	4694	neg	fragmented	T2	partial	96	eviann
horn_V2R295	horn	LOC_00006968	ch4	193650078	193655527	5449	pos	fragmented	T2	partial	387	eviann
horn_V2R296	horn	LOC_00006969	ch4	193671477	193676541	5064	neg	fragmented	T2	partial	180	eviann
horn_V2R297	horn	LOC_00019591	ch5	111608099	111614272	6173	neg	fragmented	T2	partial	279	eviann
horn_V2R298	horn	LOC_00017944	ch7	63214292	63398628	184336	neg	fragmented	T2	partial	913	eviann
horn_V2R299	horn	LOC_00018092	ch7	78043967	78120450	76483	pos	fragmented	T2	partial	153	eviann
horn_V2R300	horn	LOC_00000012	chZ	1269503	1274494	4991	neg	fragmented	T2	partial	397	eviann
horn_V2R301	horn	LOC_00000035	chZ	2305645	2309860	4215	pos	fragmented	T2	partial	356	eviann
horn_V2R302	horn	LOC_00000037	chZ	2358457	2378480	20023	neg	partial	T2	partial	589	eviann
horn_V2R303	horn	LOC_00000039	chZ	2481462	2488461	6999	neg	fragmented	T2	partial	373	eviann
horn_V2R304	horn	LOC_00000048	chZ	2905556	2910174	4618	neg	fragmented	T2	partial	442	eviann
horn_V2R305	horn	LOC_00000049	chZ	2924354	2939216	14862	neg	intact	T2	functional	660	eviann
horn_V2R306	horn	LOC_00000056	chZ	3402478	3409878	7400	neg	fragmented	T2	partial	376	eviann
horn_V2R307	horn	LOC_00000062	chZ	4009899	4012747	2848	neg	fragmented	T2	partial	109	eviann
horn_V2R308	horn	LOC_00000065	chZ	4175811	4188207	12396	neg	intact	T2	functional	847	miniprot
horn_V2R309	horn	LOC_00000069	chZ	4514922	4567224	52302	neg	fragmented	T2	partial	109	eviann
horn_V2R310	horn	LOC_00000074	chZ	4731058	4753236	22178	neg	fragmented	T2	partial	425	eviann
horn_V2R311	horn	LOC_00000076	chZ	4853195	4856103	2908	neg	fragmented	T2	partial	233	eviann
horn_V2R312	horn	LOC_00000079	chZ	4921250	4931223	9973	pos	partial	T2	partial	589	eviann
horn_V2R313	horn	LOC_00000081	chZ	5208422	5281040	72618	neg	intact	T2	functional	693	eviann
horn_V2R314	horn	LOC_00000082	chZ	5301621	5313822	12201	neg	intact	T2	functional	768	eviann
horn_V2R315	horn	LOC_00000083	chZ	5465038	5475001	9963	neg	partial	T2	partial	589	eviann
horn_V2R316	horn	LOC_00000085	chZ	5520701	5522896	2195	neg	fragmented	T2	partial	212	eviann
horn_V2R317	horn	LOC_00000086	chZ	5556642	5569833	13191	neg	intact	T2	functional	850	eviann
horn_V2R318	horn	LOC_00000087	chZ	5637004	5645529	8525	pos	fragmented	T2	partial	506	eviann
horn_V2R319	horn	LOC_00000090	chZ	5952001	5953903	1902	neg	fragmented	T2	partial	109	eviann
horn_V2R320	horn	LOC_00000091	chZ	5978140	5982945	4805	pos	fragmented	T2	partial	439	eviann
horn_V2R321	horn	LOC_00000094	chZ	6117324	6130436	13112	pos	intact	T2	functional	849	eviann
horn_V2R322	horn	LOC_00000095	chZ	6145824	6163438	17614	neg	intact	T2	functional	690	eviann
horn_V2R323	horn	LOC_00000100	chZ	6310398	6323604	13206	neg	intact	T2	functional	850	eviann
horn_V2R324	horn	LOC_00000103	chZ	6465449	6760142	294693	neg	intact	T2	functional	693	eviann
horn_V2R325	horn	LOC_00000107	chZ	6919266	6931021	11755	neg	intact	T2	functional	659	eviann
horn_V2R326	horn	LOC_00000111	chZ	7161273	7171975	10702	neg	partial	T2	partial	611	eviann
horn_V2R327	horn	LOC_00000112	chZ	7198077	7252495	54418	neg	fragmented	T2	partial	357	eviann
horn_V2R328	horn	LOC_00000118	chZ	7942584	7954232	11648	pos	fragmented	T2	partial	386	eviann
horn_V2R329	horn	LOC_00000119	chZ	8093799	8102324	8525	pos	fragmented	T2	partial	505	eviann
horn_V2R330	horn	LOC_00000120	chZ	8186225	8191229	5004	neg	fragmented	T2	partial	354	eviann
horn_V2R331	horn	LOC_00000121	chZ	8237490	8250454	12964	pos	intact	T2	functional	848	eviann
horn_V2R332	horn	LOC_00000122	chZ	8413292	8429168	15876	neg	partial	T2	partial	589	eviann
horn_V2R333	horn	LOC_00000124	chZ	8735656	8748812	13156	pos	intact	T2	functional	851	eviann
horn_V2R334	horn	LOC_00000125	chZ	8817775	8819945	2170	neg	fragmented	T2	partial	356	eviann
horn_V2R335	horn	LOC_00000517	chZ	71597631	71600494	2863	neg	fragmented	T2	partial	446	eviann
horn_V2R336	horn	LOC_00000521	chZ	71826118	71847287	21169	pos	intact	T2	functional	768	eviann
horn_V2R337	horn	LOC_00001285	chZ	147897878	147902356	4478	neg	intact	T2	pseudogene	874	miniprot
horn_V2R338	horn	LOC_00001286	chZ	147924816	147925507	691	neg	fragmented	T2	partial	222	miniprot
horn_V2R339	horn	LOC_00001305	chZ	148871927	148889806	17879	neg	intact	T2	pseudogene	884	miniprot
horn_V2R340	horn	LOC_00001334	chZ	150511383	150529166	17783	neg	intact	T2	pseudogene	867	miniprot
horn_V2R341	horn	LOC_00001335	chZ	150604557	150608042	3485	pos	intact	T2	pseudogene	899	miniprot
horn_V2R342	horn	LOC_00001337	chZ	150731782	150736240	4458	pos	intact	T2	pseudogene	873	miniprot
horn_V2R343	horn	LOC_00001338	chZ	150795352	150796186	834	neg	fragmented	T2	partial	277	eviann
horn_V2R344	horn	LOC_00001339	chZ	150830250	150836712	6462	pos	intact	T2	pseudogene	873	miniprot
horn_V2R345	horn	LOC_00001340	chZ	150959319	150989907	30588	pos	partial	T2	pseudogene	588	eviann
horn_V2R346	horn	LOC_00001341	chZ	151106436	151107339	903	pos	intact	T2	pseudogene	854	miniprot
horn_V2R347	horn	LOC_00001342	chZ	151284986	151285892	906	neg	intact	T2	pseudogene	865	miniprot
horn_V2R348	horn	LOC_00001343	chZ	151345784	151346690	906	neg	intact	T2	pseudogene	865	miniprot
horn_V2R349	horn	LOC_00001344	chZ	151449595	151450501	906	pos	intact	T2	pseudogene	865	miniprot
horn_V2R350	horn	LOC_00001345	chZ	151624424	151758736	134312	pos	intact	T2	pseudogene	1136	miniprot
horn_V2R351	horn	LOC_00001346	chZ	151816971	151817877	906	pos	intact	T2	functional	865	miniprot
horn_V2R352	horn	LOC_00001347	chZ	151898796	151899699	903	neg	intact	T2	pseudogene	854	miniprot
horn_V2R353	horn	LOC_00001348	chZ	151955623	151957975	2352	neg	intact	T2	pseudogene	788	miniprot
horn_V2R354	horn	LOC_00001349	chZ	152028463	152058344	29881	neg	partial	T2	pseudogene	588	eviann
horn_V2R355	horn	LOC_00001351	chZ	152163267	152169731	6464	neg	intact	T2	pseudogene	910	miniprot
horn_V2R356	horn	LOC_00001352	chZ	152262979	152285975	22996	neg	intact	T2	pseudogene	871	eviann
horn_V2R357	horn	LOC_00001356	chZ	152599027	152606458	7431	pos	intact	T2	pseudogene	869	miniprot
horn_V2R358	horn	LOC_00001357	chZ	152718677	152718974	297	pos	fragmented	T2	pseudogene	890	miniprot
horn_V2R359	horn	LOC_00001358	chZ	152730242	152745562	15320	pos	intact	T2	pseudogene	843	miniprot
horn_V2R360	horn	LOC_00001359	chZ	152825142	152826088	946	pos	fragmented	T2	pseudogene	298	eviann
horn_V2R361	horn	LOC_00001663	chZ	164124696	164139168	14472	neg	intact	T2	functional	891	miniprot
horn_V2R362	horn	LOC_00001664	chZ	164386963	164408125	21162	pos	intact	T2	pseudogene	869	miniprot
horn_V2R363	horn	LOC_00001665	chZ	164556856	164580671	23815	pos	intact	T2	functional	882	miniprot
horn_V2R364	horn	LOC_00001667	chZ	164674609	164684406	9797	neg	fragmented	T2	pseudogene	444	eviann
horn_V2R365	horn	LOC_00001668	chZ	164758221	164780374	22153	neg	intact	T2	pseudogene	899	miniprot
horn_V2R366	horn	LOC_00001669	chZ	164794472	164815929	21457	neg	intact	T2	pseudogene	899	miniprot
horn_V2R367	horn	LOC_00001714	chZ	166837221	166853281	16060	pos	intact	T2	pseudogene	881	miniprot
horn_V2R368	horn	LOC_00001716	chZ	166978647	166987090	8443	pos	intact	T2	pseudogene	875	miniprot
horn_V2R369	horn	LOC_00001717	chZ	167189862	167201298	11436	neg	intact	T2	functional	871	eviann
horn_V2R370	horn	LOC_00001719	chZ	167325804	167344647	18843	neg	intact	T2	pseudogene	877	eviann
horn_V2R371	horn	LOC_00001720	chZ	167367691	167374510	6819	neg	intact	T2	pseudogene	884	eviann
horn_V2R372	horn	LOC_00001729	chZ	167747056	167753767	6711	neg	intact	T2	pseudogene	876	miniprot
horn_V2R373	horn	LOC_00001730	chZ	167827065	167827821	756	pos	intact	T2	pseudogene	839	miniprot
horn_V2R374	horn	LOC_00001731	chZ	167885315	167907113	21798	pos	intact	T2	pseudogene	869	miniprot
horn_V2R375	horn	LOC_00001732	chZ	168561169	168594184	33015	neg	intact	T2	functional	885	eviann
horn_V2R376	horn	LOC_00001733	chZ	168632190	168638558	6368	pos	intact	T2	pseudogene	876	miniprot
horn_V2R377	horn	LOC_00001736	chZ	168832283	168841555	9272	pos	intact	T2	pseudogene	879	miniprot
horn_V2R378	horn	LOC_00001738	chZ	168856759	168866045	9286	pos	intact	T2	pseudogene	879	miniprot
horn_V2R379	horn	LOC_00001740	chZ	169014569	169018806	4237	pos	intact	T2	pseudogene	876	miniprot
horn_V2R380	horn	LOC_00001741	chZ	169422706	169470998	48292	neg	intact	T2	pseudogene	863	miniprot
horn_V2R381	horn	LOC_00001743	chZ	169525446	169569688	44242	neg	partial	T2	partial	730	eviann
horn_V2R382	horn	LOC_00001745	chZ	169935861	169944219	8358	pos	intact	T2	functional	871	eviann
horn_V2R383	horn	LOC_00001746	chZ	170153228	170211942	58714	neg	fragmented	T2	pseudogene	118	eviann
horn_V2R384	horn	LOC_00001747	chZ	170169473	170189307	19834	neg	fragmented	T2	pseudogene	300	eviann
horn_V2R385	horn	LOC_00001748	chZ	170249172	170258615	9443	neg	intact	T2	pseudogene	880	miniprot
horn_V2R386	horn	LOC_00001749	chZ	170354190	170355087	897	pos	fragmented	T2	partial	295	eviann
horn_V2R387	horn	LOC_00001750	chZ	170444822	170445719	897	pos	intact	T2	pseudogene	879	miniprot
horn_V2R388	horn	LOC_00001751	chZ	170476491	170476809	318	pos	NA	NA	partial	105	NA
horn_V2R389	horn	LOC_00001752	chZ	170515827	170517591	1764	pos	fragmented	T2	pseudogene	796	miniprot
horn_V2R390	horn	LOC_00001794	chZ	172305277	172306192	915	pos	intact	T2	pseudogene	1030	miniprot
horn_V2R391	horn	LOC_00001796	chZ	172548795	172557760	8965	neg	intact	T2	pseudogene	909	miniprot
horn_V2R392	horn	LOC_00001797	chZ	172674942	172687811	12869	pos	intact	T2	functional	851	eviann
horn_V2R393	horn	LOC_00001798	chZ	172969931	172971584	1653	pos	intact	T2	pseudogene	888	miniprot
horn_V2R394	horn	LOC_00001808	chZ	174286232	174300271	14039	pos	intact	T2	pseudogene	876	eviann
horn_V2R395	horn	LOC_00001810	chZ	174384538	174396605	12067	pos	intact	T2	pseudogene	876	eviann
horn_V2R396	horn	LOC_00001811	chZ	174499407	174501843	2436	pos	intact	T2	pseudogene	860	miniprot
horn_V2R397	horn	LOC_00001829	chZ	176224534	176232190	7656	neg	intact	T2	pseudogene	877	miniprot
horn_V2R398	horn	LOC_00001832	chZ	176577381	176578281	900	neg	intact	T2	pseudogene	843	miniprot
horn_V2R399	horn	LOC_00001833	chZ	176684504	176713963	29459	neg	intact	T2	pseudogene	852	miniprot
horn_V2R400	horn	LOC_00001834	chZ	176868718	176879458	10740	pos	intact	T2	functional	842	eviann
horn_V2R401	horn	LOC_00001835	chZ	176918057	176928842	10785	neg	intact	T2	functional	842	eviann
horn_V2R402	horn	LOC_00001837	chZ	177229079	177230006	927	neg	intact	T2	pseudogene	934	miniprot
horn_V2R403	horn	LOC_00001838	chZ	177248459	177249386	927	neg	intact	T2	pseudogene	934	miniprot
horn_V2R404	horn	LOC_00001840	chZ	177606362	177607289	927	pos	fragmented	T2	partial	308	eviann
horn_V2R405	horn	LOC_00001842	chZ	177800197	177811447	11250	neg	intact	T2	pseudogene	890	eviann
horn_V2R406	horn	LOC_00001843	chZ	177854551	177877466	22915	neg	intact	T2	pseudogene	868	eviann
horn_V2R407	horn	LOC_00001844	chZ	178061013	178061940	927	pos	intact	T2	pseudogene	869	miniprot
horn_V2R408	horn	LOC_00001847	chZ	178325863	178326784	921	neg	fragmented	T2	pseudogene	877	miniprot
horn_V2R409	horn	LOC_00001848	chZ	178460791	178461721	930	pos	fragmented	T2	pseudogene	812	miniprot
horn_V2R410	horn	LOC_00001849	chZ	178628076	178628589	513	pos	fragmented	T2	pseudogene	170	eviann
horn_V2R411	horn	LOC_00001850	chZ	178653403	178669909	16506	neg	intact	T2	pseudogene	801	miniprot
horn_V2R412	horn	LOC_00001851	chZ	178675936	178680693	4757	neg	intact	T2	pseudogene	801	miniprot
horn_V2R413	horn	LOC_00001852	chZ	178821817	178829373	7556	neg	intact	T2	functional	840	miniprot
horn_V2R414	horn	LOC_00001853	chZ	178838830	178846941	8111	neg	intact	T2	functional	840	miniprot
horn_V2R415	horn	LOC_00001854	chZ	178860939	178882733	21794	neg	intact	T2	pseudogene	876	miniprot
horn_V2R416	horn	LOC_00001997	chZ	185089686	185099606	9920	neg	intact	T2	functional	869	miniprot
horn_V2R417	horn	LOC_00001998	chZ	185411111	185412017	906	neg	intact	T2	functional	865	miniprot
horn_V2R418	horn	LOC_00001999	chZ	185637690	185638596	906	pos	intact	T2	pseudogene	865	miniprot
horn_V2R419	horn	LOC_00020542	scaffold_111	2368	8186	5818	neg	fragmented	T2	partial	206	eviann
horn_V2R420	horn	LOC_00020544	scaffold_15	83483	95295	11812	neg	intact	T2	functional	849	eviann
horn_V2R421	horn	LOC_00020545	scaffold_15	140048	163259	23211	neg	intact	T2	functional	847	eviann
horn_V2R422	horn	LOC_00020546	scaffold_37	16935	23697	6762	neg	intact	T2	pseudogene	757	miniprot
horn_V2R423	horn	LOC_00020547	scaffold_37	34331	38388	4057	neg	intact	T2	pseudogene	867	miniprot
horn_V2R424	horn	LOC_00020548	scaffold_37	46579	50643	4064	neg	intact	T2	pseudogene	867	miniprot
horn_V2R425	horn	LOC_00020549	scaffold_37	52789	59016	6227	neg	fragmented	T2	partial	299	eviann
cadam_V2R001	cadam	NXF25_000047	CM077918.1	837865	848915	11050	pos	intact	NA	NA	876	ncbi
cadam_V2R002	cadam	NXF25_000048	CM077918.1	850545	857879	7334	pos	intact	NA	NA	875	ncbi
cadam_V2R003	cadam	NXF25_000049	CM077918.1	861957	869392	7435	pos	intact	NA	NA	875	ncbi
cadam_V2R004	cadam	NXF25_000050	CM077918.1	873846	885179	11333	pos	intact	NA	NA	875	ncbi
cadam_V2R005	cadam	NXF25_000051	CM077918.1	889554	896880	7326	pos	intact	NA	NA	875	ncbi
cadam_V2R006	cadam	NXF25_000052	CM077918.1	900684	908449	7765	pos	intact	NA	NA	875	ncbi
cadam_V2R007	cadam	NXF25_000053	CM077918.1	913434	928089	14655	pos	intact	NA	NA	853	ncbi
cadam_V2R008	cadam	NXF25_000054	CM077918.1	933567	940592	7025	neg	intact	NA	NA	781	ncbi
cadam_V2R009	cadam	NXF25_000055	CM077918.1	959101	967468	8367	neg	intact	NA	NA	871	ncbi
cadam_V2R010	cadam	NXF25_000056	CM077918.1	971438	979740	8302	neg	intact	NA	NA	871	ncbi
cadam_V2R011	cadam	NXF25_000057	CM077918.1	984961	992653	7692	neg	intact	NA	NA	871	ncbi
cadam_V2R012	cadam	NXF25_000058	CM077918.1	999197	1008537	9340	neg	intact	NA	NA	871	ncbi
cadam_V2R013	cadam	NXF25_000059	CM077918.1	1012507	1019365	6858	neg	intact	NA	NA	871	ncbi
cadam_V2R014	cadam	NXF25_000060	CM077918.1	1062137	1076480	14343	pos	partial	NA	NA	706	ncbi
cadam_V2R015	cadam	NXF25_000061	CM077918.1	1086948	1097176	10228	pos	intact	NA	NA	871	ncbi
cadam_V2R016	cadam	NXF25_000062	CM077918.1	1133206	1149642	16436	neg	intact	NA	NA	853	ncbi
cadam_V2R017	cadam	NXF25_000095	CM077918.1	2454552	2465980	11428	pos	intact	NA	NA	791	ncbi
cadam_V2R018	cadam	NXF25_000096	CM077918.1	2468213	2483275	15062	neg	intact	NA	NA	859	ncbi
cadam_V2R019	cadam	NXF25_000097	CM077918.1	2493127	2518698	25571	neg	intact	NA	NA	872	ncbi
cadam_V2R020	cadam	NXF25_000098	CM077918.1	2530476	2545152	14676	neg	intact	NA	NA	872	ncbi
cadam_V2R021	cadam	NXF25_000099	CM077918.1	2552823	2560325	7502	neg	intact	NA	NA	898	ncbi
cadam_V2R022	cadam	NXF25_000100	CM077918.1	2564772	2575444	10672	neg	intact	NA	NA	875	ncbi
cadam_V2R023	cadam	NXF25_000101	CM077918.1	2612122	2622956	10834	neg	intact	NA	NA	719	ncbi
cadam_V2R024	cadam	NXF25_000102	CM077918.1	2625774	2642869	17095	neg	intact	NA	NA	870	ncbi
cadam_V2R025	cadam	NXF25_000103	CM077918.1	2648060	2663810	15750	pos	intact	NA	NA	846	ncbi
cadam_V2R026	cadam	NXF25_000104	CM077918.1	2669137	2679227	10090	neg	intact	NA	NA	867	ncbi
cadam_V2R027	cadam	NXF25_000105	CM077918.1	2685216	2696022	10806	neg	intact	NA	NA	867	ncbi
cadam_V2R028	cadam	NXF25_000106	CM077918.1	2730517	2750497	19980	neg	partial	NA	NA	521	ncbi
cadam_V2R029	cadam	NXF25_000110	CM077918.1	2931897	2942805	10908	pos	intact	NA	NA	872	ncbi
cadam_V2R030	cadam	NXF25_000111	CM077918.1	2949771	2959226	9455	pos	intact	NA	NA	845	ncbi
cadam_V2R031	cadam	NXF25_000112	CM077918.1	2965241	2981878	16637	pos	intact	NA	NA	865	ncbi
cadam_V2R032	cadam	NXF25_000113	CM077918.1	2989711	3002429	12718	pos	intact	NA	NA	866	ncbi
cadam_V2R033	cadam	NXF25_000114	CM077918.1	3007124	3026797	19673	pos	intact	NA	NA	869	ncbi
cadam_V2R034	cadam	NXF25_000115	CM077918.1	3050850	3058495	7645	pos	intact	NA	NA	859	ncbi
cadam_V2R035	cadam	NXF25_000116	CM077918.1	3077423	3085334	7911	pos	intact	NA	NA	867	ncbi
cadam_V2R036	cadam	NXF25_000117	CM077918.1	3103232	3111111	7879	pos	intact	NA	NA	862	ncbi
cadam_V2R037	cadam	NXF25_000118	CM077918.1	3115443	3131075	15632	pos	intact	NA	NA	846	ncbi
cadam_V2R038	cadam	NXF25_000119	CM077918.1	3138523	3171654	33131	neg	intact	NA	NA	868	ncbi
cadam_V2R039	cadam	NXF25_000120	CM077918.1	3180236	3189882	9646	neg	intact	NA	NA	870	ncbi
cadam_V2R040	cadam	NXF25_000121	CM077918.1	3195656	3214239	18583	neg	intact	NA	NA	870	ncbi
cadam_V2R041	cadam	NXF25_000122	CM077918.1	3224255	3235416	11161	pos	intact	NA	NA	868	ncbi
cadam_V2R042	cadam	NXF25_000123	CM077918.1	3241848	3249999	8151	pos	intact	NA	NA	868	ncbi
cadam_V2R043	cadam	NXF25_000124	CM077918.1	3256122	3266791	10669	pos	intact	NA	NA	868	ncbi
cadam_V2R044	cadam	NXF25_000125	CM077918.1	3286091	3293053	6962	pos	intact	NA	NA	865	ncbi
cadam_V2R045	cadam	NXF25_000126	CM077918.1	3294609	3302204	7595	pos	intact	NA	NA	770	ncbi
cadam_V2R046	cadam	NXF25_000127	CM077918.1	3307061	3314244	7183	pos	intact	NA	NA	889	ncbi
cadam_V2R047	cadam	NXF25_000128	CM077918.1	3315802	3331556	15754	pos	intact	NA	NA	875	ncbi
cadam_V2R048	cadam	NXF25_000129	CM077918.1	3341511	3358153	16642	pos	intact	NA	NA	871	ncbi
cadam_V2R049	cadam	NXF25_003885	CM077919.1	114659	130032	15373	neg	intact	NA	NA	850	ncbi
cadam_V2R050	cadam	NXF25_003886	CM077919.1	155396	170228	14832	pos	intact	NA	NA	792	ncbi
cadam_V2R051	cadam	NXF25_003917	CM077919.1	590042	603464	13422	pos	intact	NA	NA	849	ncbi
cadam_V2R052	cadam	NXF25_003918	CM077919.1	636521	651250	14729	neg	intact	NA	NA	887	ncbi
cadam_V2R053	cadam	NXF25_003919	CM077919.1	706211	725934	19723	pos	intact	NA	NA	846	ncbi
cadam_V2R054	cadam	NXF25_003920	CM077919.1	736220	746906	10686	pos	intact	NA	NA	875	ncbi
cadam_V2R055	cadam	NXF25_003921	CM077919.1	772350	796024	23674	pos	intact	NA	NA	851	ncbi
cadam_V2R056	cadam	NXF25_003922	CM077919.1	804236	815012	10776	pos	intact	NA	NA	853	ncbi
cadam_V2R057	cadam	NXF25_003931	CM077919.1	1064098	1086729	22631	pos	intact	NA	NA	829	ncbi
cadam_V2R058	cadam	NXF25_003932	CM077919.1	1098610	1115704	17094	neg	intact	NA	NA	847	ncbi
cadam_V2R059	cadam	NXF25_003933	CM077919.1	1131757	1146275	14518	pos	intact	NA	NA	809	ncbi
cadam_V2R060	cadam	NXF25_003934	CM077919.1	1154031	1163092	9061	pos	intact	NA	NA	799	ncbi
cadam_V2R061	cadam	NXF25_003935	CM077919.1	1165737	1175672	9935	neg	intact	NA	NA	847	ncbi
cadam_V2R062	cadam	NXF25_003936	CM077919.1	1195742	1212099	16357	pos	intact	NA	NA	851	ncbi
cadam_V2R063	cadam	NXF25_003937	CM077919.1	1219649	1233555	13906	pos	intact	NA	NA	848	ncbi
cadam_V2R064	cadam	NXF25_003940	CM077919.1	1256376	1266956	10580	neg	intact	NA	NA	851	ncbi
cadam_V2R065	cadam	NXF25_003941	CM077919.1	1275212	1287626	12414	neg	intact	NA	NA	845	ncbi
cadam_V2R066	cadam	NXF25_003942	CM077919.1	1298983	1313260	14277	pos	intact	NA	NA	847	ncbi
cadam_V2R067	cadam	NXF25_003943	CM077919.1	1368361	1386364	18003	neg	intact	NA	NA	846	ncbi
cadam_V2R068	cadam	NXF25_003944	CM077919.1	1394007	1410709	16702	pos	intact	NA	NA	833	ncbi
cadam_V2R069	cadam	NXF25_003946	CM077919.1	1498815	1518696	19881	pos	intact	NA	NA	848	ncbi
cadam_V2R070	cadam	NXF25_003948	CM077919.1	1539802	1565169	25367	neg	intact	NA	NA	845	ncbi
cadam_V2R071	cadam	NXF25_003949	CM077919.1	1577394	1596302	18908	pos	intact	NA	NA	849	ncbi
cadam_V2R072	cadam	NXF25_003952	CM077919.1	1624700	1635482	10782	neg	intact	NA	NA	849	ncbi
cadam_V2R073	cadam	NXF25_003953	CM077919.1	1645761	1655941	10180	pos	intact	NA	NA	829	ncbi
cadam_V2R074	cadam	NXF25_003954	CM077919.1	1658582	1671771	13189	neg	intact	NA	NA	749	ncbi
cadam_V2R075	cadam	NXF25_003955	CM077919.1	1679492	1692889	13397	neg	intact	NA	NA	845	ncbi
cadam_V2R076	cadam	NXF25_003956	CM077919.1	1699281	1722634	23353	neg	intact	NA	NA	763	ncbi
cadam_V2R077	cadam	NXF25_003957	CM077919.1	1738545	1750708	12163	pos	intact	NA	NA	849	ncbi
cadam_V2R078	cadam	NXF25_003958	CM077919.1	1763174	1774571	11397	pos	intact	NA	NA	844	ncbi
cadam_V2R079	cadam	NXF25_003961	CM077919.1	1824637	1835900	11263	neg	intact	NA	NA	842	ncbi
cadam_V2R080	cadam	NXF25_003962	CM077919.1	1849637	1866522	16885	pos	intact	NA	NA	849	ncbi
cadam_V2R081	cadam	NXF25_003963	CM077919.1	1872760	1880089	7329	neg	intact	NA	NA	885	ncbi
cadam_V2R082	cadam	NXF25_003964	CM077919.1	1884404	1905869	21465	neg	intact	NA	NA	847	ncbi
cadam_V2R083	cadam	NXF25_003965	CM077919.1	1909866	1925161	15295	neg	intact	NA	NA	847	ncbi
cadam_V2R084	cadam	NXF25_003966	CM077919.1	1934064	1941309	7245	neg	intact	NA	NA	799	ncbi
cadam_V2R085	cadam	NXF25_003967	CM077919.1	1949319	1967157	17838	neg	intact	NA	NA	846	ncbi
cadam_V2R086	cadam	NXF25_003968	CM077919.1	1974557	1991067	16510	pos	intact	NA	NA	815	ncbi
cadam_V2R087	cadam	NXF25_003969	CM077919.1	2018186	2025542	7356	neg	intact	NA	NA	799	ncbi
cadam_V2R088	cadam	NXF25_003970	CM077919.1	2034520	2054109	19589	neg	intact	NA	NA	847	ncbi
cadam_V2R089	cadam	NXF25_003980	CM077919.1	2275074	2285859	10785	neg	intact	NA	NA	851	ncbi
cadam_V2R090	cadam	NXF25_003981	CM077919.1	2296137	2306314	10177	pos	intact	NA	NA	829	ncbi
cadam_V2R091	cadam	NXF25_003982	CM077919.1	2308955	2322157	13202	neg	intact	NA	NA	749	ncbi
cadam_V2R092	cadam	NXF25_003983	CM077919.1	2329878	2343288	13410	neg	intact	NA	NA	845	ncbi
cadam_V2R093	cadam	NXF25_003984	CM077919.1	2349671	2373007	23336	neg	intact	NA	NA	763	ncbi
cadam_V2R094	cadam	NXF25_003985	CM077919.1	2388918	2401084	12166	pos	intact	NA	NA	849	ncbi
cadam_V2R095	cadam	NXF25_003986	CM077919.1	2413559	2424955	11396	pos	intact	NA	NA	826	ncbi
cadam_V2R096	cadam	NXF25_003994	CM077919.1	2619753	2631086	11333	neg	intact	NA	NA	851	ncbi
cadam_V2R097	cadam	NXF25_003995	CM077919.1	2643413	2657989	14576	pos	intact	NA	NA	849	ncbi
cadam_V2R098	cadam	NXF25_003996	CM077919.1	2664149	2671494	7345	neg	intact	NA	NA	885	ncbi
cadam_V2R099	cadam	NXF25_003997	CM077919.1	2675809	2697302	21493	neg	intact	NA	NA	847	ncbi
cadam_V2R100	cadam	NXF25_003998	CM077919.1	2701279	2716569	15290	neg	intact	NA	NA	847	ncbi
cadam_V2R101	cadam	NXF25_003999	CM077919.1	2725472	2732720	7248	neg	intact	NA	NA	799	ncbi
cadam_V2R102	cadam	NXF25_004000	CM077919.1	2740705	2758584	17879	neg	intact	NA	NA	846	ncbi
cadam_V2R103	cadam	NXF25_004004	CM077919.1	2818222	2838122	19900	neg	intact	NA	NA	848	ncbi
cadam_V2R104	cadam	NXF25_004005	CM077919.1	2861831	2875187	13356	neg	intact	NA	NA	825	ncbi
cadam_V2R105	cadam	NXF25_004006	CM077919.1	2885902	2903214	17312	pos	intact	NA	NA	714	ncbi
cadam_V2R106	cadam	NXF25_004008	CM077919.1	2923313	2938041	14728	neg	intact	NA	NA	846	ncbi
cadam_V2R107	cadam	NXF25_004011	CM077919.1	2956736	2967572	10836	pos	intact	NA	NA	853	ncbi
cadam_V2R108	cadam	NXF25_004013	CM077919.1	3036523	3050502	13979	pos	intact	NA	NA	846	ncbi
cadam_V2R109	cadam	NXF25_004014	CM077919.1	3058443	3067492	9049	pos	intact	NA	NA	799	ncbi
cadam_V2R110	cadam	NXF25_004015	CM077919.1	3070129	3086089	15960	neg	intact	NA	NA	849	ncbi
cadam_V2R111	cadam	NXF25_004016	CM077919.1	3094361	3106779	12418	neg	intact	NA	NA	845	ncbi
cadam_V2R112	cadam	NXF25_004017	CM077919.1	3118138	3132417	14279	pos	intact	NA	NA	847	ncbi
cadam_V2R113	cadam	NXF25_004018	CM077919.1	3164045	3171357	7312	neg	intact	NA	NA	800	ncbi
cadam_V2R114	cadam	NXF25_004019	CM077919.1	3179446	3197450	18004	neg	intact	NA	NA	846	ncbi
cadam_V2R115	cadam	NXF25_004020	CM077919.1	3205090	3221720	16630	pos	intact	NA	NA	833	ncbi
cadam_V2R116	cadam	NXF25_004025	CM077919.1	3246547	3273108	26561	neg	intact	NA	NA	849	ncbi
cadam_V2R117	cadam	NXF25_004026	CM077919.1	3297506	3316749	19243	neg	intact	NA	NA	843	ncbi
cadam_V2R118	cadam	NXF25_004027	CM077919.1	3327849	3343566	15717	pos	intact	NA	NA	845	ncbi
cadam_V2R119	cadam	NXF25_004031	CM077919.1	3431215	3442642	11427	neg	intact	NA	NA	847	ncbi
cadam_V2R120	cadam	NXF25_004038	CM077919.1	3560260	3570452	10192	neg	intact	NA	NA	799	ncbi
cadam_V2R121	cadam	NXF25_004039	CM077919.1	3576927	3584311	7384	pos	intact	NA	NA	885	ncbi
cadam_V2R122	cadam	NXF25_004040	CM077919.1	3600116	3638462	38346	neg	intact	NA	NA	851	ncbi
cadam_V2R123	cadam	NXF25_004041	CM077919.1	3647769	3664370	16601	pos	intact	NA	NA	847	ncbi
cadam_V2R124	cadam	NXF25_004042	CM077919.1	3696864	3718513	21649	pos	intact	NA	NA	845	ncbi
cadam_V2R125	cadam	NXF25_004048	CM077919.1	3787977	3803165	15188	neg	intact	NA	NA	845	ncbi
cadam_V2R126	cadam	NXF25_004051	CM077919.1	3847895	3861534	13639	neg	intact	NA	NA	844	ncbi
cadam_V2R127	cadam	NXF25_004052	CM077919.1	3909742	3923670	13928	pos	intact	NA	NA	845	ncbi
cadam_V2R128	cadam	NXF25_004055	CM077919.1	3961563	3972969	11406	neg	intact	NA	NA	844	ncbi
cadam_V2R129	cadam	NXF25_004056	CM077919.1	3985483	3997638	12155	neg	intact	NA	NA	849	ncbi
cadam_V2R130	cadam	NXF25_004057	CM077919.1	4013548	4036896	23348	pos	intact	NA	NA	763	ncbi
cadam_V2R131	cadam	NXF25_004058	CM077919.1	4043280	4056664	13384	pos	intact	NA	NA	845	ncbi
cadam_V2R132	cadam	NXF25_004059	CM077919.1	4064385	4077598	13213	pos	intact	NA	NA	749	ncbi
cadam_V2R133	cadam	NXF25_004060	CM077919.1	4080239	4090415	10176	neg	intact	NA	NA	829	ncbi
cadam_V2R134	cadam	NXF25_004061	CM077919.1	4100694	4111990	11296	pos	intact	NA	NA	849	ncbi
cadam_V2R135	cadam	NXF25_004065	CM077919.1	4179219	4193056	13837	neg	intact	NA	NA	845	ncbi
cadam_V2R136	cadam	NXF25_004066	CM077919.1	4209848	4220870	11022	pos	intact	NA	NA	847	ncbi
cadam_V2R137	cadam	NXF25_004067	CM077919.1	4228410	4244330	15920	neg	intact	NA	NA	847	ncbi
cadam_V2R138	cadam	NXF25_004068	CM077919.1	4252864	4271946	19082	pos	intact	NA	NA	851	ncbi
cadam_V2R139	cadam	NXF25_004069	CM077919.1	4277694	4293911	16217	neg	intact	NA	NA	835	ncbi
cadam_V2R140	cadam	NXF25_004101	CM077919.1	5746309	5757867	11558	neg	intact	NA	NA	850	ncbi
cadam_V2R141	cadam	NXF25_004102	CM077919.1	5763715	5771229	7514	neg	intact	NA	NA	850	ncbi
cadam_V2R142	cadam	NXF25_004103	CM077919.1	5780351	5801028	20677	neg	intact	NA	NA	840	ncbi
cadam_V2R143	cadam	NXF25_004104	CM077919.1	5806922	5825838	18916	neg	intact	NA	NA	851	ncbi
cadam_V2R144	cadam	NXF25_004105	CM077919.1	5829280	5835064	5784	neg	intact	NA	NA	850	ncbi
cadam_V2R145	cadam	NXF25_004106	CM077919.1	5839453	5846839	7386	neg	intact	NA	NA	850	ncbi
cadam_V2R146	cadam	NXF25_004107	CM077919.1	5852647	5859079	6432	neg	intact	NA	NA	850	ncbi
cadam_V2R147	cadam	NXF25_004108	CM077919.1	5864438	5876113	11675	neg	intact	NA	NA	850	ncbi
cadam_V2R148	cadam	NXF25_004109	CM077919.1	5879763	5892768	13005	neg	intact	NA	NA	881	ncbi
cadam_V2R149	cadam	NXF25_004110	CM077919.1	5896159	5904459	8300	neg	intact	NA	NA	843	ncbi
cadam_V2R150	cadam	NXF25_004111	CM077919.1	5935888	5951640	15752	pos	intact	NA	NA	848	ncbi
cadam_V2R151	cadam	NXF25_004112	CM077919.1	5958893	5975685	16792	pos	intact	NA	NA	849	ncbi
cadam_V2R152	cadam	NXF25_004113	CM077919.1	5982162	5997385	15223	neg	intact	NA	NA	828	ncbi
cadam_V2R153	cadam	NXF25_004114	CM077919.1	6001043	6018353	17310	neg	intact	NA	NA	846	ncbi
cadam_V2R154	cadam	NXF25_004115	CM077919.1	6028682	6043790	15108	pos	intact	NA	NA	844	ncbi
cadam_V2R155	cadam	NXF25_004116	CM077919.1	6045678	6060895	15217	pos	intact	NA	NA	849	ncbi
cadam_V2R156	cadam	NXF25_004117	CM077919.1	6063683	6075264	11581	pos	intact	NA	NA	845	ncbi
cadam_V2R157	cadam	NXF25_004118	CM077919.1	6084564	6103800	19236	pos	intact	NA	NA	849	ncbi
cadam_V2R158	cadam	NXF25_004119	CM077919.1	6107158	6120342	13184	pos	intact	NA	NA	846	ncbi
cadam_V2R159	cadam	NXF25_004120	CM077919.1	6127898	6157817	29919	neg	intact	NA	NA	847	ncbi
cadam_V2R160	cadam	NXF25_004121	CM077919.1	6174054	6188055	14001	neg	intact	NA	NA	844	ncbi
cadam_V2R161	cadam	NXF25_004122	CM077919.1	6197729	6209713	11984	neg	intact	NA	NA	855	ncbi
cadam_V2R162	cadam	NXF25_004123	CM077919.1	6215966	6228130	12164	neg	intact	NA	NA	848	ncbi
cadam_V2R163	cadam	NXF25_004124	CM077919.1	6232998	6245536	12538	neg	intact	NA	NA	847	ncbi
cadam_V2R164	cadam	NXF25_004125	CM077919.1	6258262	6269525	11263	neg	intact	NA	NA	858	ncbi
cadam_V2R165	cadam	NXF25_004126	CM077919.1	6294353	6307684	13331	neg	intact	NA	NA	847	ncbi
cadam_V2R166	cadam	NXF25_004130	CM077919.1	6444687	6463051	18364	pos	intact	NA	NA	886	ncbi
cadam_V2R167	cadam	NXF25_004131	CM077919.1	6469737	6488152	18415	pos	intact	NA	NA	886	ncbi
cadam_V2R168	cadam	NXF25_004132	CM077919.1	6495248	6505595	10347	neg	intact	NA	NA	873	ncbi
cadam_V2R169	cadam	NXF25_004133	CM077919.1	6509886	6520078	10192	pos	intact	NA	NA	871	ncbi
cadam_V2R170	cadam	NXF25_004135	CM077919.1	6655415	6666177	10762	pos	intact	NA	NA	870	ncbi
cadam_V2R171	cadam	NXF25_004152	CM077919.1	7080678	7091910	11232	neg	intact	NA	NA	866	ncbi
cadam_V2R172	cadam	NXF25_004153	CM077919.1	7094654	7110246	15592	neg	intact	NA	NA	819	ncbi
cadam_V2R173	cadam	NXF25_004154	CM077919.1	7112055	7131403	19348	neg	intact	NA	NA	861	ncbi
cadam_V2R174	cadam	NXF25_004155	CM077919.1	7157127	7168527	11400	pos	intact	NA	NA	855	ncbi
cadam_V2R175	cadam	NXF25_004156	CM077919.1	7173037	7190120	17083	pos	intact	NA	NA	860	ncbi
cadam_V2R176	cadam	NXF25_004157	CM077919.1	7195423	7209632	14209	pos	intact	NA	NA	861	ncbi
cadam_V2R177	cadam	NXF25_004158	CM077919.1	7215970	7227686	11716	pos	intact	NA	NA	856	ncbi
cadam_V2R178	cadam	NXF25_004159	CM077919.1	7239854	7248722	8868	pos	intact	NA	NA	824	ncbi
cadam_V2R179	cadam	NXF25_004160	CM077919.1	7259193	7273419	14226	neg	intact	NA	NA	854	ncbi
cadam_V2R180	cadam	NXF25_004161	CM077919.1	7293837	7304902	11065	pos	intact	NA	NA	861	ncbi
cadam_V2R181	cadam	NXF25_004162	CM077919.1	7316124	7325568	9444	pos	intact	NA	NA	856	ncbi
cadam_V2R182	cadam	NXF25_004163	CM077919.1	7361511	7369776	8265	neg	intact	NA	NA	856	ncbi
cadam_V2R183	cadam	NXF25_004164	CM077919.1	7375977	7385866	9889	pos	intact	NA	NA	856	ncbi
cadam_V2R184	cadam	NXF25_004165	CM077919.1	7407062	7415640	8578	pos	intact	NA	NA	856	ncbi
cadam_V2R185	cadam	NXF25_004166	CM077919.1	7445734	7456862	11128	pos	intact	NA	NA	856	ncbi
cadam_V2R186	cadam	NXF25_004167	CM077919.1	7477712	7489926	12214	pos	intact	NA	NA	852	ncbi
cadam_V2R187	cadam	NXF25_004168	CM077919.1	7501540	7521229	19689	pos	intact	NA	NA	850	ncbi
cadam_V2R188	cadam	NXF25_004169	CM077919.1	7527182	7537905	10723	pos	intact	NA	NA	860	ncbi
cadam_V2R189	cadam	NXF25_004170	CM077919.1	7556769	7564752	7983	neg	intact	NA	NA	858	ncbi
cadam_V2R190	cadam	NXF25_004171	CM077919.1	7573105	7583775	10670	pos	intact	NA	NA	861	ncbi
cadam_V2R191	cadam	NXF25_004172	CM077919.1	7621252	7631361	10109	neg	intact	NA	NA	849	ncbi
cadam_V2R192	cadam	NXF25_004174	CM077919.1	7641579	7649060	7481	pos	intact	NA	NA	837	ncbi
cadam_V2R193	cadam	NXF25_004186	CM077919.1	7933101	7946915	13814	neg	intact	NA	NA	867	ncbi
cadam_V2R194	cadam	NXF25_004187	CM077919.1	7965454	7979652	14198	pos	intact	NA	NA	867	ncbi
cadam_V2R195	cadam	NXF25_004238	CM077919.1	9475436	9490539	15103	pos	intact	NA	NA	855	ncbi
cadam_V2R196	cadam	NXF25_004239	CM077919.1	9503999	9513990	9991	pos	intact	NA	NA	846	ncbi
cadam_V2R197	cadam	NXF25_004250	CM077919.1	9780370	9793445	13075	neg	intact	NA	NA	820	ncbi
cadam_V2R198	cadam	NXF25_004251	CM077919.1	9804814	9820055	15241	pos	intact	NA	NA	852	ncbi
cadam_V2R199	cadam	NXF25_004252	CM077919.1	9832629	9843562	10933	neg	intact	NA	NA	856	ncbi
cadam_V2R200	cadam	NXF25_004253	CM077919.1	9853178	9866745	13567	pos	intact	NA	NA	845	ncbi
cadam_V2R201	cadam	NXF25_004254	CM077919.1	9898269	9908468	10199	pos	intact	NA	NA	851	ncbi
cadam_V2R202	cadam	NXF25_004255	CM077919.1	9913607	9926092	12485	neg	intact	NA	NA	823	ncbi
cadam_V2R203	cadam	NXF25_004256	CM077919.1	9933007	9944523	11516	neg	intact	NA	NA	850	ncbi
cadam_V2R204	cadam	NXF25_004257	CM077919.1	9949656	9964611	14955	neg	intact	NA	NA	850	ncbi
cadam_V2R205	cadam	NXF25_004258	CM077919.1	9972556	9979774	7218	pos	intact	NA	NA	853	ncbi
cadam_V2R206	cadam	NXF25_004259	CM077919.1	9986743	10003940	17197	pos	intact	NA	NA	826	ncbi
cadam_V2R207	cadam	NXF25_004260	CM077919.1	10037144	10049309	12165	pos	intact	NA	NA	879	ncbi
cadam_V2R208	cadam	NXF25_004261	CM077919.1	10058125	10067565	9440	pos	intact	NA	NA	845	ncbi
cadam_V2R209	cadam	NXF25_004262	CM077919.1	10087459	10102890	15431	pos	intact	NA	NA	849	ncbi
cadam_V2R210	cadam	NXF25_004263	CM077919.1	10111990	10122376	10386	neg	intact	NA	NA	842	ncbi
cadam_V2R211	cadam	NXF25_004264	CM077919.1	10126528	10138907	12379	pos	intact	NA	NA	841	ncbi
cadam_V2R212	cadam	NXF25_004265	CM077919.1	10144423	10172474	28051	neg	intact	NA	NA	849	ncbi
cadam_V2R213	cadam	NXF25_004266	CM077919.1	10179140	10198211	19071	neg	intact	NA	NA	835	ncbi
cadam_V2R214	cadam	NXF25_004267	CM077919.1	10213956	10221130	7174	pos	intact	NA	NA	858	ncbi
cadam_V2R215	cadam	NXF25_004268	CM077919.1	10230288	10244406	14118	pos	intact	NA	NA	847	ncbi
cadam_V2R216	cadam	NXF25_004269	CM077919.1	10261486	10276228	14742	neg	intact	NA	NA	848	ncbi
cadam_V2R217	cadam	NXF25_004270	CM077919.1	10283761	10296583	12822	neg	intact	NA	NA	847	ncbi
cadam_V2R218	cadam	NXF25_004271	CM077919.1	10301353	10317757	16404	neg	intact	NA	NA	848	ncbi
cadam_V2R219	cadam	NXF25_004272	CM077919.1	10328420	10342250	13830	pos	intact	NA	NA	845	ncbi
cadam_V2R220	cadam	NXF25_004273	CM077919.1	10346364	10361183	14819	pos	intact	NA	NA	850	ncbi
cadam_V2R221	cadam	NXF25_004274	CM077919.1	10373623	10386939	13316	pos	intact	NA	NA	850	ncbi
cadam_V2R222	cadam	NXF25_004275	CM077919.1	10402683	10411462	8779	pos	intact	NA	NA	850	ncbi
cadam_V2R223	cadam	NXF25_004276	CM077919.1	10458297	10470265	11968	pos	intact	NA	NA	850	ncbi
cadam_V2R224	cadam	NXF25_004277	CM077919.1	10481009	10494309	13300	pos	intact	NA	NA	850	ncbi
cadam_V2R225	cadam	NXF25_004278	CM077919.1	10505241	10518555	13314	pos	intact	NA	NA	850	ncbi
cadam_V2R226	cadam	NXF25_004279	CM077919.1	10558072	10569390	11318	pos	intact	NA	NA	854	ncbi
cadam_V2R227	cadam	NXF25_004280	CM077919.1	10588092	10601034	12942	neg	intact	NA	NA	850	ncbi
cadam_V2R228	cadam	NXF25_004281	CM077919.1	10610919	10622245	11326	neg	intact	NA	NA	846	ncbi
cadam_V2R229	cadam	NXF25_004294	CM077919.1	10889128	10909949	20821	pos	intact	NA	NA	848	ncbi
cadam_V2R230	cadam	NXF25_004295	CM077919.1	10922860	10931781	8921	neg	intact	NA	NA	843	ncbi
cadam_V2R231	cadam	NXF25_004296	CM077919.1	10944419	10953543	9124	neg	intact	NA	NA	854	ncbi
cadam_V2R232	cadam	NXF25_004297	CM077919.1	10960908	10969591	8683	pos	intact	NA	NA	854	ncbi
cadam_V2R233	cadam	NXF25_004298	CM077919.1	10983503	10996700	13197	pos	intact	NA	NA	844	ncbi
cadam_V2R234	cadam	NXF25_004299	CM077919.1	10999458	11014032	14574	pos	intact	NA	NA	851	ncbi
cadam_V2R235	cadam	NXF25_004300	CM077919.1	11037824	11049600	11776	neg	intact	NA	NA	849	ncbi
cadam_V2R236	cadam	NXF25_004301	CM077919.1	11060547	11082544	21997	pos	intact	NA	NA	835	ncbi
cadam_V2R237	cadam	NXF25_004302	CM077919.1	11096335	11107041	10706	neg	intact	NA	NA	851	ncbi
cadam_V2R238	cadam	NXF25_004303	CM077919.1	11112024	11124250	12226	pos	intact	NA	NA	850	ncbi
cadam_V2R239	cadam	NXF25_004304	CM077919.1	11128203	11142446	14243	neg	intact	NA	NA	823	ncbi
cadam_V2R240	cadam	NXF25_004305	CM077919.1	11176462	11193616	17154	pos	intact	NA	NA	850	ncbi
cadam_V2R241	cadam	NXF25_004306	CM077919.1	11206045	11213957	7912	pos	intact	NA	NA	849	ncbi
cadam_V2R242	cadam	NXF25_004307	CM077919.1	11222163	11235902	13739	neg	intact	NA	NA	851	ncbi
cadam_V2R243	cadam	NXF25_004308	CM077919.1	11254481	11266585	12104	pos	intact	NA	NA	849	ncbi
cadam_V2R244	cadam	NXF25_004309	CM077919.1	11291570	11305769	14199	pos	intact	NA	NA	848	ncbi
cadam_V2R245	cadam	NXF25_004310	CM077919.1	11311362	11329854	18492	neg	intact	NA	NA	881	ncbi
cadam_V2R246	cadam	NXF25_004311	CM077919.1	11341001	11353613	12612	pos	intact	NA	NA	856	ncbi
cadam_V2R247	cadam	NXF25_004312	CM077919.1	11381342	11393196	11854	pos	intact	NA	NA	849	ncbi
cadam_V2R248	cadam	NXF25_004313	CM077919.1	11400367	11413133	12766	neg	intact	NA	NA	856	ncbi
cadam_V2R249	cadam	NXF25_004314	CM077919.1	11422347	11441163	18816	neg	intact	NA	NA	846	ncbi
cadam_V2R250	cadam	NXF25_004315	CM077919.1	11445365	11454595	9230	pos	intact	NA	NA	845	ncbi
cadam_V2R251	cadam	NXF25_004316	CM077919.1	11458819	11472288	13469	neg	intact	NA	NA	851	ncbi
cadam_V2R252	cadam	NXF25_004317	CM077919.1	11486075	11496511	10436	pos	intact	NA	NA	848	ncbi
cadam_V2R253	cadam	NXF25_004318	CM077919.1	11508192	11519898	11706	pos	intact	NA	NA	850	ncbi
cadam_V2R254	cadam	NXF25_004319	CM077919.1	11522821	11535104	12283	pos	intact	NA	NA	850	ncbi
cadam_V2R255	cadam	NXF25_004320	CM077919.1	11560937	11574641	13704	pos	intact	NA	NA	789	ncbi
cadam_V2R256	cadam	NXF25_004321	CM077919.1	11578337	11588424	10087	neg	intact	NA	NA	849	ncbi
cadam_V2R257	cadam	NXF25_004322	CM077919.1	11596051	11616740	20689	pos	intact	NA	NA	826	ncbi
cadam_V2R258	cadam	NXF25_004323	CM077919.1	11619422	11628183	8761	neg	intact	NA	NA	872	ncbi
cadam_V2R259	cadam	NXF25_004324	CM077919.1	11639485	11648240	8755	pos	intact	NA	NA	855	ncbi
cadam_V2R260	cadam	NXF25_004325	CM077919.1	11662456	11680907	18451	pos	intact	NA	NA	869	ncbi
cadam_V2R261	cadam	NXF25_004326	CM077919.1	11687805	11706974	19169	pos	intact	NA	NA	852	ncbi
cadam_V2R262	cadam	NXF25_004327	CM077919.1	11716597	11727917	11320	neg	intact	NA	NA	840	ncbi
cadam_V2R263	cadam	NXF25_004328	CM077919.1	11756088	11763474	7386	pos	intact	NA	NA	797	ncbi
cadam_V2R264	cadam	NXF25_004329	CM077919.1	11772181	11780743	8562	pos	intact	NA	NA	862	ncbi
cadam_V2R265	cadam	NXF25_004330	CM077919.1	11786582	11795721	9139	pos	intact	NA	NA	862	ncbi
cadam_V2R266	cadam	NXF25_004331	CM077919.1	11804429	11813507	9078	pos	intact	NA	NA	862	ncbi
cadam_V2R267	cadam	NXF25_004332	CM077919.1	11820993	11838762	17769	pos	intact	NA	NA	862	ncbi
cadam_V2R268	cadam	NXF25_004333	CM077919.1	11844598	11853707	9109	pos	intact	NA	NA	852	ncbi
cadam_V2R269	cadam	NXF25_004334	CM077919.1	11862409	11883182	20773	pos	intact	NA	NA	862	ncbi
cadam_V2R270	cadam	NXF25_004335	CM077919.1	11891126	11908962	17836	pos	intact	NA	NA	862	ncbi
cadam_V2R271	cadam	NXF25_004336	CM077919.1	11913197	11921441	8244	pos	intact	NA	NA	800	ncbi
cadam_V2R272	cadam	NXF25_004337	CM077919.1	11944332	11954992	10660	neg	intact	NA	NA	856	ncbi
cadam_V2R273	cadam	NXF25_004338	CM077919.1	11969954	11980955	11001	pos	intact	NA	NA	862	ncbi
cadam_V2R274	cadam	NXF25_004339	CM077919.1	11989539	11998788	9249	pos	intact	NA	NA	862	ncbi
cadam_V2R275	cadam	NXF25_004340	CM077919.1	12003228	12013895	10667	pos	intact	NA	NA	856	ncbi
cadam_V2R276	cadam	NXF25_004341	CM077919.1	12033918	12043657	9739	neg	intact	NA	NA	807	ncbi
cadam_V2R277	cadam	NXF25_004342	CM077919.1	12049841	12062913	13072	neg	intact	NA	NA	862	ncbi
cadam_V2R278	cadam	NXF25_004343	CM077919.1	12075615	12087355	11740	neg	intact	NA	NA	792	ncbi
cadam_V2R279	cadam	NXF25_004344	CM077919.1	12103336	12109470	6134	pos	intact	NA	NA	860	ncbi
cadam_V2R280	cadam	NXF25_004432	CM077919.1	14911504	14929561	18057	neg	intact	NA	NA	794	ncbi
cadam_V2R281	cadam	NXF25_004433	CM077919.1	14932148	14957637	25489	neg	intact	NA	NA	848	ncbi
cadam_V2R282	cadam	NXF25_004434	CM077919.1	14993832	15009075	15243	neg	intact	NA	NA	848	ncbi
cadam_V2R283	cadam	NXF25_004435	CM077919.1	15026390	15049923	23533	pos	intact	NA	NA	848	ncbi
cadam_V2R284	cadam	NXF25_004436	CM077919.1	15078080	15117018	38938	pos	intact	NA	NA	848	ncbi
cadam_V2R285	cadam	NXF25_004437	CM077919.1	15141954	15173493	31539	pos	intact	NA	NA	848	ncbi
cadam_V2R286	cadam	NXF25_004438	CM077919.1	15187967	15204026	16059	neg	intact	NA	NA	850	ncbi
cadam_V2R287	cadam	NXF25_004439	CM077919.1	15209166	15220014	10848	pos	intact	NA	NA	851	ncbi
cadam_V2R288	cadam	NXF25_004440	CM077919.1	15228673	15240896	12223	pos	intact	NA	NA	850	ncbi
cadam_V2R289	cadam	NXF25_004499	CM077919.1	19515627	19535621	19994	pos	intact	NA	NA	860	ncbi
cadam_V2R290	cadam	NXF25_004500	CM077919.1	19541953	19552309	10356	pos	intact	NA	NA	861	ncbi
cadam_V2R291	cadam	NXF25_004501	CM077919.1	19578149	19592189	14040	pos	intact	NA	NA	861	ncbi
cadam_V2R292	cadam	NXF25_004502	CM077919.1	19602455	19620582	18127	pos	intact	NA	NA	837	ncbi
cadam_V2R293	cadam	NXF25_004503	CM077919.1	19628684	19638271	9587	pos	intact	NA	NA	870	ncbi
cadam_V2R294	cadam	NXF25_004504	CM077919.1	19645434	19656489	11055	pos	intact	NA	NA	869	ncbi
cadam_V2R295	cadam	NXF25_004505	CM077919.1	19660470	19669937	9467	pos	intact	NA	NA	870	ncbi
cadam_V2R296	cadam	NXF25_004506	CM077919.1	19679282	19694537	15255	pos	intact	NA	NA	861	ncbi
cadam_V2R297	cadam	NXF25_004507	CM077919.1	19702635	19720877	18242	pos	intact	NA	NA	861	ncbi
cadam_V2R298	cadam	NXF25_004508	CM077919.1	19724848	19734761	9913	pos	intact	NA	NA	870	ncbi
cadam_V2R299	cadam	NXF25_004509	CM077919.1	19745394	19763528	18134	pos	intact	NA	NA	905	ncbi
cadam_V2R300	cadam	NXF25_004510	CM077919.1	19780055	19790782	10727	pos	intact	NA	NA	870	ncbi
cadam_V2R301	cadam	NXF25_004563	CM077919.1	21641052	21651588	10536	neg	intact	NA	NA	870	ncbi
cadam_V2R302	cadam	NXF25_004564	CM077919.1	21660838	21673972	13134	neg	intact	NA	NA	872	ncbi
cadam_V2R303	cadam	NXF25_004565	CM077919.1	21680824	21692677	11853	neg	intact	NA	NA	863	ncbi
cadam_V2R304	cadam	NXF25_004566	CM077919.1	21709694	21727110	17416	neg	intact	NA	NA	872	ncbi
cadam_V2R305	cadam	NXF25_004567	CM077919.1	21751355	21762744	11389	pos	intact	NA	NA	860	ncbi
cadam_V2R306	cadam	NXF25_004568	CM077919.1	21777435	21790506	13071	pos	intact	NA	NA	857	ncbi
cadam_V2R307	cadam	NXF25_004569	CM077919.1	21799684	21816656	16972	pos	intact	NA	NA	863	ncbi
cadam_V2R308	cadam	NXF25_004570	CM077919.1	21824813	21837972	13159	pos	intact	NA	NA	860	ncbi
cadam_V2R309	cadam	NXF25_004571	CM077919.1	21846680	21859955	13275	pos	intact	NA	NA	860	ncbi
cadam_V2R310	cadam	NXF25_004572	CM077919.1	21868865	21886000	17135	pos	intact	NA	NA	860	ncbi
cadam_V2R311	cadam	NXF25_004573	CM077919.1	21894650	21909198	14548	pos	intact	NA	NA	860	ncbi
cadam_V2R312	cadam	NXF25_004574	CM077919.1	21911912	21923074	11162	neg	intact	NA	NA	855	ncbi
cadam_V2R313	cadam	NXF25_004575	CM077919.1	21925671	21939401	13730	pos	intact	NA	NA	868	ncbi
cadam_V2R314	cadam	NXF25_004576	CM077919.1	21948819	21958029	9210	neg	intact	NA	NA	870	ncbi
cadam_V2R315	cadam	NXF25_004577	CM077919.1	21965783	21975419	9636	neg	intact	NA	NA	870	ncbi
cadam_V2R316	cadam	NXF25_004578	CM077919.1	21983370	21992078	8708	neg	intact	NA	NA	870	ncbi
cadam_V2R317	cadam	NXF25_004579	CM077919.1	22007603	22016349	8746	neg	intact	NA	NA	870	ncbi
cadam_V2R318	cadam	NXF25_004580	CM077919.1	22021552	22030103	8551	neg	intact	NA	NA	870	ncbi
cadam_V2R319	cadam	NXF25_004581	CM077919.1	22039656	22048726	9070	neg	intact	NA	NA	870	ncbi
cadam_V2R320	cadam	NXF25_004582	CM077919.1	22056584	22064853	8269	neg	intact	NA	NA	810	ncbi
cadam_V2R321	cadam	NXF25_004583	CM077919.1	22072903	22086227	13324	pos	intact	NA	NA	845	ncbi
cadam_V2R322	cadam	NXF25_004584	CM077919.1	22093274	22102808	9534	neg	intact	NA	NA	850	ncbi
cadam_V2R323	cadam	NXF25_004585	CM077919.1	22108858	22109724	866	neg	fragmented	NA	NA	288	ncbi
cadam_V2R324	cadam	NXF25_004589	CM077919.1	22170933	22193698	22765	neg	intact	NA	NA	862	ncbi
cadam_V2R325	cadam	NXF25_004590	CM077919.1	22196781	22208351	11570	neg	intact	NA	NA	862	ncbi
cadam_V2R326	cadam	NXF25_004591	CM077919.1	22216974	22232471	15497	neg	intact	NA	NA	862	ncbi
cadam_V2R327	cadam	NXF25_004592	CM077919.1	22235639	22245999	10360	neg	intact	NA	NA	862	ncbi
cadam_V2R328	cadam	NXF25_004642	CM077919.1	24067955	24083251	15296	neg	intact	NA	NA	865	ncbi
cadam_V2R329	cadam	NXF25_017395	CM077931.1	11185530	11238114	52584	neg	intact	NA	NA	838	ncbi
cadam_V2R330	cadam	NXF25_017398	CM077931.1	11507501	11531370	23869	neg	intact	NA	NA	850	ncbi
cadam_V2R331	cadam	NXF25_017401	CM077931.1	11680452	11704323	23871	neg	intact	NA	NA	850	ncbi
cadam_V2R332	cadam	NXF25_017406	CM077931.1	11986290	12003554	17264	neg	intact	NA	NA	815	ncbi
cadam_V2R333	cadam	NXF25_017409	CM077931.1	12109069	12123981	14912	neg	intact	NA	NA	850	ncbi
cadam_V2R334	cadam	NXF25_017410	CM077931.1	12264929	12288120	23191	neg	intact	NA	NA	862	ncbi
cadam_V2R335	cadam	NXF25_017411	CM077931.1	12320879	12343409	22530	pos	intact	NA	NA	850	ncbi
cadam_V2R336	cadam	NXF25_017418	CM077932.1	936033	955628	19595	pos	partial	NA	NA	657	ncbi
cadam_V2R337	cadam	NXF25_017422	CM077932.1	1362810	1373481	10671	neg	intact	NA	NA	850	ncbi
cadam_V2R338	cadam	NXF25_017427	CM077932.1	1757133	1767797	10664	neg	intact	NA	NA	804	ncbi
cadam_V2R339	cadam	NXF25_017432	CM077932.1	2183982	2194645	10663	neg	intact	NA	NA	850	ncbi
cadam_V2R340	cadam	NXF25_017436	CM077932.1	2490928	2507695	16767	neg	intact	NA	NA	850	ncbi
cadam_V2R341	cadam	NXF25_017439	CM077932.1	2628708	2639378	10670	neg	intact	NA	NA	850	ncbi
cadam_V2R342	cadam	NXF25_017440	CM077932.1	2718080	2736343	18263	neg	intact	NA	NA	850	ncbi
cadam_V2R343	cadam	NXF25_017447	CM077932.1	3224583	3242870	18287	neg	intact	NA	NA	850	ncbi
cadam_V2R344	cadam	NXF25_017453	CM077932.1	3530691	3541363	10672	neg	intact	NA	NA	850	ncbi
cadam_V2R345	cadam	NXF25_017454	CM077932.1	3633173	3651436	18263	neg	intact	NA	NA	851	ncbi
cadam_V2R346	cadam	NXF25_017462	CM077932.1	4176729	4187866	11137	neg	intact	NA	NA	817	ncbi
cadam_V2R347	cadam	NXF25_017511	CM077932.1	6034564	6044988	10424	pos	intact	NA	NA	848	ncbi
cadam_V2R348	cadam	NXF25_018735	CM077935.1	1294089	1305339	11250	pos	intact	NA	NA	699	ncbi
cadam_V2R349	cadam	NXF25_020467	CM077936.1	113405791	113412035	6244	neg	intact	NA	NA	874	ncbi
cadam_V2R350	cadam	NXF25_020469	CM077936.1	113444958	113451917	6959	neg	intact	NA	NA	873	ncbi
cadam_V2R351	cadam	NXF25_020470	CM077936.1	113454886	113464464	9578	neg	intact	NA	NA	874	ncbi
cadam_V2R352	cadam	NXF25_020520	CM077936.1	114888292	114901152	12860	neg	intact	NA	NA	884	ncbi
cadam_V2R353	cadam	NXF25_020521	CM077936.1	114967628	114975699	8071	pos	intact	NA	NA	883	ncbi
cadam_V2R354	cadam	NXF25_020522	CM077936.1	115042396	115048966	6570	pos	intact	NA	NA	839	ncbi
cadam_V2R355	cadam	NXF25_020523	CM077936.1	115069769	115081283	11514	pos	intact	NA	NA	853	ncbi
cadam_V2R356	cadam	NXF25_020524	CM077936.1	115117940	115128708	10768	pos	intact	NA	NA	869	ncbi
cadam_V2R357	cadam	NXF25_020572	CM077936.1	115772907	115791743	18836	pos	intact	NA	NA	852	ncbi
cadam_V2R358	cadam	NXF25_020574	CM077936.1	115825719	115835167	9448	pos	intact	NA	NA	832	ncbi
cadam_V2R359	cadam	NXF25_020627	CM077936.1	116625730	116634578	8848	pos	intact	NA	NA	874	ncbi
cadam_V2R360	cadam	NXF25_020679	CM077936.1	117492430	117501939	9509	pos	intact	NA	NA	872	ncbi
cadam_V2R361	cadam	NXF25_020708	CM077936.1	118601600	118608805	7205	neg	intact	NA	NA	819	ncbi
cadam_V2R362	cadam	NXF25_020709	CM077936.1	118611439	118618402	6963	neg	intact	NA	NA	895	ncbi
cadam_V2R363	cadam	NXF25_020710	CM077936.1	118625779	118634533	8754	neg	intact	NA	NA	841	ncbi
cadam_V2R364	cadam	NXF25_020711	CM077936.1	118657391	118676624	19233	neg	intact	NA	NA	873	ncbi
cadam_V2R365	cadam	NXF25_020712	CM077936.1	118707045	118737720	30675	pos	intact	NA	NA	859	ncbi
cadam_V2R366	cadam	NXF25_020713	CM077936.1	118780885	118795937	15052	pos	intact	NA	NA	875	ncbi
cadam_V2R367	cadam	NXF25_020714	CM077936.1	118895924	118904364	8440	neg	intact	NA	NA	872	ncbi
cadam_V2R368	cadam	NXF25_020715	CM077936.1	118951465	118963341	11876	pos	intact	NA	NA	877	ncbi
cadam_V2R369	cadam	NXF25_020716	CM077936.1	118983456	119000960	17504	pos	intact	NA	NA	884	ncbi
cadam_V2R370	cadam	NXF25_020717	CM077936.1	119027441	119046149	18708	pos	intact	NA	NA	871	ncbi
cadam_V2R371	cadam	NXF25_020718	CM077936.1	119067113	119086920	19807	pos	intact	NA	NA	857	ncbi
cadam_V2R372	cadam	NXF25_020719	CM077936.1	119102484	119116705	14221	pos	intact	NA	NA	800	ncbi
cadam_V2R373	cadam	NXF25_020720	CM077936.1	119120339	119135818	15479	pos	partial	NA	NA	687	ncbi
cadam_V2R374	cadam	NXF25_020721	CM077936.1	119175878	119187058	11180	pos	intact	NA	NA	868	ncbi
cadam_V2R375	cadam	NXF25_020722	CM077936.1	119189858	119206261	16403	pos	intact	NA	NA	869	ncbi
cadam_V2R376	cadam	NXF25_020723	CM077936.1	119218163	119230183	12020	pos	intact	NA	NA	871	ncbi
cadam_V2R377	cadam	NXF25_020724	CM077936.1	119242097	119251224	9127	pos	intact	NA	NA	866	ncbi
cadam_V2R378	cadam	NXF25_020725	CM077936.1	119274845	119286654	11809	pos	intact	NA	NA	870	ncbi
cadam_V2R379	cadam	NXF25_020726	CM077936.1	119310732	119324348	13616	pos	intact	NA	NA	863	ncbi
cadam_V2R380	cadam	NXF25_020727	CM077936.1	119377808	119393810	16002	pos	intact	NA	NA	871	ncbi
cadam_V2R381	cadam	NXF25_020728	CM077936.1	119422609	119438058	15449	pos	intact	NA	NA	864	ncbi
cadam_V2R382	cadam	NXF25_020729	CM077936.1	119447751	119466410	18659	pos	intact	NA	NA	819	ncbi
cadam_V2R383	cadam	NXF25_020730	CM077936.1	119469930	119477763	7833	neg	intact	NA	NA	887	ncbi
cadam_V2R384	cadam	NXF25_020731	CM077936.1	119482951	119492109	9158	neg	intact	NA	NA	890	ncbi
cadam_V2R385	cadam	NXF25_020732	CM077936.1	119541900	119560484	18584	neg	intact	NA	NA	875	ncbi
cadam_V2R386	cadam	NXF25_020733	CM077936.1	119599998	119612124	12126	neg	intact	NA	NA	876	ncbi
cadam_V2R387	cadam	NXF25_020734	CM077936.1	119639145	119660965	21820	neg	intact	NA	NA	885	ncbi
cadam_V2R388	cadam	NXF25_020735	CM077936.1	119673421	119688874	15453	neg	intact	NA	NA	871	ncbi
cadam_V2R389	cadam	NXF25_020736	CM077936.1	119711287	119730829	19542	neg	intact	NA	NA	874	ncbi
cadam_V2R390	cadam	NXF25_020737	CM077936.1	119735323	119747047	11724	neg	intact	NA	NA	874	ncbi
cadam_V2R391	cadam	NXF25_020738	CM077936.1	119752936	119770880	17944	neg	intact	NA	NA	814	ncbi
cadam_V2R392	cadam	NXF25_020742	CM077936.1	119896578	119910706	14128	neg	partial	NA	NA	588	ncbi
cadam_V2R393	cadam	NXF25_020743	CM077936.1	119984795	119994316	9521	pos	intact	NA	NA	896	ncbi
cadam_V2R394	cadam	NXF25_020744	CM077936.1	119999713	120026233	26520	pos	intact	NA	NA	824	ncbi
cadam_V2R395	cadam	NXF25_020745	CM077936.1	120035613	120056122	20509	pos	intact	NA	NA	873	ncbi
cadam_V2R396	cadam	NXF25_020746	CM077936.1	120082296	120093036	10740	pos	intact	NA	NA	873	ncbi
cadam_V2R397	cadam	NXF25_020747	CM077936.1	120094800	120117567	22767	pos	intact	NA	NA	868	ncbi
cadam_V2R398	cadam	NXF25_021045	CM077936.1	128949319	128958547	9228	pos	intact	NA	NA	899	ncbi
cadam_V2R399	cadam	NXF25_021046	CM077936.1	129013666	129014391	725	neg	fragmented	NA	NA	241	ncbi
cadam_V2R400	cadam	NXF25_021047	CM077936.1	129025584	129038875	13291	pos	intact	NA	NA	852	ncbi
cadam_V2R401	cadam	NXF25_021048	CM077936.1	129114758	129133501	18743	pos	intact	NA	NA	852	ncbi
cadam_V2R402	cadam	NXF25_021049	CM077936.1	129140792	129147289	6497	neg	intact	NA	NA	885	ncbi
cadam_V2R403	cadam	NXF25_021050	CM077936.1	129150453	129159921	9468	pos	intact	NA	NA	850	ncbi
cadam_V2R404	cadam	NXF25_021051	CM077936.1	129175653	129185549	9896	pos	intact	NA	NA	852	ncbi
cadam_V2R405	cadam	NXF25_021052	CM077936.1	129205670	129214505	8835	pos	intact	NA	NA	852	ncbi
cadam_V2R406	cadam	NXF25_021053	CM077936.1	129235628	129245252	9624	pos	intact	NA	NA	852	ncbi
cadam_V2R407	cadam	NXF25_021054	CM077936.1	129279309	129286006	6697	neg	intact	NA	NA	848	ncbi
cadam_V2R408	cadam	NXF25_021055	CM077936.1	129288211	129298117	9906	pos	intact	NA	NA	852	ncbi
cadam_V2R409	cadam	NXF25_021056	CM077936.1	129318229	129327043	8814	pos	intact	NA	NA	852	ncbi
cadam_V2R410	cadam	NXF25_021057	CM077936.1	129356775	129368922	12147	pos	intact	NA	NA	852	ncbi
cadam_V2R411	cadam	NXF25_021058	CM077936.1	129375324	129393274	17950	pos	intact	NA	NA	852	ncbi
cadam_V2R412	cadam	NXF25_021059	CM077936.1	129410069	129421867	11798	pos	intact	NA	NA	852	ncbi
cadam_V2R413	cadam	NXF25_021060	CM077936.1	129428267	129445377	17110	pos	intact	NA	NA	852	ncbi
cadam_V2R414	cadam	NXF25_021061	CM077936.1	129453275	129460013	6738	neg	intact	NA	NA	877	ncbi
cadam_V2R415	cadam	NXF25_021062	CM077936.1	129462207	129471923	9716	pos	intact	NA	NA	852	ncbi
cadam_V2R416	cadam	NXF25_021063	CM077936.1	129493669	129503242	9573	pos	intact	NA	NA	852	ncbi
cadam_V2R417	cadam	NXF25_021064	CM077936.1	129537277	129543976	6699	neg	intact	NA	NA	848	ncbi
cadam_V2R418	cadam	NXF25_021065	CM077936.1	129546180	129556069	9889	pos	intact	NA	NA	852	ncbi
cadam_V2R419	cadam	NXF25_021066	CM077936.1	129576195	129585030	8835	pos	intact	NA	NA	852	ncbi
cadam_V2R420	cadam	NXF25_021067	CM077936.1	129611388	129623612	12224	pos	intact	NA	NA	852	ncbi
cadam_V2R421	cadam	NXF25_021068	CM077936.1	129630012	129645818	15806	pos	intact	NA	NA	856	ncbi
cadam_V2R422	cadam	NXF25_021069	CM077936.1	129662652	129672280	9628	pos	intact	NA	NA	850	ncbi
cadam_V2R423	cadam	NXF25_021070	CM077936.1	129679119	129692077	12958	neg	intact	NA	NA	885	ncbi
cadam_V2R424	cadam	NXF25_021071	CM077936.1	129694253	129703874	9621	pos	intact	NA	NA	845	ncbi
cadam_V2R425	cadam	NXF25_021072	CM077936.1	129720315	129728924	8609	pos	intact	NA	NA	852	ncbi
cadam_V2R426	cadam	NXF25_021073	CM077936.1	129761599	129768847	7248	neg	intact	NA	NA	885	ncbi
cadam_V2R427	cadam	NXF25_021074	CM077936.1	129783089	129789667	6578	pos	intact	NA	NA	885	ncbi
cadam_V2R428	cadam	NXF25_021075	CM077936.1	129813587	129820162	6575	pos	intact	NA	NA	885	ncbi
cadam_V2R429	cadam	NXF25_021076	CM077936.1	129846886	129861499	14613	neg	intact	NA	NA	897	ncbi
cadam_V2R430	cadam	NXF25_021077	CM077936.1	129897668	129904270	6602	pos	intact	NA	NA	808	ncbi
cadam_V2R431	cadam	NXF25_021078	CM077936.1	129935525	129954321	18796	neg	intact	NA	NA	899	ncbi
cadam_V2R432	cadam	NXF25_021079	CM077936.1	129985485	129995793	10308	neg	intact	NA	NA	826	ncbi
cadam_V2R433	cadam	NXF25_021080	CM077936.1	130043643	130056210	12567	neg	intact	NA	NA	852	ncbi
cadam_V2R434	cadam	NXF25_021081	CM077936.1	130059591	130066196	6605	pos	intact	NA	NA	885	ncbi
cadam_V2R435	cadam	NXF25_021082	CM077936.1	130084562	130095266	10704	neg	intact	NA	NA	897	ncbi
cadam_V2R436	cadam	NXF25_021083	CM077936.1	130102280	130111514	9234	pos	intact	NA	NA	886	ncbi
cadam_V2R437	cadam	NXF25_021084	CM077936.1	130124459	130138250	13791	neg	intact	NA	NA	896	ncbi
cadam_V2R438	cadam	NXF25_021166	CM077936.1	131578603	131586398	7795	neg	intact	NA	NA	874	ncbi
cadam_V2R439	cadam	NXF25_021167	CM077936.1	131590804	131600733	9929	neg	intact	NA	NA	864	ncbi
cadam_V2R440	cadam	NXF25_021168	CM077936.1	131603658	131611285	7627	neg	intact	NA	NA	896	ncbi
cadam_V2R441	cadam	NXF25_021169	CM077936.1	131616069	131630874	14805	neg	intact	NA	NA	875	ncbi
cadam_V2R442	cadam	NXF25_021170	CM077936.1	131635192	131644488	9296	neg	intact	NA	NA	875	ncbi
cadam_V2R443	cadam	NXF25_021171	CM077936.1	131651747	131659480	7733	neg	intact	NA	NA	836	ncbi
cadam_V2R444	cadam	NXF25_021172	CM077936.1	131663423	131671107	7684	neg	intact	NA	NA	879	ncbi
cadam_V2R445	cadam	NXF25_021173	CM077936.1	131677046	131686647	9601	neg	intact	NA	NA	880	ncbi
cadam_V2R446	cadam	NXF25_021174	CM077936.1	131688531	131694721	6190	neg	intact	NA	NA	913	ncbi
cadam_V2R447	cadam	NXF25_021175	CM077936.1	131696646	131706949	10303	neg	intact	NA	NA	883	ncbi
cadam_V2R448	cadam	NXF25_021184	CM077936.1	131974503	131984208	9705	pos	intact	NA	NA	870	ncbi
cadam_V2R449	cadam	NXF25_021185	CM077936.1	131991403	132002097	10694	pos	intact	NA	NA	866	ncbi
cadam_V2R450	cadam	NXF25_021186	CM077936.1	132019444	132034773	15329	pos	intact	NA	NA	866	ncbi
cadam_V2R451	cadam	NXF25_021187	CM077936.1	132040566	132047860	7294	neg	intact	NA	NA	873	ncbi
cadam_V2R452	cadam	NXF25_021188	CM077936.1	132081114	132089299	8185	pos	intact	NA	NA	898	ncbi
cadam_V2R453	cadam	NXF25_021189	CM077936.1	132095103	132103074	7971	pos	intact	NA	NA	865	ncbi
cadam_V2R454	cadam	NXF25_021190	CM077936.1	132134578	132150369	15791	pos	intact	NA	NA	869	ncbi
cadam_V2R455	cadam	NXF25_021191	CM077936.1	132176790	132195397	18607	pos	intact	NA	NA	869	ncbi
cadam_V2R456	cadam	NXF25_021192	CM077936.1	132199737	132211968	12231	pos	intact	NA	NA	870	ncbi
cadam_V2R457	cadam	NXF25_021193	CM077936.1	132261379	132272961	11582	neg	intact	NA	NA	880	ncbi
cadam_V2R458	cadam	NXF25_021194	CM077936.1	132296582	132310475	13893	neg	intact	NA	NA	875	ncbi
cadam_V2R459	cadam	NXF25_021195	CM077936.1	132318739	132329590	10851	neg	intact	NA	NA	872	ncbi
cadam_V2R460	cadam	NXF25_021196	CM077936.1	132335814	132347781	11967	neg	intact	NA	NA	851	ncbi
cadam_V2R461	cadam	NXF25_021197	CM077936.1	132366221	132378037	11816	neg	intact	NA	NA	813	ncbi
cadam_V2R462	cadam	NXF25_021198	CM077936.1	132380998	132393409	12411	neg	intact	NA	NA	871	ncbi
cadam_V2R463	cadam	NXF25_021199	CM077936.1	132407631	132416869	9238	neg	intact	NA	NA	882	ncbi
cadam_V2R464	cadam	NXF25_021200	CM077936.1	132430205	132450048	19843	neg	intact	NA	NA	898	ncbi
cadam_V2R465	cadam	NXF25_021201	CM077936.1	132484672	132501278	16606	neg	intact	NA	NA	858	ncbi
cadam_V2R466	cadam	NXF25_021202	CM077936.1	132514755	132522461	7706	neg	intact	NA	NA	856	ncbi
cadam_V2R467	cadam	NXF25_021203	CM077936.1	132524849	132533335	8486	neg	intact	NA	NA	860	ncbi
cadam_V2R468	cadam	NXF25_021204	CM077936.1	132554503	132567789	13286	neg	intact	NA	NA	877	ncbi
cadam_V2R469	cadam	NXF25_021205	CM077936.1	132573632	132591700	18068	neg	intact	NA	NA	877	ncbi
cadam_V2R470	cadam	NXF25_021206	CM077936.1	132609619	132624412	14793	neg	intact	NA	NA	877	ncbi
cadam_V2R471	cadam	NXF25_021207	CM077936.1	132629706	132636839	7133	neg	intact	NA	NA	880	ncbi
cadam_V2R472	cadam	NXF25_021208	CM077936.1	132648850	132667854	19004	pos	intact	NA	NA	873	ncbi
cadam_V2R473	cadam	NXF25_021209	CM077936.1	132669526	132682248	12722	pos	intact	NA	NA	870	ncbi
cadam_V2R474	cadam	NXF25_021210	CM077936.1	132708773	132720929	12156	neg	intact	NA	NA	873	ncbi
cadam_V2R475	cadam	NXF25_021211	CM077936.1	132730045	132740623	10578	neg	intact	NA	NA	876	ncbi
cadam_V2R476	cadam	NXF25_021212	CM077936.1	132757728	132766528	8800	neg	intact	NA	NA	879	ncbi
cadam_V2R477	cadam	NXF25_021213	CM077936.1	132837535	132845239	7704	neg	intact	NA	NA	856	ncbi
cadam_V2R478	cadam	NXF25_021214	CM077936.1	132847626	132856125	8499	neg	intact	NA	NA	860	ncbi
cadam_V2R479	cadam	NXF25_021215	CM077936.1	132874093	132887375	13282	neg	intact	NA	NA	877	ncbi
cadam_V2R480	cadam	NXF25_021216	CM077936.1	132893219	132908015	14796	neg	intact	NA	NA	877	ncbi
cadam_V2R481	cadam	NXF25_021217	CM077936.1	132913313	132920418	7105	neg	intact	NA	NA	880	ncbi
cadam_V2R482	cadam	NXF25_021218	CM077936.1	132932442	132958290	25848	pos	intact	NA	NA	873	ncbi
cadam_V2R483	cadam	NXF25_021219	CM077936.1	132959970	132970838	10868	pos	intact	NA	NA	870	ncbi
cadam_V2R484	cadam	NXF25_021220	CM077936.1	132996678	133007679	11001	neg	intact	NA	NA	818	ncbi
cadam_V2R485	cadam	NXF25_021221	CM077936.1	133018001	133033253	15252	neg	intact	NA	NA	876	ncbi
cadam_V2R486	cadam	NXF25_021222	CM077936.1	133035861	133045854	9993	neg	intact	NA	NA	878	ncbi
cadam_V2R487	cadam	NXF25_021223	CM077936.1	133090293	133106882	16589	neg	intact	NA	NA	858	ncbi
cadam_V2R488	cadam	NXF25_021224	CM077936.1	133120359	133128069	7710	neg	intact	NA	NA	856	ncbi
cadam_V2R489	cadam	NXF25_021225	CM077936.1	133130456	133138955	8499	neg	intact	NA	NA	860	ncbi
cadam_V2R490	cadam	NXF25_021226	CM077936.1	133160107	133173379	13272	neg	intact	NA	NA	877	ncbi
cadam_V2R491	cadam	NXF25_021227	CM077936.1	133179222	133197292	18070	neg	intact	NA	NA	877	ncbi
cadam_V2R492	cadam	NXF25_021228	CM077936.1	133214720	133228002	13282	neg	intact	NA	NA	877	ncbi
cadam_V2R493	cadam	NXF25_021229	CM077936.1	133245931	133260749	14818	neg	intact	NA	NA	877	ncbi
cadam_V2R494	cadam	NXF25_021230	CM077936.1	133266042	133273190	7148	neg	intact	NA	NA	880	ncbi
cadam_V2R495	cadam	NXF25_021231	CM077936.1	133282363	133301344	18981	pos	intact	NA	NA	873	ncbi
cadam_V2R496	cadam	NXF25_021232	CM077936.1	133303004	133313877	10873	pos	intact	NA	NA	870	ncbi
cadam_V2R497	cadam	NXF25_021233	CM077936.1	133334399	133346555	12156	neg	intact	NA	NA	873	ncbi
cadam_V2R498	cadam	NXF25_021234	CM077936.1	133369319	133381140	11821	neg	intact	NA	NA	875	ncbi
cadam_V2R499	cadam	NXF25_021235	CM077936.1	133412266	133425495	13229	neg	intact	NA	NA	875	ncbi
cadam_V2R500	cadam	NXF25_021236	CM077936.1	133428216	133435628	7412	neg	intact	NA	NA	879	ncbi
cadam_V2R501	cadam	NXF25_021237	CM077936.1	133438895	133457321	18426	neg	intact	NA	NA	836	ncbi
cadam_V2R502	cadam	NXF25_021238	CM077936.1	133459467	133469392	9925	neg	intact	NA	NA	868	ncbi
cadam_V2R503	cadam	NXF25_021239	CM077936.1	133473567	133488636	15069	neg	intact	NA	NA	911	ncbi
cadam_V2R504	cadam	NXF25_021240	CM077936.1	133493287	133505013	11726	pos	intact	NA	NA	870	ncbi
cadam_V2R505	cadam	NXF25_021241	CM077936.1	133527922	133540579	12657	pos	intact	NA	NA	887	ncbi
cadam_V2R506	cadam	NXF25_021242	CM077936.1	133554819	133563662	8843	pos	intact	NA	NA	888	ncbi
cadam_V2R507	cadam	NXF25_021243	CM077936.1	133568772	133578314	9542	pos	intact	NA	NA	887	ncbi
cadam_V2R508	cadam	NXF25_021244	CM077936.1	133585910	133593805	7895	pos	intact	NA	NA	887	ncbi
cadam_V2R509	cadam	NXF25_021245	CM077936.1	133597210	133607056	9846	pos	intact	NA	NA	916	ncbi
cadam_V2R510	cadam	NXF25_021246	CM077936.1	133615380	133624767	9387	pos	intact	NA	NA	875	ncbi
cadam_V2R511	cadam	NXF25_021247	CM077936.1	133630399	133642678	12279	pos	intact	NA	NA	876	ncbi
cadam_V2R512	cadam	NXF25_021248	CM077936.1	133645697	133657243	11546	pos	intact	NA	NA	918	ncbi
cadam_V2R513	cadam	NXF25_021249	CM077936.1	133661183	133672462	11279	pos	intact	NA	NA	876	ncbi
cadam_V2R514	cadam	NXF25_021250	CM077936.1	133698369	133712182	13813	pos	intact	NA	NA	883	ncbi
cadam_V2R515	cadam	NXF25_021251	CM077936.1	133717529	133725591	8062	pos	intact	NA	NA	872	ncbi
cadam_V2R516	cadam	NXF25_021252	CM077936.1	133730267	133739767	9500	neg	intact	NA	NA	829	ncbi
cadam_V2R517	cadam	NXF25_021253	CM077936.1	133757759	133766869	9110	pos	intact	NA	NA	874	ncbi
cadam_V2R518	cadam	NXF25_021254	CM077936.1	133772787	133781705	8918	neg	intact	NA	NA	882	ncbi
cadam_V2R519	cadam	NXF25_021255	CM077936.1	133827297	133839195	11898	neg	intact	NA	NA	877	ncbi
cadam_V2R520	cadam	NXF25_021256	CM077936.1	133847331	133864101	16770	neg	intact	NA	NA	873	ncbi
cadam_V2R521	cadam	NXF25_021257	CM077936.1	133877400	133895991	18591	pos	intact	NA	NA	878	ncbi
cadam_V2R522	cadam	NXF25_021258	CM077936.1	133899804	133931008	31204	pos	intact	NA	NA	942	ncbi
cadam_V2R523	cadam	NXF25_021259	CM077936.1	133934491	133943589	9098	pos	intact	NA	NA	878	ncbi
cadam_V2R524	cadam	NXF25_021260	CM077936.1	133965013	133986794	21781	pos	intact	NA	NA	883	ncbi
cadam_V2R525	cadam	NXF25_021261	CM077936.1	133992493	134012242	19749	pos	intact	NA	NA	878	ncbi
cadam_V2R526	cadam	NXF25_021262	CM077936.1	134018931	134029055	10124	pos	intact	NA	NA	878	ncbi
cadam_V2R527	cadam	NXF25_021263	CM077936.1	134034454	134045471	11017	pos	intact	NA	NA	878	ncbi
cadam_V2R528	cadam	NXF25_021264	CM077936.1	134084038	134099212	15174	pos	intact	NA	NA	846	ncbi
cadam_V2R529	cadam	NXF25_021265	CM077936.1	134101370	134116883	15513	pos	intact	NA	NA	878	ncbi
cadam_V2R530	cadam	NXF25_021266	CM077936.1	134121456	134134451	12995	pos	intact	NA	NA	878	ncbi
cadam_V2R531	cadam	NXF25_021267	CM077936.1	134162161	134189631	27470	pos	intact	NA	NA	878	ncbi
cadam_V2R532	cadam	NXF25_021268	CM077936.1	134191832	134200804	8972	pos	intact	NA	NA	878	ncbi
cadam_V2R533	cadam	NXF25_021269	CM077936.1	134237803	134248647	10844	pos	intact	NA	NA	856	ncbi
cadam_V2R534	cadam	NXF25_021270	CM077936.1	134276804	134286650	9846	pos	intact	NA	NA	884	ncbi
cadam_V2R535	cadam	NXF25_021271	CM077936.1	134308075	134316601	8526	pos	intact	NA	NA	857	ncbi
cadam_V2R536	cadam	NXF25_021272	CM077936.1	134330902	134348654	17752	pos	intact	NA	NA	807	ncbi
cadam_V2R537	cadam	NXF25_021273	CM077936.1	134356515	134366650	10135	pos	intact	NA	NA	872	ncbi
cadam_V2R538	cadam	NXF25_021274	CM077936.1	134389888	134410510	20622	pos	intact	NA	NA	863	ncbi
cadam_V2R539	cadam	NXF25_021275	CM077936.1	134414608	134426818	12210	pos	intact	NA	NA	875	ncbi
cadam_V2R540	cadam	NXF25_021276	CM077936.1	134437843	134451587	13744	pos	intact	NA	NA	874	ncbi
cadam_V2R541	cadam	NXF25_021277	CM077936.1	134473626	134480815	7189	pos	intact	NA	NA	886	ncbi
cadam_V2R542	cadam	NXF25_021278	CM077936.1	134488575	134504033	15458	pos	intact	NA	NA	884	ncbi
cadam_V2R543	cadam	NXF25_021279	CM077936.1	134512914	134520426	7512	neg	intact	NA	NA	867	ncbi
cadam_V2R544	cadam	NXF25_021280	CM077936.1	134544985	134554197	9212	pos	intact	NA	NA	884	ncbi
cadam_V2R545	cadam	NXF25_021281	CM077936.1	134563215	134570743	7528	neg	intact	NA	NA	867	ncbi
cadam_V2R546	cadam	NXF25_021282	CM077936.1	134582264	134595408	13144	pos	intact	NA	NA	758	ncbi
cadam_V2R547	cadam	NXF25_021283	CM077936.1	134599448	134605660	6212	pos	intact	NA	NA	816	ncbi
cadam_V2R548	cadam	NXF25_021284	CM077936.1	134607813	134619472	11659	pos	intact	NA	NA	876	ncbi
cadam_V2R549	cadam	NXF25_021285	CM077936.1	134648477	134658897	10420	pos	intact	NA	NA	896	ncbi
cadam_V2R550	cadam	NXF25_021286	CM077936.1	134661620	134670470	8850	pos	intact	NA	NA	873	ncbi
cadam_V2R551	cadam	NXF25_021287	CM077936.1	134701276	134709297	8021	pos	intact	NA	NA	879	ncbi
cadam_V2R552	cadam	NXF25_021288	CM077936.1	134711440	134718351	6911	pos	intact	NA	NA	879	ncbi
cadam_V2R553	cadam	NXF25_021289	CM077936.1	134720299	134726946	6647	pos	intact	NA	NA	879	ncbi
cadam_V2R554	cadam	NXF25_021290	CM077936.1	134731681	134738843	7162	pos	intact	NA	NA	879	ncbi
cadam_V2R555	cadam	NXF25_021291	CM077936.1	134740991	134748130	7139	pos	intact	NA	NA	879	ncbi
cadam_V2R556	cadam	NXF25_021292	CM077936.1	134750100	134756760	6660	pos	intact	NA	NA	876	ncbi
cadam_V2R557	cadam	NXF25_021293	CM077936.1	134763302	134770706	7404	pos	intact	NA	NA	877	ncbi
cadam_V2R558	cadam	NXF25_021294	CM077936.1	134774435	134783888	9453	pos	intact	NA	NA	877	ncbi
cadam_V2R559	cadam	NXF25_021340	CM077936.1	135927327	135934990	7663	neg	intact	NA	NA	869	ncbi
cadam_V2R560	cadam	NXF25_021341	CM077936.1	135943794	135950918	7124	neg	intact	NA	NA	867	ncbi
cadam_V2R561	cadam	NXF25_021342	CM077936.1	136036310	136046126	9816	neg	intact	NA	NA	865	ncbi
cadam_V2R562	cadam	NXF25_021343	CM077936.1	136049141	136055420	6279	neg	intact	NA	NA	869	ncbi
cadam_V2R563	cadam	NXF25_021344	CM077936.1	136061578	136080830	19252	neg	intact	NA	NA	869	ncbi
cadam_V2R564	cadam	NXF25_021345	CM077936.1	136094281	136103507	9226	neg	intact	NA	NA	869	ncbi
cadam_V2R565	cadam	NXF25_021346	CM077936.1	136107742	136120976	13234	neg	intact	NA	NA	815	ncbi
cadam_V2R566	cadam	NXF25_021347	CM077936.1	136131850	136143209	11359	neg	intact	NA	NA	869	ncbi
cadam_V2R567	cadam	NXF25_021348	CM077936.1	136148632	136163662	15030	neg	intact	NA	NA	869	ncbi
cadam_V2R568	cadam	NXF25_021406	CM077936.1	136909434	136916710	7276	pos	intact	NA	NA	869	ncbi
cadam_V2R569	cadam	NXF25_021407	CM077936.1	136920594	136930502	9908	pos	intact	NA	NA	869	ncbi
cadam_V2R570	cadam	NXF25_021408	CM077936.1	136934215	136947605	13390	pos	intact	NA	NA	869	ncbi
cadam_V2R571	cadam	NXF25_021409	CM077936.1	136951356	136958861	7505	pos	intact	NA	NA	869	ncbi
cadam_V2R572	cadam	NXF25_021410	CM077936.1	136968664	136985481	16817	pos	intact	NA	NA	870	ncbi
cadam_V2R573	cadam	NXF25_021411	CM077936.1	136991948	136999247	7299	pos	intact	NA	NA	870	ncbi
cadam_V2R574	cadam	NXF25_021412	CM077936.1	137016682	137025466	8784	pos	intact	NA	NA	870	ncbi
cadam_V2R575	cadam	NXF25_021413	CM077936.1	137039800	137049146	9346	pos	intact	NA	NA	910	ncbi
cadam_V2R576	cadam	NXF25_021414	CM077936.1	137060071	137078849	18778	pos	intact	NA	NA	932	ncbi
cadam_V2R577	cadam	NXF25_021415	CM077936.1	137098588	137105331	6743	pos	intact	NA	NA	910	ncbi
cadam_V2R578	cadam	NXF25_021416	CM077936.1	137125052	137131793	6741	pos	intact	NA	NA	910	ncbi
cadam_V2R579	cadam	NXF25_021417	CM077936.1	137143751	137155339	11588	pos	intact	NA	NA	870	ncbi
cadam_V2R580	cadam	NXF25_021418	CM077936.1	137172220	137181151	8931	pos	intact	NA	NA	910	ncbi
cadam_V2R581	cadam	NXF25_021419	CM077936.1	137191251	137197426	6175	pos	intact	NA	NA	870	ncbi
cadam_V2R582	cadam	NXF25_021438	CM077936.1	137390647	137409527	18880	neg	intact	NA	NA	897	ncbi
cadam_V2R583	cadam	NXF25_021441	CM077936.1	137428145	137447030	18885	neg	intact	NA	NA	897	ncbi
cadam_V2R584	cadam	NXF25_021444	CM077936.1	137465653	137484253	18600	neg	intact	NA	NA	897	ncbi
cadam_V2R585	cadam	NXF25_021445	CM077936.1	137497370	137510743	13373	neg	intact	NA	NA	897	ncbi
cadam_V2R586	cadam	NXF25_021455	CM077936.1	137970528	137976571	6043	neg	intact	NA	NA	918	ncbi
cadam_V2R587	cadam	NXF25_021456	CM077936.1	137978348	137990069	11721	neg	intact	NA	NA	873	ncbi
cadam_V2R588	cadam	NXF25_021457	CM077936.1	138001598	138010605	9007	neg	intact	NA	NA	881	ncbi
cadam_V2R589	cadam	NXF25_021458	CM077936.1	138014483	138028151	13668	neg	intact	NA	NA	876	ncbi
cadam_V2R590	cadam	NXF25_021459	CM077936.1	138032010	138041409	9399	neg	intact	NA	NA	874	ncbi
cadam_V2R591	cadam	NXF25_021460	CM077936.1	138042814	138062468	19654	neg	intact	NA	NA	878	ncbi
cadam_V2R592	cadam	NXF25_021464	CM077936.1	138148200	138156626	8426	pos	intact	NA	NA	854	ncbi
cadam_V2R593	cadam	NXF25_021465	CM077936.1	138162510	138172996	10486	pos	intact	NA	NA	854	ncbi
cadam_V2R594	cadam	NXF25_021466	CM077936.1	138178894	138190700	11806	pos	intact	NA	NA	854	ncbi
cadam_V2R595	cadam	NXF25_021467	CM077936.1	138197506	138205603	8097	pos	intact	NA	NA	854	ncbi
cadam_V2R596	cadam	NXF25_021468	CM077936.1	138207498	138218200	10702	neg	intact	NA	NA	868	ncbi
cadam_V2R597	cadam	NXF25_021469	CM077936.1	138234569	138241167	6598	neg	intact	NA	NA	868	ncbi
cadam_V2R598	cadam	NXF25_021470	CM077936.1	138256034	138264559	8525	neg	intact	NA	NA	806	ncbi
cadam_V2R599	cadam	NXF25_021471	CM077936.1	138270630	138277735	7105	neg	intact	NA	NA	868	ncbi
cadam_V2R600	cadam	NXF25_021472	CM077936.1	138311006	138318466	7460	neg	intact	NA	NA	868	ncbi
cadam_V2R601	cadam	NXF25_021473	CM077936.1	138341299	138350347	9048	pos	intact	NA	NA	868	ncbi
cadam_V2R602	cadam	NXF25_021474	CM077936.1	138352745	138360041	7296	pos	intact	NA	NA	829	ncbi
cadam_V2R603	cadam	NXF25_021475	CM077936.1	138366355	138373870	7515	pos	intact	NA	NA	891	ncbi
cadam_V2R604	cadam	NXF25_021476	CM077936.1	138385760	138393828	8068	pos	intact	NA	NA	891	ncbi
cadam_V2R605	cadam	NXF25_021477	CM077936.1	138405075	138412957	7882	pos	intact	NA	NA	891	ncbi
cadam_V2R606	cadam	NXF25_021478	CM077936.1	138417950	138425908	7958	neg	intact	NA	NA	870	ncbi
cadam_V2R607	cadam	NXF25_021479	CM077936.1	138441328	138449447	8119	pos	intact	NA	NA	893	ncbi
cadam_V2R608	cadam	NXF25_021480	CM077936.1	138472148	138479500	7352	neg	intact	NA	NA	869	ncbi
cadam_V2R609	cadam	NXF25_021481	CM077936.1	138491076	138498666	7590	neg	intact	NA	NA	852	ncbi
cadam_V2R610	cadam	NXF25_021482	CM077936.1	138522542	138531448	8906	pos	intact	NA	NA	868	ncbi
cadam_V2R611	cadam	NXF25_021483	CM077936.1	138533744	138540992	7248	pos	intact	NA	NA	860	ncbi
cadam_V2R612	cadam	NXF25_021484	CM077936.1	138546521	138554024	7503	pos	intact	NA	NA	880	ncbi
cadam_V2R613	cadam	NXF25_021485	CM077936.1	138565946	138573185	7239	pos	intact	NA	NA	886	ncbi
cadam_V2R614	cadam	NXF25_021486	CM077936.1	138584144	138592664	8520	pos	intact	NA	NA	891	ncbi
cadam_V2R615	cadam	NXF25_021487	CM077936.1	138607860	138615397	7537	pos	intact	NA	NA	891	ncbi
cadam_V2R616	cadam	NXF25_021488	CM077936.1	138643238	138651380	8142	pos	intact	NA	NA	893	ncbi
cadam_V2R617	cadam	NXF25_021489	CM077936.1	138704427	138710557	6130	neg	intact	NA	NA	877	ncbi
cadam_V2R618	cadam	NXF25_021490	CM077936.1	138714976	138719983	5007	neg	intact	NA	NA	882	ncbi
cadam_V2R619	cadam	NXF25_021491	CM077936.1	138759005	138764010	5005	neg	intact	NA	NA	882	ncbi
cadam_V2R620	cadam	NXF25_021492	CM077936.1	138767900	138774043	6143	neg	intact	NA	NA	874	ncbi
cadam_V2R621	cadam	NXF25_021493	CM077936.1	138807951	138812915	4964	neg	intact	NA	NA	868	ncbi
cadam_V2R622	cadam	NXF25_021494	CM077936.1	138816806	138822951	6145	neg	intact	NA	NA	874	ncbi
cadam_V2R623	cadam	NXF25_021495	CM077936.1	138833883	138839527	5644	pos	intact	NA	NA	867	ncbi
cadam_V2R624	cadam	NXF25_021496	CM077936.1	138848599	138866545	17946	pos	intact	NA	NA	867	ncbi
cadam_V2R625	cadam	NXF25_021497	CM077936.1	138880609	138885855	5246	pos	intact	NA	NA	838	ncbi
cadam_V2R626	cadam	NXF25_021498	CM077936.1	138895389	138900636	5247	pos	intact	NA	NA	838	ncbi
cadam_V2R627	cadam	NXF25_021499	CM077936.1	138910835	138916079	5244	pos	partial	NA	NA	691	ncbi
cadam_V2R628	cadam	NXF25_021500	CM077936.1	138927748	138934744	6996	pos	intact	NA	NA	867	ncbi
cadam_V2R629	cadam	NXF25_021501	CM077936.1	138966229	138971133	4904	pos	intact	NA	NA	878	ncbi
cadam_V2R630	cadam	NXF25_021502	CM077936.1	138981268	138986416	5148	pos	intact	NA	NA	803	ncbi
cadam_V2R631	cadam	NXF25_021503	CM077936.1	138992547	138997750	5203	pos	intact	NA	NA	869	ncbi
cadam_V2R632	cadam	NXF25_021504	CM077936.1	139034799	139039977	5178	pos	intact	NA	NA	846	ncbi
cadam_V2R633	cadam	NXF25_021505	CM077936.1	139046103	139051334	5231	pos	intact	NA	NA	869	ncbi
cadam_V2R634	cadam	NXF25_021506	CM077936.1	139066418	139071649	5231	pos	intact	NA	NA	869	ncbi
cadam_V2R635	cadam	NXF25_021507	CM077936.1	139098089	139103442	5353	pos	intact	NA	NA	867	ncbi
cadam_V2R636	cadam	NXF25_021508	CM077936.1	139108261	139113135	4874	pos	intact	NA	NA	868	ncbi
cadam_V2R637	cadam	NXF25_021509	CM077936.1	139126281	139131468	5187	pos	intact	NA	NA	848	ncbi
cadam_V2R638	cadam	NXF25_021510	CM077936.1	139144849	139149843	4994	pos	intact	NA	NA	868	ncbi
cadam_V2R639	cadam	NXF25_021511	CM077936.1	139172372	139177432	5060	pos	intact	NA	NA	868	ncbi
cadam_V2R640	cadam	NXF25_021512	CM077936.1	139194566	139199562	4996	pos	intact	NA	NA	868	ncbi
cadam_V2R641	cadam	NXF25_021513	CM077936.1	139212091	139220555	8464	pos	intact	NA	NA	869	ncbi
cadam_V2R642	cadam	NXF25_021515	CM077936.1	139267779	139275763	7984	neg	intact	NA	NA	880	ncbi
cadam_V2R643	cadam	NXF25_021516	CM077936.1	139285027	139294175	9148	neg	intact	NA	NA	873	ncbi
cadam_V2R644	cadam	NXF25_021517	CM077936.1	139302000	139315022	13022	neg	intact	NA	NA	881	ncbi
cadam_V2R645	cadam	NXF25_021518	CM077936.1	139318380	139330445	12065	pos	intact	NA	NA	805	ncbi
cadam_V2R646	cadam	NXF25_021519	CM077936.1	139334474	139347144	12670	pos	intact	NA	NA	864	ncbi
cadam_V2R647	cadam	NXF25_021520	CM077936.1	139357645	139367566	9921	pos	intact	NA	NA	864	ncbi
cadam_V2R648	cadam	NXF25_021521	CM077936.1	139386623	139399146	12523	pos	intact	NA	NA	864	ncbi
cadam_V2R649	cadam	NXF25_021522	CM077936.1	139403191	139412630	9439	pos	intact	NA	NA	864	ncbi
cadam_V2R650	cadam	NXF25_021523	CM077936.1	139418878	139427200	8322	pos	intact	NA	NA	864	ncbi
cadam_V2R651	cadam	NXF25_021524	CM077936.1	139435079	139442437	7358	pos	intact	NA	NA	864	ncbi
cadam_V2R652	cadam	NXF25_021525	CM077936.1	139453434	139460378	6944	neg	intact	NA	NA	891	ncbi
cadam_V2R653	cadam	NXF25_021526	CM077936.1	139473784	139486464	12680	neg	intact	NA	NA	891	ncbi
cadam_V2R654	cadam	NXF25_021527	CM077936.1	139495228	139503236	8008	pos	intact	NA	NA	868	ncbi
cadam_V2R655	cadam	NXF25_021528	CM077936.1	139527272	139535603	8331	pos	intact	NA	NA	904	ncbi
cadam_V2R656	cadam	NXF25_021529	CM077936.1	139539589	139547632	8043	pos	intact	NA	NA	878	ncbi
cadam_V2R657	cadam	NXF25_021530	CM077936.1	139553149	139561409	8260	pos	intact	NA	NA	878	ncbi
cadam_V2R658	cadam	NXF25_021531	CM077936.1	139566734	139574931	8197	pos	intact	NA	NA	878	ncbi
cadam_V2R659	cadam	NXF25_021532	CM077936.1	139579118	139587383	8265	pos	intact	NA	NA	874	ncbi
cadam_V2R660	cadam	NXF25_021533	CM077936.1	139625392	139637462	12070	pos	intact	NA	NA	891	ncbi
cadam_V2R661	cadam	NXF25_021534	CM077936.1	139643965	139659162	15197	pos	intact	NA	NA	860	ncbi
cadam_V2R662	cadam	NXF25_021535	CM077936.1	139665224	139675796	10572	pos	intact	NA	NA	891	ncbi
cadam_V2R663	cadam	NXF25_021536	CM077936.1	139681451	139689758	8307	pos	intact	NA	NA	878	ncbi
cadam_V2R664	cadam	NXF25_021537	CM077936.1	139699110	139706979	7869	pos	intact	NA	NA	847	ncbi
cadam_V2R665	cadam	NXF25_021538	CM077936.1	139713254	139721603	8349	pos	intact	NA	NA	891	ncbi
cadam_V2R666	cadam	NXF25_021539	CM077936.1	139725578	139732577	6999	pos	intact	NA	NA	827	ncbi
cadam_V2R667	cadam	NXF25_021540	CM077936.1	139745861	139759006	13145	pos	intact	NA	NA	895	ncbi
cadam_V2R668	cadam	NXF25_021541	CM077936.1	139764148	139772191	8043	pos	intact	NA	NA	878	ncbi
cadam_V2R669	cadam	NXF25_021542	CM077936.1	139786032	139793279	7247	pos	intact	NA	NA	751	ncbi
cadam_V2R670	cadam	NXF25_021543	CM077936.1	139802103	139809549	7446	pos	intact	NA	NA	862	ncbi
cadam_V2R671	cadam	NXF25_021544	CM077936.1	139811367	139819027	7660	pos	intact	NA	NA	864	ncbi
cadam_V2R672	cadam	NXF25_021545	CM077936.1	139821535	139834008	12473	pos	intact	NA	NA	864	ncbi
cadam_V2R673	cadam	NXF25_021546	CM077936.1	139852372	139859848	7476	pos	intact	NA	NA	864	ncbi
cadam_V2R674	cadam	NXF25_021547	CM077936.1	139871392	139880072	8680	pos	intact	NA	NA	864	ncbi
cadam_V2R675	cadam	NXF25_021548	CM077936.1	139883036	139896808	13772	neg	intact	NA	NA	849	ncbi
cadam_V2R676	cadam	NXF25_021549	CM077936.1	139919319	139930214	10895	pos	intact	NA	NA	876	ncbi
cadam_V2R677	cadam	NXF25_021550	CM077936.1	139933272	139942014	8742	pos	intact	NA	NA	868	ncbi
cadam_V2R678	cadam	NXF25_021551	CM077936.1	139944720	139958849	14129	pos	intact	NA	NA	871	ncbi
cadam_V2R679	cadam	NXF25_021552	CM077936.1	139968182	139975429	7247	pos	intact	NA	NA	804	ncbi
cadam_V2R680	cadam	NXF25_021553	CM077936.1	139978389	139986416	8027	pos	intact	NA	NA	875	ncbi
cadam_V2R681	cadam	NXF25_021554	CM077936.1	139989167	140005328	16161	pos	intact	NA	NA	860	ncbi
cadam_V2R682	cadam	NXF25_021555	CM077936.1	140031523	140040773	9250	pos	intact	NA	NA	875	ncbi
cadam_V2R683	cadam	NXF25_021556	CM077936.1	140043667	140059827	16160	pos	intact	NA	NA	871	ncbi
cadam_V2R684	cadam	NXF25_021557	CM077936.1	140069911	140078013	8102	pos	intact	NA	NA	871	ncbi
cadam_V2R685	cadam	NXF25_021558	CM077936.1	140081076	140090123	9047	pos	intact	NA	NA	822	ncbi
cadam_V2R686	cadam	NXF25_021559	CM077936.1	140096948	140109976	13028	neg	intact	NA	NA	899	ncbi
cadam_V2R687	cadam	NXF25_021560	CM077936.1	140113246	140132405	19159	neg	intact	NA	NA	869	ncbi
nscut_V2R001	nscut	LOC113418509	NW_020716702.1	4115886	4133327	17441	neg	partial	NA	NA	573	ncbi
nscut_V2R002	nscut	LOC113418510	NW_020716702.1	4146383	4197443	51060	neg	intact	NA	NA	1274	ncbi
nscut_V2R003	nscut	LOC113418511	NW_020716702.1	4198052	4218832	20780	neg	partial	NA	NA	547	ncbi
nscut_V2R004	nscut	LOC113419264	NW_020716714.1	3427673	3428557	884	neg	fragmented	NA	NA	294	ncbi
nscut_V2R005	nscut	LOC113423031	NW_020716832.1	987823	991963	4140	neg	intact	NA	NA	677	ncbi
nscut_V2R006	nscut	LOC113423033	NW_020716832.1	997097	1022583	25486	neg	intact	NA	NA	748	ncbi
nscut_V2R007	nscut	LOC113424153	NW_020716875.1	271056	283410	12354	pos	intact	NA	NA	876	ncbi
nscut_V2R008	nscut	LOC113424176	NW_020716875.1	496992	499427	2435	neg	fragmented	NA	NA	304	ncbi
nscut_V2R009	nscut	LOC113424582	NW_020716900.1	596619	601659	5040	neg	fragmented	NA	NA	473	ncbi
nscut_V2R010	nscut	LOC113424583	NW_020716900.1	615577	616536	959	neg	fragmented	NA	NA	319	ncbi
nscut_V2R011	nscut	LOC113425493	NW_020716980.1	18563	23579	5016	pos	intact	NA	NA	683	ncbi
nscut_V2R012	nscut	LOC113425498	NW_020716980.1	387311	395422	8111	pos	intact	NA	NA	710	ncbi
nscut_V2R013	nscut	LOC113425810	NW_020717004.1	286670	300210	13540	neg	partial	NA	NA	701	ncbi
nscut_V2R014	nscut	LOC113425955	NW_020717020.1	266415	281033	14618	neg	intact	NA	NA	702	ncbi
nscut_V2R015	nscut	LOC113425996	NW_020717024.1	15249	26555	11306	pos	intact	NA	NA	693	ncbi
nscut_V2R016	nscut	LOC113425997	NW_020717024.1	31424	51122	19698	pos	partial	NA	NA	520	ncbi
nscut_V2R017	nscut	LOC113425998	NW_020717024.1	61565	71089	9524	pos	partial	NA	NA	614	ncbi
nscut_V2R018	nscut	LOC113426309	NW_020717065.1	6878	28700	21822	neg	intact	NA	NA	719	ncbi
nscut_V2R019	nscut	LOC113426299	NW_020717065.1	35305	48922	13617	neg	partial	NA	NA	691	ncbi
nscut_V2R020	nscut	LOC113426300	NW_020717065.1	57088	70252	13164	neg	partial	NA	NA	671	ncbi
nscut_V2R021	nscut	LOC113426302	NW_020717065.1	107436	119039	11603	pos	partial	NA	NA	604	ncbi
nscut_V2R022	nscut	LOC113426304	NW_020717065.1	121898	141396	19498	neg	intact	NA	NA	921	ncbi
nscut_V2R023	nscut	LOC113426397	NW_020717077.1	7217	20131	12914	pos	partial	NA	NA	618	ncbi
nscut_V2R024	nscut	LOC113426387	NW_020717077.1	50515	60717	10202	pos	partial	NA	NA	590	ncbi
nscut_V2R025	nscut	LOC113426463	NW_020717089.1	10	1395	1385	neg	fragmented	NA	NA	339	ncbi
nscut_V2R026	nscut	LOC113426452	NW_020717089.1	31138	41745	10607	neg	intact	NA	NA	738	ncbi
nscut_V2R027	nscut	LOC113426456	NW_020717089.1	74911	91665	16754	neg	intact	NA	NA	826	ncbi
nscut_V2R028	nscut	LOC113426457	NW_020717089.1	97437	105514	8077	neg	intact	NA	NA	675	ncbi
nscut_V2R029	nscut	LOC113426459	NW_020717089.1	164702	165695	993	pos	fragmented	NA	NA	195	ncbi
nscut_V2R030	nscut	LOC113426460	NW_020717089.1	182582	191837	9255	neg	intact	NA	NA	754	ncbi
nscut_V2R031	nscut	LOC113426461	NW_020717089.1	196588	216969	20381	neg	intact	NA	NA	753	ncbi
nscut_V2R032	nscut	LOC113426462	NW_020717089.1	221312	222762	1450	neg	fragmented	NA	NA	375	ncbi
nscut_V2R033	nscut	LOC113426550	NW_020717102.1	32497	53807	21310	neg	partial	NA	NA	498	ncbi
nscut_V2R034	nscut	LOC113426555	NW_020717102.1	79956	82824	2868	neg	fragmented	NA	NA	305	ncbi
nscut_V2R035	nscut	LOC113426554	NW_020717102.1	103640	106120	2480	neg	fragmented	NA	NA	337	ncbi
nscut_V2R036	nscut	LOC113426556	NW_020717102.1	135517	138494	2977	neg	fragmented	NA	NA	304	ncbi
nscut_V2R037	nscut	LOC113426552	NW_020717102.1	173925	190635	16710	neg	partial	NA	NA	584	ncbi
nscut_V2R038	nscut	LOC113426577	NW_020717104.1	23398	32270	8872	neg	partial	NA	NA	559	ncbi
nscut_V2R039	nscut	LOC113426572	NW_020717104.1	156957	169327	12370	neg	fragmented	NA	NA	313	ncbi
nscut_V2R040	nscut	LOC113426573	NW_020717104.1	177503	186026	8523	pos	partial	NA	NA	661	ncbi
nscut_V2R041	nscut	LOC113426585	NW_020717106.1	6808	16907	10099	neg	fragmented	NA	NA	405	ncbi
nscut_V2R042	nscut	LOC113426581	NW_020717106.1	46769	50738	3969	neg	fragmented	NA	NA	409	ncbi
nscut_V2R043	nscut	LOC113426582	NW_020717106.1	63167	72020	8853	neg	fragmented	NA	NA	439	ncbi
nscut_V2R044	nscut	LOC113426583	NW_020717106.1	76320	91394	15074	neg	partial	NA	NA	520	ncbi
nscut_V2R045	nscut	LOC113426762	NW_020717131.1	2682	11190	8508	neg	fragmented	NA	NA	261	ncbi
nscut_V2R046	nscut	LOC113426764	NW_020717131.1	40305	56123	15818	neg	partial	NA	NA	512	ncbi
nscut_V2R047	nscut	LOC113426766	NW_020717131.1	85560	98505	12945	neg	fragmented	NA	NA	515	ncbi
nscut_V2R048	nscut	LOC113426767	NW_020717131.1	109804	127411	17607	neg	partial	NA	NA	592	ncbi
nscut_V2R049	nscut	LOC113426770	NW_020717131.1	134090	141949	7859	neg	fragmented	NA	NA	404	ncbi
nscut_V2R050	nscut	LOC113426769	NW_020717131.1	163735	197874	34139	pos	fragmented	NA	NA	402	ncbi
nscut_V2R051	nscut	LOC113426939	NW_020717164.1	333	3395	3062	pos	fragmented	NA	NA	361	ncbi
nscut_V2R052	nscut	LOC113426940	NW_020717164.1	65243	74516	9273	neg	partial	NA	NA	625	ncbi
nscut_V2R053	nscut	LOC113426941	NW_020717164.1	91667	134274	42607	neg	partial	NA	NA	618	ncbi
nscut_V2R054	nscut	LOC113426942	NW_020717164.1	138500	147820	9320	neg	partial	NA	NA	579	ncbi
nscut_V2R055	nscut	LOC113426943	NW_020717164.1	162532	180868	18336	neg	fragmented	NA	NA	446	ncbi
nscut_V2R056	nscut	LOC113427018	NW_020717181.1	39956	89642	49686	neg	fragmented	NA	NA	558	ncbi
nscut_V2R057	nscut	LOC113427125	NW_020717204.1	43767	74316	30549	pos	intact	NA	NA	857	ncbi
nscut_V2R058	nscut	LOC113427126	NW_020717204.1	103295	133020	29725	pos	intact	NA	NA	686	ncbi
nscut_V2R059	nscut	LOC113427189	NW_020717220.1	34831	67586	32755	neg	intact	NA	NA	973	ncbi
nscut_V2R060	nscut	LOC113427190	NW_020717220.1	70930	84532	13602	neg	partial	NA	NA	602	ncbi
nscut_V2R061	nscut	LOC113427191	NW_020717220.1	105817	120241	14424	pos	intact	NA	NA	828	ncbi
nscut_V2R062	nscut	LOC113427241	NW_020717233.1	42338	50416	8078	pos	partial	NA	NA	554	ncbi
nscut_V2R063	nscut	LOC113427479	NW_020717291.1	17283	37103	19820	pos	fragmented	NA	NA	505	ncbi
nscut_V2R064	nscut	LOC113427481	NW_020717291.1	87402	99863	12461	pos	fragmented	NA	NA	552	ncbi
nscut_V2R065	nscut	LOC113427482	NW_020717291.1	125809	126713	904	pos	fragmented	NA	NA	300	ncbi
nscut_V2R066	nscut	LOC113427496	NW_020717300.1	27255	35442	8187	pos	fragmented	NA	NA	358	ncbi
nscut_V2R067	nscut	LOC113427500	NW_020717300.1	113178	121046	7868	pos	intact	NA	NA	748	ncbi
nscut_V2R068	nscut	LOC113427541	NW_020717311.1	24351	30032	5681	neg	intact	NA	NA	684	ncbi
nscut_V2R069	nscut	LOC113427542	NW_020717311.1	66234	74373	8139	neg	partial	NA	NA	589	ncbi
nscut_V2R070	nscut	LOC113427559	NW_020717315.1	38523	44814	6291	neg	fragmented	NA	NA	403	ncbi
nscut_V2R071	nscut	LOC113427560	NW_020717315.1	92306	106613	14307	neg	fragmented	NA	NA	490	ncbi
nscut_V2R072	nscut	LOC113427564	NW_020717316.1	67167	79751	12584	neg	intact	NA	NA	836	ncbi
nscut_V2R073	nscut	LOC113427635	NW_020717335.1	96560	100926	4366	neg	fragmented	NA	NA	324	ncbi
nscut_V2R074	nscut	LOC113427664	NW_020717347.1	65715	66623	908	pos	fragmented	NA	NA	302	ncbi
nscut_V2R075	nscut	LOC113427665	NW_020717347.1	82552	96125	13573	neg	partial	NA	NA	636	ncbi
nscut_V2R076	nscut	LOC113427686	NW_020717354.1	53528	58600	5072	pos	partial	NA	NA	559	ncbi
nscut_V2R077	nscut	LOC113427726	NW_020717368.1	21692	33526	11834	neg	intact	NA	NA	788	ncbi
nscut_V2R078	nscut	LOC113427728	NW_020717368.1	86752	98025	11273	neg	intact	NA	NA	721	ncbi
nscut_V2R079	nscut	LOC113427772	NW_020717384.1	63959	78265	14306	neg	intact	NA	NA	852	ncbi
nscut_V2R080	nscut	LOC113427785	NW_020717391.1	78460	84577	6117	pos	intact	NA	NA	748	ncbi
nscut_V2R081	nscut	LOC113427820	NW_020717404.1	22057	22953	896	neg	fragmented	NA	NA	298	ncbi
nscut_V2R082	nscut	LOC113427830	NW_020717412.1	4398	5511	1113	pos	fragmented	NA	NA	341	ncbi
nscut_V2R083	nscut	LOC113427834	NW_020717414.1	2394	5583	3189	pos	fragmented	NA	NA	341	ncbi
nscut_V2R084	nscut	LOC113427835	NW_020717414.1	24041	33388	9347	neg	intact	NA	NA	676	ncbi
nscut_V2R085	nscut	LOC113427836	NW_020717414.1	39436	45897	6461	neg	intact	NA	NA	676	ncbi
nscut_V2R086	nscut	LOC113427895	NW_020717447.1	39867	52462	12595	pos	partial	NA	NA	537	ncbi
nscut_V2R087	nscut	LOC113427941	NW_020717473.1	4248	5146	898	pos	fragmented	NA	NA	298	ncbi
nscut_V2R088	nscut	LOC113427942	NW_020717473.1	18260	22602	4342	pos	fragmented	NA	NA	308	ncbi
nscut_V2R089	nscut	LOC113427943	NW_020717473.1	45275	45814	539	pos	fragmented	NA	NA	179	ncbi
nscut_V2R090	nscut	LOC113427950	NW_020717477.1	2280	10510	8230	pos	intact	NA	NA	845	ncbi
nscut_V2R091	nscut	LOC113427983	NW_020717498.1	3714	8149	4435	neg	partial	NA	NA	512	ncbi
nscut_V2R092	nscut	LOC113428034	NW_020717532.1	19347	43420	24073	neg	intact	NA	NA	1065	ncbi
nscut_V2R093	nscut	LOC113428046	NW_020717544.1	3762	48995	45233	pos	intact	NA	NA	1098	ncbi
nscut_V2R094	nscut	LOC113428072	NW_020717568.1	29391	44646	15255	pos	partial	NA	NA	514	ncbi
nscut_V2R095	nscut	LOC113428103	NW_020717602.1	18851	26712	7861	neg	fragmented	NA	NA	542	ncbi
nscut_V2R096	nscut	LOC113428116	NW_020717610.1	16880	27944	11064	neg	fragmented	NA	NA	431	ncbi
nscut_V2R097	nscut	LOC113428124	NW_020717615.1	22103	39717	17614	neg	intact	NA	NA	856	ncbi
nscut_V2R098	nscut	LOC113428131	NW_020717623.1	33664	37608	3944	neg	fragmented	NA	NA	364	ncbi
nscut_V2R099	nscut	LOC113428147	NW_020717635.1	17842	32616	14774	neg	intact	NA	NA	795	ncbi
nscut_V2R100	nscut	LOC113428165	NW_020717651.1	34386	38431	4045	neg	fragmented	NA	NA	389	ncbi
nscut_V2R101	nscut	LOC113428177	NW_020717668.1	29920	39139	9219	neg	intact	NA	NA	686	ncbi
nscut_V2R102	nscut	LOC113428184	NW_020717675.1	263	11752	11489	pos	intact	NA	NA	861	ncbi
nscut_V2R103	nscut	LOC113428223	NW_020717709.1	12708	17012	4304	pos	fragmented	NA	NA	342	ncbi
nscut_V2R104	nscut	LOC113428253	NW_020717729.1	14531	15435	904	neg	fragmented	NA	NA	300	ncbi
nscut_V2R105	nscut	LOC113428293	NW_020717775.1	20572	23727	3155	pos	fragmented	NA	NA	350	ncbi
nscut_V2R106	nscut	LOC113428303	NW_020717790.1	317	1227	910	pos	fragmented	NA	NA	302	ncbi
nscut_V2R107	nscut	LOC113428325	NW_020717810.1	14288	25699	11411	pos	intact	NA	NA	937	ncbi
nscut_V2R108	nscut	LOC113428331	NW_020717813.1	4521	5417	896	pos	fragmented	NA	NA	298	ncbi
nscut_V2R109	nscut	LOC113428396	NW_020717892.1	24669	25565	896	neg	fragmented	NA	NA	298	ncbi
nscut_V2R110	nscut	LOC113428407	NW_020717907.1	25567	29021	3454	pos	fragmented	NA	NA	297	ncbi
nscut_V2R111	nscut	LOC113428440	NW_020717954.1	1616	11985	10369	pos	intact	NA	NA	745	ncbi
nscut_V2R112	nscut	LOC113428456	NW_020717978.1	20132	21393	1261	pos	fragmented	NA	NA	339	ncbi
nscut_V2R113	nscut	LOC113428465	NW_020717986.1	2366	19999	17633	pos	fragmented	NA	NA	439	ncbi
nscut_V2R114	nscut	LOC113428538	NW_020718096.1	4432	25654	21222	neg	fragmented	NA	NA	350	ncbi
nscut_V2R115	nscut	LOC113428539	NW_020718097.1	16042	17004	962	neg	fragmented	NA	NA	320	ncbi
nscut_V2R116	nscut	LOC113428573	NW_020718141.1	21247	22151	904	neg	fragmented	NA	NA	300	ncbi
nscut_V2R117	nscut	LOC113428581	NW_020718162.1	771	8077	7306	neg	partial	NA	NA	518	ncbi
nscut_V2R118	nscut	LOC113428584	NW_020718169.1	8565	22763	14198	pos	partial	NA	NA	544	ncbi
nscut_V2R119	nscut	LOC113428594	NW_020718180.1	9998	10882	884	neg	fragmented	NA	NA	294	ncbi
nscut_V2R120	nscut	LOC113428596	NW_020718182.1	17640	23342	5702	neg	fragmented	NA	NA	337	ncbi
nscut_V2R121	nscut	LOC113428597	NW_020718183.1	17639	23143	5504	neg	fragmented	NA	NA	342	ncbi
nscut_V2R122	nscut	LOC113428641	NW_020718267.1	6609	8247	1638	neg	fragmented	NA	NA	351	ncbi
nscut_V2R123	nscut	LOC113428644	NW_020718271.1	7952	8467	515	neg	fragmented	NA	NA	172	ncbi
nscut_V2R124	nscut	LOC113428657	NW_020718288.1	5042	5926	884	neg	fragmented	NA	NA	294	ncbi
nscut_V2R125	nscut	LOC113428717	NW_020718433.1	5350	7205	1855	pos	fragmented	NA	NA	343	ncbi
nscut_V2R126	nscut	LOC113428733	NW_020718462.1	17271	18175	904	pos	fragmented	NA	NA	300	ncbi
nscut_V2R127	nscut	LOC113428770	NW_020718528.1	2953	14857	11904	pos	intact	NA	NA	791	ncbi
nscut_V2R128	nscut	LOC113428840	NW_020718697.1	1819	12760	10941	pos	partial	NA	NA	660	ncbi
nscut_V2R129	nscut	LOC113428841	NW_020718699.1	3185	12563	9378	neg	intact	NA	NA	874	ncbi
nscut_V2R130	nscut	LOC113428842	NW_020718701.1	6381	12916	6535	neg	partial	NA	NA	526	ncbi
nscut_V2R131	nscut	LOC113428846	NW_020718710.1	11165	17910	6745	neg	partial	NA	NA	561	ncbi
nscut_V2R132	nscut	LOC113428876	NW_020718794.1	405	16855	16450	neg	intact	NA	NA	822	ncbi
nscut_V2R133	nscut	LOC113428877	NW_020718796.1	8246	15104	6858	pos	partial	NA	NA	579	ncbi
nscut_V2R134	nscut	LOC113428895	NW_020718840.1	8250	9200	950	pos	fragmented	NA	NA	316	ncbi
nscut_V2R135	nscut	LOC113428904	NW_020718866.1	14595	16127	1532	neg	fragmented	NA	NA	306	ncbi
nscut_V2R136	nscut	LOC113428933	NW_020718963.1	11265	14160	2895	neg	fragmented	NA	NA	298	ncbi
nscut_V2R137	nscut	LOC113428964	NW_020719059.1	7637	8095	458	pos	fragmented	NA	NA	153	ncbi
nscut_V2R138	nscut	LOC113428973	NW_020719082.1	7657	8115	458	pos	fragmented	NA	NA	153	ncbi
nscut_V2R139	nscut	LOC113428990	NW_020719129.1	367	2066	1699	pos	fragmented	NA	NA	261	ncbi
nscut_V2R140	nscut	LOC113429001	NW_020719154.1	246	1945	1699	pos	fragmented	NA	NA	226	ncbi
nscut_V2R141	nscut	LOC113429012	NW_020719186.1	12663	13564	901	neg	fragmented	NA	NA	299	ncbi
nscut_V2R142	nscut	LOC113429044	NW_020719297.1	5143	13077	7934	pos	intact	NA	NA	738	ncbi
nscut_V2R143	nscut	LOC113429053	NW_020719323.1	4017	10382	6365	neg	fragmented	NA	NA	391	ncbi
nscut_V2R144	nscut	LOC113429071	NW_020719371.1	12908	14237	1329	pos	fragmented	NA	NA	339	ncbi
nscut_V2R145	nscut	LOC113429078	NW_020719388.1	3456	6869	3413	neg	fragmented	NA	NA	331	ncbi
nscut_V2R146	nscut	LOC113429081	NW_020719391.1	7061	11633	4572	pos	fragmented	NA	NA	403	ncbi
nscut_V2R147	nscut	LOC113429097	NW_020719424.1	5189	6103	914	neg	fragmented	NA	NA	304	ncbi
nscut_V2R148	nscut	LOC113429126	NW_020719497.1	1154	3529	2375	pos	fragmented	NA	NA	256	ncbi
nscut_V2R149	nscut	LOC113429137	NW_020719532.1	1569	11223	9654	neg	fragmented	NA	NA	472	ncbi
nscut_V2R150	nscut	LOC113429144	NW_020719548.1	3554	8283	4729	pos	fragmented	NA	NA	418	ncbi
nscut_V2R151	nscut	LOC113429177	NW_020719660.1	4877	13161	8284	pos	partial	NA	NA	588	ncbi
nscut_V2R152	nscut	LOC113429178	NW_020719663.1	82	8355	8273	neg	partial	NA	NA	588	ncbi
nscut_V2R153	nscut	LOC113429188	NW_020719692.1	11632	12533	901	neg	fragmented	NA	NA	299	ncbi
nscut_V2R154	nscut	LOC113429204	NW_020719746.1	5201	8609	3408	pos	fragmented	NA	NA	338	ncbi
nscut_V2R155	nscut	LOC113429220	NW_020719774.1	11351	12252	901	neg	fragmented	NA	NA	299	ncbi
nscut_V2R156	nscut	LOC113429227	NW_020719801.1	4095	4607	512	pos	fragmented	NA	NA	171	ncbi
nscut_V2R157	nscut	LOC113429240	NW_020719841.1	871	2318	1447	pos	fragmented	NA	NA	305	ncbi
nscut_V2R158	nscut	LOC113429266	NW_020719946.1	1024	6816	5792	pos	fragmented	NA	NA	378	ncbi
nscut_V2R159	nscut	LOC113429288	NW_020720029.1	5245	5757	512	pos	fragmented	NA	NA	171	ncbi
nscut_V2R160	nscut	LOC113429296	NW_020720067.1	1826	6386	4560	pos	fragmented	NA	NA	206	ncbi
nscut_V2R161	nscut	LOC113429298	NW_020720069.1	8710	9423	713	neg	fragmented	NA	NA	238	ncbi
nscut_V2R162	nscut	LOC113429326	NW_020720148.1	3969	4868	899	neg	fragmented	NA	NA	299	ncbi
nscut_V2R163	nscut	LOC113429371	NW_020720281.1	2405	4890	2485	neg	fragmented	NA	NA	298	ncbi
nscut_V2R164	nscut	LOC113429392	NW_020720366.1	2184	11157	8973	pos	partial	NA	NA	610	ncbi
nscut_V2R165	nscut	LOC113429476	NW_020720615.1	5618	10344	4726	neg	fragmented	NA	NA	345	ncbi
nscut_V2R166	nscut	LOC113429485	NW_020720674.1	4764	7207	2443	neg	fragmented	NA	NA	324	ncbi
nscut_V2R167	nscut	LOC113429576	NW_020720954.1	244	7467	7223	pos	partial	NA	NA	513	ncbi
nscut_V2R168	nscut	LOC113429662	NW_020721276.1	7	2685	2678	pos	fragmented	NA	NA	390	ncbi
nscut_V2R169	nscut	LOC113429749	NW_020721693.1	54	4059	4005	pos	fragmented	NA	NA	306	ncbi
nscut_V2R170	nscut	LOC113429793	NW_020721906.1	2252	9040	6788	neg	partial	NA	NA	526	ncbi
nscut_V2R171	nscut	LOC113429908	NW_020722297.1	3332	4236	904	neg	fragmented	NA	NA	300	ncbi
nscut_V2R172	nscut	LOC113429968	NW_020722556.1	960	4445	3485	pos	fragmented	NA	NA	454	ncbi
nscut_V2R173	nscut	LOC113429970	NW_020722568.1	4918	5817	899	neg	fragmented	NA	NA	299	ncbi
nscut_V2R174	nscut	LOC113429978	NW_020722617.1	4936	5832	896	pos	fragmented	NA	NA	298	ncbi
nscut_V2R175	nscut	LOC113429985	NW_020722669.1	1409	2317	908	neg	fragmented	NA	NA	302	ncbi
nscut_V2R176	nscut	LOC113429995	NW_020722697.1	3779	6649	2870	neg	fragmented	NA	NA	305	ncbi
nscut_V2R177	nscut	LOC113430109	NW_020723189.1	5262	6166	904	neg	fragmented	NA	NA	300	ncbi
nscut_V2R178	nscut	LOC113430178	NW_020723469.1	1367	5261	3894	pos	fragmented	NA	NA	416	ncbi
nscut_V2R179	nscut	LOC113430193	NW_020723551.1	6309	7241	932	neg	fragmented	NA	NA	310	ncbi
nscut_V2R180	nscut	LOC113430194	NW_020723552.1	545	1477	932	pos	fragmented	NA	NA	310	ncbi
nscut_V2R181	nscut	LOC113430206	NW_020723639.1	288	2171	1883	neg	fragmented	NA	NA	309	ncbi
nscut_V2R182	nscut	LOC113430210	NW_020723658.1	1503	2398	895	pos	fragmented	NA	NA	297	ncbi
nscut_V2R183	nscut	LOC113430223	NW_020723707.1	77	979	902	neg	fragmented	NA	NA	300	ncbi
nscut_V2R184	nscut	LOC113430296	NW_020724117.1	2410	2950	540	neg	fragmented	NA	NA	180	ncbi
nscut_V2R185	nscut	LOC113430334	NW_020724305.1	922	5216	4294	neg	fragmented	NA	NA	256	ncbi
nscut_V2R186	nscut	LOC113430374	NW_020724459.1	4878	5782	904	pos	fragmented	NA	NA	300	ncbi
nscut_V2R187	nscut	LOC113430415	NW_020724660.1	5610	6542	932	neg	fragmented	NA	NA	310	ncbi
nscut_V2R188	nscut	LOC113430416	NW_020724661.1	551	1483	932	pos	fragmented	NA	NA	310	ncbi
nscut_V2R189	nscut	LOC113430515	NW_020725291.1	51	6721	6670	pos	fragmented	NA	NA	426	ncbi
nscut_V2R190	nscut	LOC113430545	NW_020725509.1	2982	3479	497	pos	fragmented	NA	NA	166	ncbi
nscut_V2R191	nscut	LOC113430670	NW_020726349.1	2358	3239	881	neg	fragmented	NA	NA	293	ncbi
nscut_V2R192	nscut	LOC113430711	NW_020726579.1	1307	2211	904	neg	fragmented	NA	NA	300	ncbi
nscut_V2R193	nscut	LOC113430718	NW_020726624.1	1307	2211	904	neg	fragmented	NA	NA	300	ncbi
nscut_V2R194	nscut	LOC113430788	NW_020727072.1	62	653	591	neg	fragmented	NA	NA	183	ncbi
nscut_V2R195	nscut	LOC113431073	NW_020729507.1	5	5051	5046	neg	fragmented	NA	NA	366	ncbi
nscut_V2R196	nscut	LOC113431193	NW_020730573.1	3121	4035	914	pos	fragmented	NA	NA	304	ncbi
nscut_V2R197	nscut	LOC113431256	NW_020731808.1	1787	3779	1992	pos	fragmented	NA	NA	305	ncbi
nscut_V2R198	nscut	LOC113431288	NW_020732433.1	1556	3517	1961	pos	fragmented	NA	NA	298	ncbi
nscut_V2R199	nscut	LOC113431451	NW_020735719.1	1117	1951	834	neg	fragmented	NA	NA	250	ncbi
nscut_V2R200	nscut	LOC113431509	NW_020736478.1	457	3822	3365	neg	fragmented	NA	NA	359	ncbi
nscut_V2R201	nscut	LOC113431529	NW_020736889.1	59	3791	3732	pos	fragmented	NA	NA	342	ncbi
nscut_V2R202	nscut	LOC113431530	NW_020736890.1	82	3814	3732	neg	fragmented	NA	NA	342	ncbi
nscut_V2R203	nscut	LOC113431560	NW_020737217.1	360	3704	3344	neg	fragmented	NA	NA	302	ncbi
nscut_V2R204	nscut	LOC113431623	NW_020738057.1	1602	2483	881	neg	fragmented	NA	NA	293	ncbi
nscut_V2R205	nscut	LOC113431692	NW_020738959.1	987	1655	668	neg	fragmented	NA	NA	222	ncbi
nscut_V2R206	nscut	LOC113431704	NW_020739044.1	431	2884	2453	pos	fragmented	NA	NA	299	ncbi
nscut_V2R207	nscut	LOC113431707	NW_020739101.1	842	1746	904	pos	fragmented	NA	NA	300	ncbi
nscut_V2R208	nscut	LOC113431713	NW_020739351.1	535	1439	904	pos	fragmented	NA	NA	300	ncbi
nscut_V2R209	nscut	LOC113431732	NW_020739482.1	2100	2945	845	pos	fragmented	NA	NA	282	ncbi
nscut_V2R210	nscut	LOC113431751	NW_020739696.1	1321	2208	887	neg	fragmented	NA	NA	295	ncbi
nscut_V2R211	nscut	LOC113431956	NW_020743132.1	68	2518	2450	neg	fragmented	NA	NA	340	ncbi
nscut_V2R212	nscut	LOC113432029	NW_020744563.1	64	810	746	pos	fragmented	NA	NA	248	ncbi
nscut_V2R213	nscut	LOC113432072	NW_020745635.1	1091	1780	689	neg	fragmented	NA	NA	230	ncbi
nscut_V2R214	nscut	LOC113432205	NW_020748532.1	15	527	512	pos	fragmented	NA	NA	171	ncbi
nscut_V2R215	nscut	LOC113432333	NW_020752063.1	635	1242	607	pos	fragmented	NA	NA	202	ncbi
nscut_V2R216	nscut	LOC113432336	NW_020752077.1	973	1470	497	pos	fragmented	NA	NA	166	ncbi
nscut_V2R217	nscut	LOC113432442	NW_020755914.1	999	1511	512	neg	fragmented	NA	NA	171	ncbi
nscut_V2R218	nscut	LOC113432611	NW_020764484.1	623	1132	509	neg	fragmented	NA	NA	170	ncbi
nscut_V2R219	nscut	LOC113432659	NW_020767877.1	9	803	794	pos	fragmented	NA	NA	264	ncbi
ptext_V2R001	ptext	LOC113443715	NW_020769361.1	300	2555	2255	pos	fragmented	NA	NA	342	ncbi
ptext_V2R002	ptext	LOC113443716	NW_020769361.1	49135	62931	13796	pos	intact	NA	NA	910	ncbi
ptext_V2R003	ptext	LOC113443717	NW_020769361.1	75017	90826	15809	pos	intact	NA	NA	854	ncbi
ptext_V2R004	ptext	LOC113448572	NW_020769430.1	1974424	1993744	19320	neg	intact	NA	NA	703	ncbi
ptext_V2R005	ptext	LOC113448759	NW_020769432.1	1766066	1772423	6357	pos	intact	NA	NA	678	ncbi
ptext_V2R006	ptext	LOC113448761	NW_020769432.1	1820287	1829816	9529	pos	fragmented	NA	NA	470	ncbi
ptext_V2R007	ptext	LOC113448762	NW_020769432.1	1832194	1843033	10839	pos	partial	NA	NA	563	ncbi
ptext_V2R008	ptext	LOC113448763	NW_020769432.1	1847154	1860824	13670	pos	intact	NA	NA	724	ncbi
ptext_V2R009	ptext	LOC113448765	NW_020769432.1	1893693	1921122	27429	neg	intact	NA	NA	807	ncbi
ptext_V2R010	ptext	LOC113449060	NW_020769439.1	5287	6234	947	pos	fragmented	NA	NA	315	ncbi
ptext_V2R011	ptext	LOC113449064	NW_020769439.1	26024	31023	4999	pos	fragmented	NA	NA	446	ncbi
ptext_V2R012	ptext	LOC113449444	NW_020769448.1	41443	42565	1122	pos	fragmented	NA	NA	306	ncbi
ptext_V2R013	ptext	LOC113449833	NW_020769458.1	730620	733112	2492	pos	fragmented	NA	NA	304	ncbi
ptext_V2R014	ptext	LOC113449904	NW_020769461.1	116896	123365	6469	pos	fragmented	NA	NA	424	ncbi
ptext_V2R015	ptext	LOC113449905	NW_020769461.1	127665	142402	14737	pos	intact	NA	NA	821	ncbi
ptext_V2R016	ptext	LOC113449906	NW_020769461.1	147086	156353	9267	pos	intact	NA	NA	760	ncbi
ptext_V2R017	ptext	LOC113449907	NW_020769461.1	211801	228348	16547	neg	partial	NA	NA	517	ncbi
ptext_V2R018	ptext	LOC113449901	NW_020769461.1	259479	280683	21204	pos	intact	NA	NA	840	ncbi
ptext_V2R019	ptext	LOC113449912	NW_020769461.1	329357	344371	15014	pos	intact	NA	NA	866	ncbi
ptext_V2R020	ptext	LOC113449902	NW_020769461.1	403926	421007	17081	pos	intact	NA	NA	836	ncbi
ptext_V2R021	ptext	LOC113449920	NW_020769461.1	523164	542298	19134	pos	intact	NA	NA	821	ncbi
ptext_V2R022	ptext	LOC113449926	NW_020769461.1	697256	707128	9872	pos	intact	NA	NA	765	ncbi
ptext_V2R023	ptext	LOC113449927	NW_020769461.1	754372	756025	1653	pos	fragmented	NA	NA	354	ncbi
ptext_V2R024	ptext	LOC113450083	NW_020769467.1	51304	57117	5813	neg	fragmented	NA	NA	434	ncbi
ptext_V2R025	ptext	LOC113450105	NW_020769467.1	102325	109148	6823	neg	fragmented	NA	NA	409	ncbi
ptext_V2R026	ptext	LOC113450106	NW_020769467.1	121493	129047	7554	neg	fragmented	NA	NA	468	ncbi
ptext_V2R027	ptext	LOC113450708	NW_020769499.1	4619	5524	905	neg	fragmented	NA	NA	301	ncbi
ptext_V2R028	ptext	LOC113450709	NW_020769499.1	7800	49646	41846	pos	fragmented	NA	NA	412	ncbi
ptext_V2R029	ptext	LOC113450710	NW_020769499.1	60856	68650	7794	pos	fragmented	NA	NA	461	ncbi
ptext_V2R030	ptext	LOC113450711	NW_020769499.1	80661	90112	9451	pos	partial	NA	NA	602	ncbi
ptext_V2R031	ptext	LOC113450712	NW_020769499.1	97818	111826	14008	pos	partial	NA	NA	504	ncbi
ptext_V2R032	ptext	LOC113450713	NW_020769499.1	118940	120237	1297	pos	fragmented	NA	NA	325	ncbi
ptext_V2R033	ptext	LOC113450714	NW_020769499.1	130120	140865	10745	pos	partial	NA	NA	579	ncbi
ptext_V2R034	ptext	LOC113450703	NW_020769499.1	428334	433441	5107	neg	fragmented	NA	NA	404	ncbi
ptext_V2R035	ptext	LOC113450839	NW_020769512.1	116647	124698	8051	neg	intact	NA	NA	710	ncbi
ptext_V2R036	ptext	LOC113451000	NW_020769524.1	4147	14193	10046	neg	partial	NA	NA	537	ncbi
ptext_V2R037	ptext	LOC113450991	NW_020769524.1	73022	75310	2288	pos	fragmented	NA	NA	306	ncbi
ptext_V2R038	ptext	LOC113450992	NW_020769524.1	110321	116575	6254	pos	fragmented	NA	NA	354	ncbi
ptext_V2R039	ptext	LOC113451001	NW_020769524.1	136776	139118	2342	pos	fragmented	NA	NA	337	ncbi
ptext_V2R040	ptext	LOC113450993	NW_020769524.1	193033	219498	26465	pos	partial	NA	NA	633	ncbi
ptext_V2R041	ptext	LOC113450994	NW_020769524.1	260000	261532	1532	pos	fragmented	NA	NA	306	ncbi
ptext_V2R042	ptext	LOC113450996	NW_020769524.1	327202	348112	20910	pos	fragmented	NA	NA	479	ncbi
ptext_V2R043	ptext	LOC113450997	NW_020769524.1	372115	380282	8167	pos	partial	NA	NA	575	ncbi
ptext_V2R044	ptext	LOC113450998	NW_020769524.1	395322	415363	20041	pos	fragmented	NA	NA	464	ncbi
ptext_V2R045	ptext	LOC113450999	NW_020769524.1	427591	443309	15718	pos	fragmented	NA	NA	298	ncbi
ptext_V2R046	ptext	LOC113451111	NW_020769532.1	378373	388722	10349	neg	intact	NA	NA	779	ncbi
ptext_V2R047	ptext	LOC113451112	NW_020769532.1	392325	400132	7807	neg	partial	NA	NA	534	ncbi
ptext_V2R048	ptext	LOC113451113	NW_020769532.1	402546	416904	14358	neg	partial	NA	NA	515	ncbi
ptext_V2R049	ptext	LOC113451114	NW_020769532.1	436279	443854	7575	neg	partial	NA	NA	543	ncbi
ptext_V2R050	ptext	LOC113451139	NW_020769535.1	86761	87703	942	neg	fragmented	NA	NA	308	ncbi
ptext_V2R051	ptext	LOC113451142	NW_020769535.1	327632	333266	5634	neg	intact	NA	NA	684	ncbi
ptext_V2R052	ptext	LOC113451186	NW_020769539.1	2875	14255	11380	pos	intact	NA	NA	823	ncbi
ptext_V2R053	ptext	LOC113451224	NW_020769542.1	94592	125515	30923	pos	intact	NA	NA	682	ncbi
ptext_V2R054	ptext	LOC113451227	NW_020769542.1	293790	301758	7968	neg	intact	NA	NA	806	ncbi
ptext_V2R055	ptext	LOC113451297	NW_020769552.1	11654	38230	26576	neg	fragmented	NA	NA	336	ncbi
ptext_V2R056	ptext	LOC113451298	NW_020769552.1	41675	89026	47351	neg	intact	NA	NA	931	ncbi
ptext_V2R057	ptext	LOC113451299	NW_020769552.1	115668	129236	13568	pos	partial	NA	NA	675	ncbi
ptext_V2R058	ptext	LOC113451301	NW_020769552.1	191689	200043	8354	pos	partial	NA	NA	665	ncbi
ptext_V2R059	ptext	LOC113451302	NW_020769552.1	310638	330992	20354	pos	partial	NA	NA	661	ncbi
ptext_V2R060	ptext	LOC113451303	NW_020769552.1	350276	376511	26235	pos	intact	NA	NA	803	ncbi
ptext_V2R061	ptext	LOC113451358	NW_020769561.1	50550	72881	22331	pos	partial	NA	NA	712	ncbi
ptext_V2R062	ptext	LOC113451360	NW_020769561.1	260269	268509	8240	pos	intact	NA	NA	780	ncbi
ptext_V2R063	ptext	LOC113451361	NW_020769561.1	272480	284003	11523	neg	partial	NA	NA	604	ncbi
ptext_V2R064	ptext	LOC113451405	NW_020769569.1	282346	305823	23477	neg	intact	NA	NA	979	ncbi
ptext_V2R065	ptext	LOC113451431	NW_020769572.1	43450	56907	13457	neg	intact	NA	NA	856	ncbi
ptext_V2R066	ptext	LOC113451434	NW_020769572.1	241111	258064	16953	pos	intact	NA	NA	783	ncbi
ptext_V2R067	ptext	LOC113451435	NW_020769572.1	263723	281650	17927	pos	intact	NA	NA	1123	ncbi
ptext_V2R068	ptext	LOC113451445	NW_020769575.1	22032	26347	4315	pos	fragmented	NA	NA	392	ncbi
ptext_V2R069	ptext	LOC113451446	NW_020769575.1	39065	44785	5720	neg	intact	NA	NA	723	ncbi
ptext_V2R070	ptext	LOC113451492	NW_020769579.1	60615	78599	17984	neg	intact	NA	NA	767	ncbi
ptext_V2R071	ptext	LOC113451493	NW_020769579.1	86488	89657	3169	neg	fragmented	NA	NA	403	ncbi
ptext_V2R072	ptext	LOC113451495	NW_020769579.1	112992	128822	15830	neg	partial	NA	NA	521	ncbi
ptext_V2R073	ptext	LOC113451496	NW_020769579.1	196929	204839	7910	neg	fragmented	NA	NA	350	ncbi
ptext_V2R074	ptext	LOC113451537	NW_020769586.1	84448	92167	7719	neg	fragmented	NA	NA	288	ncbi
ptext_V2R075	ptext	LOC113451538	NW_020769586.1	114247	127414	13167	neg	partial	NA	NA	530	ncbi
ptext_V2R076	ptext	LOC113451539	NW_020769586.1	203636	204544	908	pos	fragmented	NA	NA	302	ncbi
ptext_V2R077	ptext	LOC113451540	NW_020769586.1	212428	239992	27564	pos	fragmented	NA	NA	416	ncbi
ptext_V2R078	ptext	LOC113451541	NW_020769586.1	246791	256993	10202	neg	partial	NA	NA	671	ncbi
ptext_V2R079	ptext	LOC113451609	NW_020769596.1	98600	107336	8736	pos	fragmented	NA	NA	475	ncbi
ptext_V2R080	ptext	LOC113451650	NW_020769603.1	19893	20837	944	neg	fragmented	NA	NA	314	ncbi
ptext_V2R081	ptext	LOC113451651	NW_020769603.1	52555	57199	4644	pos	fragmented	NA	NA	302	ncbi
ptext_V2R082	ptext	LOC113451652	NW_020769603.1	64261	65171	910	neg	fragmented	NA	NA	302	ncbi
ptext_V2R083	ptext	LOC113451653	NW_020769603.1	90912	99573	8661	neg	intact	NA	NA	749	ncbi
ptext_V2R084	ptext	LOC113451695	NW_020769613.1	19034	197843	178809	neg	intact	NA	NA	1319	ncbi
ptext_V2R085	ptext	LOC113451712	NW_020769615.1	12043	15672	3629	pos	fragmented	NA	NA	342	ncbi
ptext_V2R086	ptext	LOC113451711	NW_020769615.1	22656	28920	6264	pos	intact	NA	NA	686	ncbi
ptext_V2R087	ptext	LOC113451708	NW_020769615.1	50921	79353	28432	pos	intact	NA	NA	674	ncbi
ptext_V2R088	ptext	LOC113451709	NW_020769615.1	83782	89665	5883	pos	partial	NA	NA	538	ncbi
ptext_V2R089	ptext	LOC113451710	NW_020769615.1	116571	121229	4658	pos	fragmented	NA	NA	379	ncbi
ptext_V2R090	ptext	LOC113451726	NW_020769618.1	21011	35417	14406	neg	intact	NA	NA	889	ncbi
ptext_V2R091	ptext	LOC113451729	NW_020769618.1	134392	144130	9738	neg	intact	NA	NA	831	ncbi
ptext_V2R092	ptext	LOC113451741	NW_020769620.1	54330	68681	14351	neg	partial	NA	NA	822	ncbi
ptext_V2R093	ptext	LOC113451743	NW_020769620.1	92408	97203	4795	pos	partial	NA	NA	521	ncbi
ptext_V2R094	ptext	LOC113451745	NW_020769620.1	139223	148672	9449	neg	partial	NA	NA	576	ncbi
ptext_V2R095	ptext	LOC113451747	NW_020769620.1	168699	178773	10074	pos	intact	NA	NA	682	ncbi
ptext_V2R096	ptext	LOC113451786	NW_020769628.1	19074	19984	910	pos	fragmented	NA	NA	302	ncbi
ptext_V2R097	ptext	LOC113451787	NW_020769628.1	40392	43875	3483	neg	fragmented	NA	NA	300	ncbi
ptext_V2R098	ptext	LOC113451788	NW_020769628.1	85010	95507	10497	pos	intact	NA	NA	818	ncbi
ptext_V2R099	ptext	LOC113451802	NW_020769631.1	98278	106491	8213	pos	fragmented	NA	NA	410	ncbi
ptext_V2R100	ptext	LOC113451807	NW_020769633.1	100090	127603	27513	neg	intact	NA	NA	781	ncbi
ptext_V2R101	ptext	LOC113451821	NW_020769636.1	40218	48797	8579	pos	intact	NA	NA	796	ncbi
ptext_V2R102	ptext	LOC113451822	NW_020769636.1	63163	76469	13306	neg	intact	NA	NA	869	ncbi
ptext_V2R103	ptext	LOC113451824	NW_020769636.1	80990	92338	11348	neg	partial	NA	NA	509	ncbi
ptext_V2R104	ptext	LOC113451825	NW_020769636.1	123369	137394	14025	neg	partial	NA	NA	592	ncbi
ptext_V2R105	ptext	LOC113451848	NW_020769640.1	143450	149421	5971	pos	partial	NA	NA	514	ncbi
ptext_V2R106	ptext	LOC113451867	NW_020769645.1	24617	30689	6072	pos	intact	NA	NA	735	ncbi
ptext_V2R107	ptext	LOC113451899	NW_020769652.1	77065	108712	31647	pos	intact	NA	NA	843	ncbi
ptext_V2R108	ptext	LOC113451900	NW_020769652.1	120403	125540	5137	pos	intact	NA	NA	681	ncbi
ptext_V2R109	ptext	LOC113451909	NW_020769657.1	20726	28706	7980	pos	fragmented	NA	NA	362	ncbi
ptext_V2R110	ptext	LOC113451910	NW_020769657.1	126699	135946	9247	pos	intact	NA	NA	874	ncbi
ptext_V2R111	ptext	LOC113451939	NW_020769668.1	45024	45876	852	pos	fragmented	NA	NA	246	ncbi
ptext_V2R112	ptext	LOC113451936	NW_020769668.1	52408	61222	8814	pos	fragmented	NA	NA	436	ncbi
ptext_V2R113	ptext	LOC113451937	NW_020769668.1	65952	78128	12176	neg	partial	NA	NA	626	ncbi
ptext_V2R114	ptext	LOC113451994	NW_020769680.1	28909	30326	1417	pos	fragmented	NA	NA	187	ncbi
ptext_V2R115	ptext	LOC113451996	NW_020769680.1	67837	80975	13138	pos	intact	NA	NA	753	ncbi
ptext_V2R116	ptext	LOC113452000	NW_020769681.1	21662	23386	1724	neg	fragmented	NA	NA	326	ncbi
ptext_V2R117	ptext	LOC113452001	NW_020769681.1	100402	102579	2177	neg	fragmented	NA	NA	279	ncbi
ptext_V2R118	ptext	LOC113452079	NW_020769707.1	18370	22805	4435	neg	partial	NA	NA	512	ncbi
ptext_V2R119	ptext	LOC113452084	NW_020769710.1	48119	50417	2298	neg	fragmented	NA	NA	333	ncbi
ptext_V2R120	ptext	LOC113452086	NW_020769711.1	32837	79378	46541	pos	fragmented	NA	NA	489	ncbi
ptext_V2R121	ptext	LOC113452163	NW_020769734.1	6200	70886	64686	neg	partial	NA	NA	750	ncbi
ptext_V2R122	ptext	LOC113452183	NW_020769752.1	728	8525	7797	neg	fragmented	NA	NA	426	ncbi
ptext_V2R123	ptext	LOC113452184	NW_020769752.1	20336	32139	11803	pos	partial	NA	NA	683	ncbi
ptext_V2R124	ptext	LOC113452182	NW_020769752.1	36169	53046	16877	pos	intact	NA	NA	757	ncbi
ptext_V2R125	ptext	LOC113452186	NW_020769755.1	954	27189	26235	neg	intact	NA	NA	845	ncbi
ptext_V2R126	ptext	LOC113452197	NW_020769759.1	44712	56200	11488	pos	intact	NA	NA	762	ncbi
ptext_V2R127	ptext	LOC113452208	NW_020769766.1	43824	55007	11183	neg	partial	NA	NA	649	ncbi
ptext_V2R128	ptext	LOC113452215	NW_020769770.1	10850	20480	9630	neg	intact	NA	NA	806	ncbi
ptext_V2R129	ptext	LOC113452217	NW_020769772.1	49241	59791	10550	pos	intact	NA	NA	822	ncbi
ptext_V2R130	ptext	LOC113452236	NW_020769792.1	43520	46993	3473	pos	intact	NA	NA	684	ncbi
ptext_V2R131	ptext	LOC113452237	NW_020769793.1	40910	46296	5386	pos	intact	NA	NA	684	ncbi
ptext_V2R132	ptext	LOC113452250	NW_020769809.1	12761	24079	11318	pos	partial	NA	NA	591	ncbi
ptext_V2R133	ptext	LOC113452272	NW_020769828.1	29771	35765	5994	pos	partial	NA	NA	521	ncbi
ptext_V2R134	ptext	LOC113452280	NW_020769840.1	6310	8972	2662	pos	fragmented	NA	NA	300	ncbi
ptext_V2R135	ptext	LOC113452281	NW_020769841.1	37441	40103	2662	neg	fragmented	NA	NA	300	ncbi
ptext_V2R136	ptext	LOC113452287	NW_020769846.1	6282	8943	2661	pos	fragmented	NA	NA	300	ncbi
ptext_V2R137	ptext	LOC113452288	NW_020769847.1	36763	39424	2661	neg	fragmented	NA	NA	300	ncbi
ptext_V2R138	ptext	LOC113452289	NW_020769848.1	40668	41957	1289	neg	fragmented	NA	NA	340	ncbi
ptext_V2R139	ptext	LOC113452298	NW_020769856.1	29961	39641	9680	pos	partial	NA	NA	544	ncbi
ptext_V2R140	ptext	LOC113452304	NW_020769859.1	9965	42442	32477	neg	intact	NA	NA	833	ncbi
ptext_V2R141	ptext	LOC113452313	NW_020769865.1	10185	28092	17907	neg	partial	NA	NA	610	ncbi
ptext_V2R142	ptext	LOC113452314	NW_020769865.1	33411	39136	5725	neg	partial	NA	NA	512	ncbi
ptext_V2R143	ptext	LOC113452315	NW_020769866.1	17856	23336	5480	pos	fragmented	NA	NA	397	ncbi
ptext_V2R144	ptext	LOC113452316	NW_020769866.1	25792	40794	15002	pos	intact	NA	NA	695	ncbi
ptext_V2R145	ptext	LOC113452319	NW_020769871.1	12646	22699	10053	pos	partial	NA	NA	514	ncbi
ptext_V2R146	ptext	LOC113452320	NW_020769876.1	59	1455	1396	pos	fragmented	NA	NA	224	ncbi
ptext_V2R147	ptext	LOC113452321	NW_020769876.1	5288	30274	24986	pos	intact	NA	NA	919	ncbi
ptext_V2R148	ptext	LOC113452359	NW_020769918.1	17745	27467	9722	neg	intact	NA	NA	806	ncbi
ptext_V2R149	ptext	LOC113452358	NW_020769918.1	29676	40763	11087	neg	partial	NA	NA	603	ncbi
ptext_V2R150	ptext	LOC113452372	NW_020769932.1	23942	33057	9115	pos	partial	NA	NA	541	ncbi
ptext_V2R151	ptext	LOC113452374	NW_020769936.1	2450	8385	5935	pos	fragmented	NA	NA	450	ncbi
ptext_V2R152	ptext	LOC113452375	NW_020769936.1	14216	35378	21162	neg	fragmented	NA	NA	470	ncbi
ptext_V2R153	ptext	LOC113452377	NW_020769940.1	11634	28944	17310	neg	partial	NA	NA	700	ncbi
ptext_V2R154	ptext	LOC113452381	NW_020769955.1	108	9291	9183	pos	fragmented	NA	NA	445	ncbi
ptext_V2R155	ptext	LOC113452382	NW_020769958.1	1992	7160	5168	pos	intact	NA	NA	696	ncbi
ptext_V2R156	ptext	LOC113452384	NW_020769958.1	18306	28320	10014	neg	partial	NA	NA	609	ncbi
ptext_V2R157	ptext	LOC113452385	NW_020769960.1	1663	20668	19005	neg	fragmented	NA	NA	446	ncbi
ptext_V2R158	ptext	LOC113452386	NW_020769960.1	35443	36342	899	neg	fragmented	NA	NA	299	ncbi
ptext_V2R159	ptext	LOC113452407	NW_020769973.1	14140	15030	890	pos	fragmented	NA	NA	296	ncbi
ptext_V2R160	ptext	LOC113452443	NW_020770016.1	2535	9606	7071	pos	intact	NA	NA	786	ncbi
ptext_V2R161	ptext	LOC113452450	NW_020770023.1	19118	25413	6295	neg	intact	NA	NA	682	ncbi
ptext_V2R162	ptext	LOC113452452	NW_020770024.1	31172	31918	746	pos	fragmented	NA	NA	248	ncbi
ptext_V2R163	ptext	LOC113452512	NW_020770102.1	7202	21464	14262	neg	intact	NA	NA	817	ncbi
ptext_V2R164	ptext	LOC113452547	NW_020770143.1	13158	29839	16681	pos	intact	NA	NA	734	ncbi
ptext_V2R165	ptext	LOC113452551	NW_020770149.1	1734	7083	5349	neg	intact	NA	NA	683	ncbi
ptext_V2R166	ptext	LOC113452554	NW_020770160.1	14072	14773	701	neg	fragmented	NA	NA	234	ncbi
ptext_V2R167	ptext	LOC113452555	NW_020770164.1	17849	22713	4864	pos	intact	NA	NA	684	ncbi
ptext_V2R168	ptext	LOC113452583	NW_020770210.1	4359	20453	16094	neg	partial	NA	NA	652	ncbi
ptext_V2R169	ptext	LOC113452582	NW_020770210.1	24639	26063	1424	neg	fragmented	NA	NA	298	ncbi
ptext_V2R170	ptext	LOC113452611	NW_020770249.1	32	26577	26545	pos	partial	NA	NA	739	ncbi
ptext_V2R171	ptext	LOC113452612	NW_020770250.1	11613	16476	4863	neg	intact	NA	NA	684	ncbi
ptext_V2R172	ptext	LOC113452618	NW_020770260.1	6374	7276	902	pos	fragmented	NA	NA	287	ncbi
ptext_V2R173	ptext	LOC113452625	NW_020770272.1	10154	25718	15564	pos	intact	NA	NA	808	ncbi
ptext_V2R174	ptext	LOC113452627	NW_020770279.1	17128	23142	6014	neg	fragmented	NA	NA	420	ncbi
ptext_V2R175	ptext	LOC113452628	NW_020770280.1	3316	9330	6014	pos	fragmented	NA	NA	420	ncbi
ptext_V2R176	ptext	LOC113452687	NW_020770359.1	23265	24185	920	neg	fragmented	NA	NA	306	ncbi
ptext_V2R177	ptext	LOC113452725	NW_020770427.1	4494	5390	896	pos	fragmented	NA	NA	298	ncbi
ptext_V2R178	ptext	LOC113452737	NW_020770440.1	2407	3317	910	pos	fragmented	NA	NA	302	ncbi
ptext_V2R179	ptext	LOC113452744	NW_020770448.1	764	17082	16318	pos	intact	NA	NA	997	ncbi
ptext_V2R180	ptext	LOC113452745	NW_020770449.1	11049	12952	1903	pos	fragmented	NA	NA	362	ncbi
ptext_V2R181	ptext	LOC113452765	NW_020770462.1	25	933	908	pos	fragmented	NA	NA	302	ncbi
ptext_V2R182	ptext	LOC113452854	NW_020770673.1	6504	16064	9560	pos	fragmented	NA	NA	305	ncbi
ptext_V2R183	ptext	LOC113452859	NW_020770691.1	9597	15286	5689	neg	fragmented	NA	NA	435	ncbi
ptext_V2R184	ptext	LOC113452894	NW_020770745.1	1286	2218	932	pos	fragmented	NA	NA	310	ncbi
ptext_V2R185	ptext	LOC113452895	NW_020770745.1	8739	11233	2494	neg	fragmented	NA	NA	377	ncbi
ptext_V2R186	ptext	LOC113452957	NW_020770837.1	5927	9913	3986	pos	fragmented	NA	NA	444	ncbi
ptext_V2R187	ptext	LOC113452983	NW_020770893.1	6070	16690	10620	neg	intact	NA	NA	795	ncbi
ptext_V2R188	ptext	LOC113453036	NW_020771025.1	13376	14635	1259	neg	fragmented	NA	NA	339	ncbi
ptext_V2R189	ptext	LOC113453045	NW_020771049.1	5730	14516	8786	neg	intact	NA	NA	796	ncbi
ptext_V2R190	ptext	LOC113453072	NW_020771103.1	6647	15676	9029	pos	intact	NA	NA	948	ncbi
ptext_V2R191	ptext	LOC113453098	NW_020771164.1	565	15240	14675	neg	partial	NA	NA	739	ncbi
ptext_V2R192	ptext	LOC113453100	NW_020771172.1	4854	14779	9925	neg	fragmented	NA	NA	524	ncbi
ptext_V2R193	ptext	LOC113453138	NW_020771306.1	7099	11792	4693	neg	fragmented	NA	NA	430	ncbi
ptext_V2R194	ptext	LOC113453181	NW_020771416.1	10225	12284	2059	neg	fragmented	NA	NA	349	ncbi
ptext_V2R195	ptext	LOC113453189	NW_020771447.1	13219	13722	503	neg	fragmented	NA	NA	168	ncbi
ptext_V2R196	ptext	LOC113453192	NW_020771453.1	524	5589	5065	pos	intact	NA	NA	684	ncbi
ptext_V2R197	ptext	LOC113453206	NW_020771501.1	9942	11203	1261	pos	fragmented	NA	NA	339	ncbi
ptext_V2R198	ptext	LOC113453277	NW_020771686.1	2864	6502	3638	pos	fragmented	NA	NA	416	ncbi
ptext_V2R199	ptext	LOC113453327	NW_020771818.1	807	3339	2532	pos	fragmented	NA	NA	268	ncbi
ptext_V2R200	ptext	LOC113453344	NW_020771872.1	317	11729	11412	pos	intact	NA	NA	827	ncbi
ptext_V2R201	ptext	LOC113453363	NW_020771969.1	7483	10558	3075	neg	fragmented	NA	NA	298	ncbi
ptext_V2R202	ptext	LOC113453364	NW_020771973.1	869	3944	3075	pos	fragmented	NA	NA	298	ncbi
ptext_V2R203	ptext	LOC113453386	NW_020772045.1	296	1191	895	pos	fragmented	NA	NA	297	ncbi
ptext_V2R204	ptext	LOC113453408	NW_020772098.1	2201	7521	5320	neg	partial	NA	NA	582	ncbi
ptext_V2R205	ptext	LOC113453423	NW_020772162.1	9703	10629	926	neg	fragmented	NA	NA	308	ncbi
ptext_V2R206	ptext	LOC113453448	NW_020772254.1	5031	5927	896	pos	fragmented	NA	NA	298	ncbi
ptext_V2R207	ptext	LOC113453477	NW_020772352.1	3739	7060	3321	pos	fragmented	NA	NA	392	ncbi
ptext_V2R208	ptext	LOC113453482	NW_020772376.1	133	5060	4927	pos	fragmented	NA	NA	355	ncbi
ptext_V2R209	ptext	LOC113453570	NW_020772723.1	4334	7747	3413	neg	fragmented	NA	NA	454	ncbi
ptext_V2R210	ptext	LOC113453592	NW_020772819.1	2734	4127	1393	neg	fragmented	NA	NA	320	ncbi
ptext_V2R211	ptext	LOC113453718	NW_020773337.1	675	2808	2133	pos	fragmented	NA	NA	345	ncbi
ptext_V2R212	ptext	LOC113453724	NW_020773367.1	4444	6245	1801	pos	fragmented	NA	NA	343	ncbi
ptext_V2R213	ptext	LOC113453764	NW_020773590.1	2723	7487	4764	pos	fragmented	NA	NA	504	ncbi
ptext_V2R214	ptext	LOC113453767	NW_020773611.1	686	5051	4365	neg	fragmented	NA	NA	305	ncbi
ptext_V2R215	ptext	LOC113453773	NW_020773628.1	1513	4187	2674	pos	fragmented	NA	NA	364	ncbi
ptext_V2R216	ptext	LOC113453778	NW_020773668.1	5677	6600	923	neg	fragmented	NA	NA	307	ncbi
ptext_V2R217	ptext	LOC113453814	NW_020773934.1	945	6147	5202	pos	fragmented	NA	NA	487	ncbi
ptext_V2R218	ptext	LOC113453865	NW_020774124.1	1519	6358	4839	pos	fragmented	NA	NA	432	ncbi
ptext_V2R219	ptext	LOC113453872	NW_020774163.1	1042	2285	1243	pos	fragmented	NA	NA	251	ncbi
ptext_V2R220	ptext	LOC113453921	NW_020774392.1	5195	6052	857	pos	fragmented	NA	NA	286	ncbi
ptext_V2R221	ptext	LOC113454061	NW_020775164.1	3593	4489	896	pos	fragmented	NA	NA	298	ncbi
ptext_V2R222	ptext	LOC113454099	NW_020775455.1	4340	5250	910	neg	fragmented	NA	NA	302	ncbi
ptext_V2R223	ptext	LOC113454164	NW_020775928.1	2506	3796	1290	pos	fragmented	NA	NA	340	ncbi
ptext_V2R224	ptext	LOC113454177	NW_020776007.1	996	1892	896	neg	fragmented	NA	NA	298	ncbi
ptext_V2R225	ptext	LOC113454186	NW_020776054.1	725	1621	896	neg	fragmented	NA	NA	298	ncbi
ptext_V2R226	ptext	LOC113454203	NW_020776182.1	1337	4897	3560	neg	fragmented	NA	NA	444	ncbi
ptext_V2R227	ptext	LOC113454247	NW_020776533.1	316	2304	1988	pos	fragmented	NA	NA	272	ncbi
ptext_V2R228	ptext	LOC113454273	NW_020776777.1	2828	3724	896	neg	fragmented	NA	NA	298	ncbi
ptext_V2R229	ptext	LOC113454299	NW_020777009.1	3992	4709	717	neg	fragmented	NA	NA	211	ncbi
ptext_V2R230	ptext	LOC113454386	NW_020779030.1	1094	1990	896	pos	fragmented	NA	NA	298	ncbi
ptext_V2R231	ptext	LOC113454414	NW_020779485.1	23	4342	4319	neg	partial	NA	NA	618	ncbi
ptext_V2R232	ptext	LOC113454514	NW_020781474.1	1635	2924	1289	pos	fragmented	NA	NA	340	ncbi
ptext_V2R233	ptext	LOC113454521	NW_020781579.1	863	1759	896	neg	fragmented	NA	NA	298	ncbi
ptext_V2R234	ptext	LOC113454542	NW_020781825.1	2018	3649	1631	neg	fragmented	NA	NA	305	ncbi
ptext_V2R235	ptext	LOC113454665	NW_020783553.1	1113	2087	974	pos	fragmented	NA	NA	304	ncbi
ptext_V2R236	ptext	LOC113454849	NW_020786288.1	1734	2438	704	pos	fragmented	NA	NA	234	ncbi
ptext_V2R237	ptext	LOC113454856	NW_020786378.1	5	2417	2412	neg	fragmented	NA	NA	328	ncbi
ptext_V2R238	ptext	LOC113454932	NW_020788153.1	159	698	539	neg	fragmented	NA	NA	180	ncbi
