species	merge_bp	chr	start	end	width	n_loci	cluster_id
horn	25000	ch2	322444970	322460947	15978	1	ch2_1
horn	25000	ch2	323186765	323208612	21848	1	ch2_2
horn	25000	ch2	323377451	323393936	16486	1	ch2_3
horn	25000	ch2	323559788	323577119	17332	1	ch2_4
horn	25000	ch2	323836170	323843852	7683	1	ch2_5
horn	25000	ch2	323924290	323952766	28477	1	ch2_6
horn	25000	ch2	323994995	324002678	7684	1	ch2_7
horn	25000	ch2	324082654	324098376	15723	1	ch2_8
horn	25000	ch2	326574465	326586150	11686	1	ch2_9
horn	25000	ch2	329976782	329994649	17868	1	ch2_10
horn	25000	ch2	330133422	330167618	34197	1	ch2_11
horn	25000	ch2	331723960	331735968	12009	1	ch2_12
horn	25000	ch2	331798501	331813258	14758	1	ch2_13
horn	25000	ch2	331878442	331892403	13962	1	ch2_14
horn	25000	ch2	332054339	332069047	14709	1	ch2_15
horn	25000	ch2	332113993	332130332	16340	1	ch2_16
horn	25000	ch2	332283031	332292088	9058	1	ch2_17
horn	25000	ch2	332377360	332389463	12104	1	ch2_18
horn	25000	ch2	332470462	332502123	31662	2	ch2_19
horn	25000	ch2	332582319	332605887	23569	1	ch2_20
horn	25000	ch2	332668674	332690390	21717	1	ch2_21
horn	25000	ch2	333047918	333057904	9987	1	ch2_22
horn	25000	ch2	333170572	333186968	16397	1	ch2_23
horn	25000	ch2	334609669	334633709	24041	1	ch2_24
horn	25000	ch2	334770035	334787134	17100	1	ch2_25
horn	25000	ch2	334961404	334978501	17098	1	ch2_26
horn	25000	ch2	335495854	335546706	50853	2	ch2_27
horn	25000	ch2	336586231	336598600	12370	1	ch2_28
horn	25000	ch2	343211738	343229516	17779	1	ch2_29
horn	25000	ch2	343259841	343271370	11530	1	ch2_30
horn	25000	ch2	346272604	346329362	56759	2	ch2_31
horn	25000	ch2	347638774	347649507	10734	1	ch2_32
horn	25000	ch2	347788547	347799192	10646	1	ch2_33
horn	25000	ch2	348247924	348260443	12520	1	ch2_34
horn	25000	ch2	348363074	348380157	17084	1	ch2_35
horn	25000	ch2	348506265	348570988	64724	2	ch2_36
horn	25000	ch2	349803450	349825143	21694	1	ch2_37
horn	25000	ch2	349972159	349991305	19147	1	ch2_38
horn	25000	ch2	350235401	350256412	21012	1	ch2_39
horn	25000	ch2	350305628	350311853	6226	1	ch2_40
horn	25000	ch2	350872432	350886330	13899	1	ch2_41
horn	25000	ch2	351068746	351089651	20906	1	ch2_42
horn	25000	ch2	351171558	351188695	17138	1	ch2_43
horn	25000	ch2	351899416	351927552	28137	1	ch2_44
horn	25000	ch2	352224661	352236957	12297	1	ch2_45
horn	25000	ch2	353004594	353029276	24683	1	ch2_46
horn	25000	ch2	353182828	353209826	26999	1	ch2_47
horn	25000	ch2	353892090	353917233	25144	1	ch2_48
horn	25000	ch2	354009150	354023018	13869	1	ch2_49
horn	25000	ch2	355122348	355137402	15055	1	ch2_50
horn	25000	ch2	355166385	355226230	59846	1	ch2_51
horn	25000	ch2	355259214	355330007	70794	1	ch2_52
horn	25000	ch2	355381027	355402971	21945	1	ch2_53
horn	25000	ch2	357066891	357073853	6963	1	ch2_54
horn	25000	ch2	357178707	357185670	6964	1	ch2_55
horn	25000	ch2	358170058	358187198	17141	1	ch2_56
horn	25000	ch2	358380262	358397428	17167	1	ch2_57
horn	25000	ch2	359348038	359378332	30295	2	ch2_58
horn	25000	ch2	359418309	359471134	52826	2	ch2_59
horn	25000	ch2	359729101	359739596	10496	1	ch2_60
horn	25000	ch2	359988547	359993570	5024	1	ch2_61
horn	25000	ch2	360085737	360118749	33013	1	ch2_62
horn	25000	ch2	360211056	360233102	22047	1	ch2_63
horn	25000	ch2	360499035	360514379	15345	1	ch2_64
horn	25000	ch2	360759912	360810116	50205	2	ch2_65
horn	25000	ch2	360937311	360947008	9698	1	ch2_66
horn	25000	ch2	361067239	361099477	32239	1	ch2_67
horn	25000	ch2	361324209	361351078	26870	1	ch2_68
horn	25000	ch2	361427864	361481373	53510	2	ch2_69
horn	25000	ch2	361698689	361718830	20142	1	ch2_70
horn	25000	ch2	361761278	361766277	5000	1	ch2_71
horn	25000	ch2	361917292	361932588	15297	1	ch2_72
horn	25000	ch2	362429519	362440921	11403	1	ch2_73
horn	25000	ch2	362972781	362992014	19234	1	ch2_74
horn	25000	ch2	365753643	365787840	34198	1	ch2_75
horn	25000	ch2	365870561	365910201	39641	1	ch2_76
horn	25000	ch2	366086354	366405245	318892	2	ch2_77
horn	25000	ch2	372689024	372719533	30510	1	ch2_78
horn	25000	ch2	374151794	374174546	22753	1	ch2_79
horn	25000	ch2	374536801	374564178	27378	1	ch2_80
horn	25000	ch2	374754559	374790065	35507	1	ch2_81
horn	25000	ch2	375036020	375527844	491825	1	ch2_82
horn	25000	ch2	375888891	375950320	61430	2	ch2_83
horn	25000	ch2	376308370	376338917	30548	1	ch2_84
horn	25000	ch2	376410016	376427550	17535	1	ch2_85
horn	25000	ch2	376555354	376569460	14107	1	ch2_86
horn	25000	ch2	376746180	376808480	62301	1	ch2_87
horn	25000	ch2	377267936	377291776	23841	1	ch2_88
horn	25000	ch2	377345458	377354605	9148	1	ch2_89
horn	25000	ch2	377734656	377758474	23819	1	ch2_90
horn	25000	ch2	377818225	377827394	9170	1	ch2_91
horn	25000	ch2	377888359	377897941	9583	1	ch2_92
horn	25000	ch2	378440944	378452909	11966	1	ch2_93
horn	25000	ch2	378729443	378753517	24075	1	ch2_94
horn	25000	ch2	379083028	379100931	17904	1	ch2_95
horn	25000	ch2	379485227	379535109	49883	1	ch2_96
horn	25000	ch2	379993509	380009755	16247	1	ch2_97
horn	25000	ch2	380155140	380306797	151658	1	ch2_98
horn	25000	ch2	380415360	380430386	15027	1	ch2_99
horn	25000	ch2	384773803	384804032	30230	2	ch2_100
horn	25000	ch2	384941052	385005565	64514	2	ch2_101
horn	25000	ch2	385101017	385116736	15720	1	ch2_102
horn	25000	ch2	385213111	385266285	53175	1	ch2_103
horn	25000	ch2	385433022	385484132	51111	2	ch2_104
horn	25000	ch2	385567973	385580782	12810	1	ch2_105
horn	25000	ch2	385754271	385791857	37587	1	ch2_106
horn	25000	ch2	386053599	386068885	15287	1	ch2_107
horn	25000	ch2	386208866	386256092	47227	1	ch2_108
horn	25000	ch2	387048165	387064394	16230	1	ch2_109
horn	25000	ch2	387106181	387244204	138024	4	ch2_110
horn	39810	ch2	322444970	322460947	15978	1	ch2_1
horn	39810	ch2	323186765	323208612	21848	1	ch2_2
horn	39810	ch2	323377451	323393936	16486	1	ch2_3
horn	39810	ch2	323559788	323577119	17332	1	ch2_4
horn	39810	ch2	323836170	323843852	7683	1	ch2_5
horn	39810	ch2	323924290	323952766	28477	1	ch2_6
horn	39810	ch2	323994995	324002678	7684	1	ch2_7
horn	39810	ch2	324082654	324098376	15723	1	ch2_8
horn	39810	ch2	326574465	326586150	11686	1	ch2_9
horn	39810	ch2	329976782	329994649	17868	1	ch2_10
horn	39810	ch2	330133422	330167618	34197	1	ch2_11
horn	39810	ch2	331723960	331735968	12009	1	ch2_12
horn	39810	ch2	331798501	331813258	14758	1	ch2_13
horn	39810	ch2	331878442	331892403	13962	1	ch2_14
horn	39810	ch2	332054339	332069047	14709	1	ch2_15
horn	39810	ch2	332113993	332130332	16340	1	ch2_16
horn	39810	ch2	332283031	332292088	9058	1	ch2_17
horn	39810	ch2	332377360	332389463	12104	1	ch2_18
horn	39810	ch2	332470462	332502123	31662	2	ch2_19
horn	39810	ch2	332582319	332605887	23569	1	ch2_20
horn	39810	ch2	332668674	332690390	21717	1	ch2_21
horn	39810	ch2	333047918	333057904	9987	1	ch2_22
horn	39810	ch2	333170572	333186968	16397	1	ch2_23
horn	39810	ch2	334609669	334633709	24041	1	ch2_24
horn	39810	ch2	334770035	334787134	17100	1	ch2_25
horn	39810	ch2	334961404	334978501	17098	1	ch2_26
horn	39810	ch2	335495854	335546706	50853	2	ch2_27
horn	39810	ch2	336586231	336598600	12370	1	ch2_28
horn	39810	ch2	343211738	343271370	59633	2	ch2_29
horn	39810	ch2	346272604	346329362	56759	2	ch2_30
horn	39810	ch2	347638774	347649507	10734	1	ch2_31
horn	39810	ch2	347788547	347799192	10646	1	ch2_32
horn	39810	ch2	348247924	348260443	12520	1	ch2_33
horn	39810	ch2	348363074	348380157	17084	1	ch2_34
horn	39810	ch2	348506265	348570988	64724	2	ch2_35
horn	39810	ch2	349803450	349825143	21694	1	ch2_36
horn	39810	ch2	349972159	349991305	19147	1	ch2_37
horn	39810	ch2	350235401	350256412	21012	1	ch2_38
horn	39810	ch2	350305628	350311853	6226	1	ch2_39
horn	39810	ch2	350872432	350886330	13899	1	ch2_40
horn	39810	ch2	351068746	351089651	20906	1	ch2_41
horn	39810	ch2	351171558	351188695	17138	1	ch2_42
horn	39810	ch2	351899416	351927552	28137	1	ch2_43
horn	39810	ch2	352224661	352236957	12297	1	ch2_44
horn	39810	ch2	353004594	353029276	24683	1	ch2_45
horn	39810	ch2	353182828	353209826	26999	1	ch2_46
horn	39810	ch2	353892090	353917233	25144	1	ch2_47
horn	39810	ch2	354009150	354023018	13869	1	ch2_48
horn	39810	ch2	355122348	355330007	207660	3	ch2_49
horn	39810	ch2	355381027	355402971	21945	1	ch2_50
horn	39810	ch2	357066891	357073853	6963	1	ch2_51
horn	39810	ch2	357178707	357185670	6964	1	ch2_52
horn	39810	ch2	358170058	358187198	17141	1	ch2_53
horn	39810	ch2	358380262	358397428	17167	1	ch2_54
horn	39810	ch2	359348038	359378332	30295	2	ch2_55
horn	39810	ch2	359418309	359471134	52826	2	ch2_56
horn	39810	ch2	359729101	359739596	10496	1	ch2_57
horn	39810	ch2	359988547	359993570	5024	1	ch2_58
horn	39810	ch2	360085737	360118749	33013	1	ch2_59
horn	39810	ch2	360211056	360233102	22047	1	ch2_60
horn	39810	ch2	360499035	360514379	15345	1	ch2_61
horn	39810	ch2	360759912	360810116	50205	2	ch2_62
horn	39810	ch2	360937311	360947008	9698	1	ch2_63
horn	39810	ch2	361067239	361099477	32239	1	ch2_64
horn	39810	ch2	361324209	361351078	26870	1	ch2_65
horn	39810	ch2	361427864	361481373	53510	2	ch2_66
horn	39810	ch2	361698689	361718830	20142	1	ch2_67
horn	39810	ch2	361761278	361766277	5000	1	ch2_68
horn	39810	ch2	361917292	361932588	15297	1	ch2_69
horn	39810	ch2	362429519	362440921	11403	1	ch2_70
horn	39810	ch2	362972781	362992014	19234	1	ch2_71
horn	39810	ch2	365753643	365787840	34198	1	ch2_72
horn	39810	ch2	365870561	365910201	39641	1	ch2_73
horn	39810	ch2	366086354	366405245	318892	2	ch2_74
horn	39810	ch2	372689024	372719533	30510	1	ch2_75
horn	39810	ch2	374151794	374174546	22753	1	ch2_76
horn	39810	ch2	374536801	374564178	27378	1	ch2_77
horn	39810	ch2	374754559	374790065	35507	1	ch2_78
horn	39810	ch2	375036020	375527844	491825	1	ch2_79
horn	39810	ch2	375888891	375950320	61430	2	ch2_80
horn	39810	ch2	376308370	376338917	30548	1	ch2_81
horn	39810	ch2	376410016	376427550	17535	1	ch2_82
horn	39810	ch2	376555354	376569460	14107	1	ch2_83
horn	39810	ch2	376746180	376808480	62301	1	ch2_84
horn	39810	ch2	377267936	377291776	23841	1	ch2_85
horn	39810	ch2	377345458	377354605	9148	1	ch2_86
horn	39810	ch2	377734656	377758474	23819	1	ch2_87
horn	39810	ch2	377818225	377827394	9170	1	ch2_88
horn	39810	ch2	377888359	377897941	9583	1	ch2_89
horn	39810	ch2	378440944	378452909	11966	1	ch2_90
horn	39810	ch2	378729443	378753517	24075	1	ch2_91
horn	39810	ch2	379083028	379100931	17904	1	ch2_92
horn	39810	ch2	379485227	379535109	49883	1	ch2_93
horn	39810	ch2	379993509	380009755	16247	1	ch2_94
horn	39810	ch2	380155140	380306797	151658	1	ch2_95
horn	39810	ch2	380415360	380430386	15027	1	ch2_96
horn	39810	ch2	384773803	384804032	30230	2	ch2_97
horn	39810	ch2	384941052	385005565	64514	2	ch2_98
horn	39810	ch2	385101017	385116736	15720	1	ch2_99
horn	39810	ch2	385213111	385266285	53175	1	ch2_100
horn	39810	ch2	385433022	385484132	51111	2	ch2_101
horn	39810	ch2	385567973	385580782	12810	1	ch2_102
horn	39810	ch2	385754271	385791857	37587	1	ch2_103
horn	39810	ch2	386053599	386068885	15287	1	ch2_104
horn	39810	ch2	386208866	386256092	47227	1	ch2_105
horn	39810	ch2	387048165	387064394	16230	1	ch2_106
horn	39810	ch2	387106181	387244204	138024	4	ch2_107
horn	50000	ch2	322444970	322460947	15978	1	ch2_1
horn	50000	ch2	323186765	323208612	21848	1	ch2_2
horn	50000	ch2	323377451	323393936	16486	1	ch2_3
horn	50000	ch2	323559788	323577119	17332	1	ch2_4
horn	50000	ch2	323836170	323843852	7683	1	ch2_5
horn	50000	ch2	323924290	324002678	78389	2	ch2_6
horn	50000	ch2	324082654	324098376	15723	1	ch2_7
horn	50000	ch2	326574465	326586150	11686	1	ch2_8
horn	50000	ch2	329976782	329994649	17868	1	ch2_9
horn	50000	ch2	330133422	330167618	34197	1	ch2_10
horn	50000	ch2	331723960	331735968	12009	1	ch2_11
horn	50000	ch2	331798501	331813258	14758	1	ch2_12
horn	50000	ch2	331878442	331892403	13962	1	ch2_13
horn	50000	ch2	332054339	332130332	75994	2	ch2_14
horn	50000	ch2	332283031	332292088	9058	1	ch2_15
horn	50000	ch2	332377360	332389463	12104	1	ch2_16
horn	50000	ch2	332470462	332502123	31662	2	ch2_17
horn	50000	ch2	332582319	332605887	23569	1	ch2_18
horn	50000	ch2	332668674	332690390	21717	1	ch2_19
horn	50000	ch2	333047918	333057904	9987	1	ch2_20
horn	50000	ch2	333170572	333186968	16397	1	ch2_21
horn	50000	ch2	334609669	334633709	24041	1	ch2_22
horn	50000	ch2	334770035	334787134	17100	1	ch2_23
horn	50000	ch2	334961404	334978501	17098	1	ch2_24
horn	50000	ch2	335495854	335546706	50853	2	ch2_25
horn	50000	ch2	336586231	336598600	12370	1	ch2_26
horn	50000	ch2	343211738	343271370	59633	2	ch2_27
horn	50000	ch2	346272604	346329362	56759	2	ch2_28
horn	50000	ch2	347638774	347649507	10734	1	ch2_29
horn	50000	ch2	347788547	347799192	10646	1	ch2_30
horn	50000	ch2	348247924	348260443	12520	1	ch2_31
horn	50000	ch2	348363074	348380157	17084	1	ch2_32
horn	50000	ch2	348506265	348570988	64724	2	ch2_33
horn	50000	ch2	349803450	349825143	21694	1	ch2_34
horn	50000	ch2	349972159	349991305	19147	1	ch2_35
horn	50000	ch2	350235401	350311853	76453	2	ch2_36
horn	50000	ch2	350872432	350886330	13899	1	ch2_37
horn	50000	ch2	351068746	351089651	20906	1	ch2_38
horn	50000	ch2	351171558	351188695	17138	1	ch2_39
horn	50000	ch2	351899416	351927552	28137	1	ch2_40
horn	50000	ch2	352224661	352236957	12297	1	ch2_41
horn	50000	ch2	353004594	353029276	24683	1	ch2_42
horn	50000	ch2	353182828	353209826	26999	1	ch2_43
horn	50000	ch2	353892090	353917233	25144	1	ch2_44
horn	50000	ch2	354009150	354023018	13869	1	ch2_45
horn	50000	ch2	355122348	355330007	207660	3	ch2_46
horn	50000	ch2	355381027	355402971	21945	1	ch2_47
horn	50000	ch2	357066891	357073853	6963	1	ch2_48
horn	50000	ch2	357178707	357185670	6964	1	ch2_49
horn	50000	ch2	358170058	358187198	17141	1	ch2_50
horn	50000	ch2	358380262	358397428	17167	1	ch2_51
horn	50000	ch2	359348038	359471134	123097	4	ch2_52
horn	50000	ch2	359729101	359739596	10496	1	ch2_53
horn	50000	ch2	359988547	359993570	5024	1	ch2_54
horn	50000	ch2	360085737	360118749	33013	1	ch2_55
horn	50000	ch2	360211056	360233102	22047	1	ch2_56
horn	50000	ch2	360499035	360514379	15345	1	ch2_57
horn	50000	ch2	360759912	360810116	50205	2	ch2_58
horn	50000	ch2	360937311	360947008	9698	1	ch2_59
horn	50000	ch2	361067239	361099477	32239	1	ch2_60
horn	50000	ch2	361324209	361351078	26870	1	ch2_61
horn	50000	ch2	361427864	361481373	53510	2	ch2_62
horn	50000	ch2	361698689	361766277	67589	2	ch2_63
horn	50000	ch2	361917292	361932588	15297	1	ch2_64
horn	50000	ch2	362429519	362440921	11403	1	ch2_65
horn	50000	ch2	362972781	362992014	19234	1	ch2_66
horn	50000	ch2	365753643	365787840	34198	1	ch2_67
horn	50000	ch2	365870561	365910201	39641	1	ch2_68
horn	50000	ch2	366086354	366405245	318892	2	ch2_69
horn	50000	ch2	372689024	372719533	30510	1	ch2_70
horn	50000	ch2	374151794	374174546	22753	1	ch2_71
horn	50000	ch2	374536801	374564178	27378	1	ch2_72
horn	50000	ch2	374754559	374790065	35507	1	ch2_73
horn	50000	ch2	375036020	375527844	491825	1	ch2_74
horn	50000	ch2	375888891	375950320	61430	2	ch2_75
horn	50000	ch2	376308370	376338917	30548	1	ch2_76
horn	50000	ch2	376410016	376427550	17535	1	ch2_77
horn	50000	ch2	376555354	376569460	14107	1	ch2_78
horn	50000	ch2	376746180	376808480	62301	1	ch2_79
horn	50000	ch2	377267936	377291776	23841	1	ch2_80
horn	50000	ch2	377345458	377354605	9148	1	ch2_81
horn	50000	ch2	377734656	377758474	23819	1	ch2_82
horn	50000	ch2	377818225	377827394	9170	1	ch2_83
horn	50000	ch2	377888359	377897941	9583	1	ch2_84
horn	50000	ch2	378440944	378452909	11966	1	ch2_85
horn	50000	ch2	378729443	378753517	24075	1	ch2_86
horn	50000	ch2	379083028	379100931	17904	1	ch2_87
horn	50000	ch2	379485227	379535109	49883	1	ch2_88
horn	50000	ch2	379993509	380009755	16247	1	ch2_89
horn	50000	ch2	380155140	380306797	151658	1	ch2_90
horn	50000	ch2	380415360	380430386	15027	1	ch2_91
horn	50000	ch2	384773803	384804032	30230	2	ch2_92
horn	50000	ch2	384941052	385005565	64514	2	ch2_93
horn	50000	ch2	385101017	385116736	15720	1	ch2_94
horn	50000	ch2	385213111	385266285	53175	1	ch2_95
horn	50000	ch2	385433022	385484132	51111	2	ch2_96
horn	50000	ch2	385567973	385580782	12810	1	ch2_97
horn	50000	ch2	385754271	385791857	37587	1	ch2_98
horn	50000	ch2	386053599	386068885	15287	1	ch2_99
horn	50000	ch2	386208866	386256092	47227	1	ch2_100
horn	50000	ch2	387048165	387244204	196040	5	ch2_101
horn	100000	ch2	322444970	322460947	15978	1	ch2_1
horn	100000	ch2	323186765	323208612	21848	1	ch2_2
horn	100000	ch2	323377451	323393936	16486	1	ch2_3
horn	100000	ch2	323559788	323577119	17332	1	ch2_4
horn	100000	ch2	323836170	324098376	262207	4	ch2_5
horn	100000	ch2	326574465	326586150	11686	1	ch2_6
horn	100000	ch2	329976782	329994649	17868	1	ch2_7
horn	100000	ch2	330133422	330167618	34197	1	ch2_8
horn	100000	ch2	331723960	331892403	168444	3	ch2_9
horn	100000	ch2	332054339	332130332	75994	2	ch2_10
horn	100000	ch2	332283031	332690390	407360	6	ch2_11
horn	100000	ch2	333047918	333057904	9987	1	ch2_12
horn	100000	ch2	333170572	333186968	16397	1	ch2_13
horn	100000	ch2	334609669	334633709	24041	1	ch2_14
horn	100000	ch2	334770035	334787134	17100	1	ch2_15
horn	100000	ch2	334961404	334978501	17098	1	ch2_16
horn	100000	ch2	335495854	335546706	50853	2	ch2_17
horn	100000	ch2	336586231	336598600	12370	1	ch2_18
horn	100000	ch2	343211738	343271370	59633	2	ch2_19
horn	100000	ch2	346272604	346329362	56759	2	ch2_20
horn	100000	ch2	347638774	347649507	10734	1	ch2_21
horn	100000	ch2	347788547	347799192	10646	1	ch2_22
horn	100000	ch2	348247924	348260443	12520	1	ch2_23
horn	100000	ch2	348363074	348380157	17084	1	ch2_24
horn	100000	ch2	348506265	348570988	64724	2	ch2_25
horn	100000	ch2	349803450	349825143	21694	1	ch2_26
horn	100000	ch2	349972159	349991305	19147	1	ch2_27
horn	100000	ch2	350235401	350311853	76453	2	ch2_28
horn	100000	ch2	350872432	350886330	13899	1	ch2_29
horn	100000	ch2	351068746	351188695	119950	2	ch2_30
horn	100000	ch2	351899416	351927552	28137	1	ch2_31
horn	100000	ch2	352224661	352236957	12297	1	ch2_32
horn	100000	ch2	353004594	353029276	24683	1	ch2_33
horn	100000	ch2	353182828	353209826	26999	1	ch2_34
horn	100000	ch2	353892090	354023018	130929	2	ch2_35
horn	100000	ch2	355122348	355402971	280624	4	ch2_36
horn	100000	ch2	357066891	357073853	6963	1	ch2_37
horn	100000	ch2	357178707	357185670	6964	1	ch2_38
horn	100000	ch2	358170058	358187198	17141	1	ch2_39
horn	100000	ch2	358380262	358397428	17167	1	ch2_40
horn	100000	ch2	359348038	359471134	123097	4	ch2_41
horn	100000	ch2	359729101	359739596	10496	1	ch2_42
horn	100000	ch2	359988547	360233102	244556	3	ch2_43
horn	100000	ch2	360499035	360514379	15345	1	ch2_44
horn	100000	ch2	360759912	360810116	50205	2	ch2_45
horn	100000	ch2	360937311	360947008	9698	1	ch2_46
horn	100000	ch2	361067239	361099477	32239	1	ch2_47
horn	100000	ch2	361324209	361481373	157165	3	ch2_48
horn	100000	ch2	361698689	361766277	67589	2	ch2_49
horn	100000	ch2	361917292	361932588	15297	1	ch2_50
horn	100000	ch2	362429519	362440921	11403	1	ch2_51
horn	100000	ch2	362972781	362992014	19234	1	ch2_52
horn	100000	ch2	365753643	365910201	156559	2	ch2_53
horn	100000	ch2	366086354	366405245	318892	2	ch2_54
horn	100000	ch2	372689024	372719533	30510	1	ch2_55
horn	100000	ch2	374151794	374174546	22753	1	ch2_56
horn	100000	ch2	374536801	374564178	27378	1	ch2_57
horn	100000	ch2	374754559	374790065	35507	1	ch2_58
horn	100000	ch2	375036020	375527844	491825	1	ch2_59
horn	100000	ch2	375888891	375950320	61430	2	ch2_60
horn	100000	ch2	376308370	376427550	119181	2	ch2_61
horn	100000	ch2	376555354	376569460	14107	1	ch2_62
horn	100000	ch2	376746180	376808480	62301	1	ch2_63
horn	100000	ch2	377267936	377354605	86670	2	ch2_64
horn	100000	ch2	377734656	377897941	163286	3	ch2_65
horn	100000	ch2	378440944	378452909	11966	1	ch2_66
horn	100000	ch2	378729443	378753517	24075	1	ch2_67
horn	100000	ch2	379083028	379100931	17904	1	ch2_68
horn	100000	ch2	379485227	379535109	49883	1	ch2_69
horn	100000	ch2	379993509	380009755	16247	1	ch2_70
horn	100000	ch2	380155140	380306797	151658	1	ch2_71
horn	100000	ch2	380415360	380430386	15027	1	ch2_72
horn	100000	ch2	384773803	384804032	30230	2	ch2_73
horn	100000	ch2	384941052	385266285	325234	4	ch2_74
horn	100000	ch2	385433022	385580782	147761	3	ch2_75
horn	100000	ch2	385754271	385791857	37587	1	ch2_76
horn	100000	ch2	386053599	386068885	15287	1	ch2_77
horn	100000	ch2	386208866	386256092	47227	1	ch2_78
horn	100000	ch2	387048165	387244204	196040	5	ch2_79
horn	250000	ch2	322444970	322460947	15978	1	ch2_1
horn	250000	ch2	323186765	323577119	390355	3	ch2_2
horn	250000	ch2	323836170	324098376	262207	4	ch2_3
horn	250000	ch2	326574465	326586150	11686	1	ch2_4
horn	250000	ch2	329976782	330167618	190837	2	ch2_5
horn	250000	ch2	331723960	332690390	966431	11	ch2_6
horn	250000	ch2	333047918	333186968	139051	2	ch2_7
horn	250000	ch2	334609669	334978501	368833	3	ch2_8
horn	250000	ch2	335495854	335546706	50853	2	ch2_9
horn	250000	ch2	336586231	336598600	12370	1	ch2_10
horn	250000	ch2	343211738	343271370	59633	2	ch2_11
horn	250000	ch2	346272604	346329362	56759	2	ch2_12
horn	250000	ch2	347638774	347799192	160419	2	ch2_13
horn	250000	ch2	348247924	348570988	323065	4	ch2_14
horn	250000	ch2	349803450	350311853	508404	4	ch2_15
horn	250000	ch2	350872432	351188695	316264	3	ch2_16
horn	250000	ch2	351899416	351927552	28137	1	ch2_17
horn	250000	ch2	352224661	352236957	12297	1	ch2_18
horn	250000	ch2	353004594	353209826	205233	2	ch2_19
horn	250000	ch2	353892090	354023018	130929	2	ch2_20
horn	250000	ch2	355122348	355402971	280624	4	ch2_21
horn	250000	ch2	357066891	357185670	118780	2	ch2_22
horn	250000	ch2	358170058	358397428	227371	2	ch2_23
horn	250000	ch2	359348038	359471134	123097	4	ch2_24
horn	250000	ch2	359729101	360233102	504002	4	ch2_25
horn	250000	ch2	360499035	361932588	1433554	11	ch2_26
horn	250000	ch2	362429519	362440921	11403	1	ch2_27
horn	250000	ch2	362972781	362992014	19234	1	ch2_28
horn	250000	ch2	365753643	366405245	651603	4	ch2_29
horn	250000	ch2	372689024	372719533	30510	1	ch2_30
horn	250000	ch2	374151794	374174546	22753	1	ch2_31
horn	250000	ch2	374536801	375527844	991044	3	ch2_32
horn	250000	ch2	375888891	375950320	61430	2	ch2_33
horn	250000	ch2	376308370	376808480	500111	4	ch2_34
horn	250000	ch2	377267936	377354605	86670	2	ch2_35
horn	250000	ch2	377734656	377897941	163286	3	ch2_36
horn	250000	ch2	378440944	378452909	11966	1	ch2_37
horn	250000	ch2	378729443	378753517	24075	1	ch2_38
horn	250000	ch2	379083028	379100931	17904	1	ch2_39
horn	250000	ch2	379485227	379535109	49883	1	ch2_40
horn	250000	ch2	379993509	380430386	436878	3	ch2_41
horn	250000	ch2	384773803	385791857	1018055	10	ch2_42
horn	250000	ch2	386053599	386256092	202494	2	ch2_43
horn	250000	ch2	387048165	387244204	196040	5	ch2_44
horn	25000	chZ	2924354	2939216	14863	1	chZ_1
horn	25000	chZ	4175811	4188899	13089	1	chZ_2
horn	25000	chZ	5208422	5313822	105401	2	chZ_3
horn	25000	chZ	5556642	5569833	13192	1	chZ_4
horn	25000	chZ	6117324	6163438	46115	2	chZ_5
horn	25000	chZ	6310398	6323604	13207	1	chZ_6
horn	25000	chZ	6465449	6760142	294694	1	chZ_7
horn	25000	chZ	6919266	6931021	11756	1	chZ_8
horn	25000	chZ	8237490	8250454	12965	1	chZ_9
horn	25000	chZ	8735656	8748812	13157	1	chZ_10
horn	25000	chZ	71826118	71847287	21170	1	chZ_11
horn	25000	chZ	147897878	147905682	7805	1	chZ_12
horn	25000	chZ	148871927	148889806	17880	1	chZ_13
horn	25000	chZ	150502154	150538491	36338	1	chZ_14
horn	25000	chZ	151617833	151758736	140904	1	chZ_15
horn	25000	chZ	152249648	152285975	36328	1	chZ_16
horn	25000	chZ	152727752	152745562	17811	1	chZ_17
horn	25000	chZ	164386963	164408125	21163	1	chZ_18
horn	25000	chZ	164544769	164580671	35903	1	chZ_19
horn	25000	chZ	164743727	164815929	72203	2	chZ_20
horn	25000	chZ	166815032	166866766	51735	1	chZ_21
horn	25000	chZ	167185777	167214702	28926	1	chZ_22
horn	25000	chZ	167325804	167380824	55021	2	chZ_23
horn	25000	chZ	167746800	167759692	12893	1	chZ_24
horn	25000	chZ	167885301	167934090	48790	1	chZ_25
horn	25000	chZ	168548718	168689461	140744	2	chZ_26
horn	25000	chZ	168807809	168915085	107277	1	chZ_27
horn	25000	chZ	169935861	169944219	8359	1	chZ_28
horn	25000	chZ	170249172	170272016	22845	1	chZ_29
horn	25000	chZ	172548795	172557880	9086	1	chZ_30
horn	25000	chZ	172674942	172687811	12870	1	chZ_31
horn	25000	chZ	174277849	174304500	26652	1	chZ_32
horn	25000	chZ	174375071	174396605	21535	1	chZ_33
horn	25000	chZ	176224534	176232229	7696	1	chZ_34
horn	25000	chZ	176868718	176879458	10741	1	chZ_35
horn	25000	chZ	176918057	176928842	10786	1	chZ_36
horn	25000	chZ	177800197	177820779	20583	1	chZ_37
horn	25000	chZ	177854551	177877466	22916	1	chZ_38
horn	25000	chZ	178653403	178695810	42408	1	chZ_39
horn	25000	chZ	178802166	178888532	86367	3	chZ_40
horn	25000	chZ	185089686	185100678	10993	1	chZ_41
horn	39810	chZ	2924354	2939216	14863	1	chZ_1
horn	39810	chZ	4175811	4188899	13089	1	chZ_2
horn	39810	chZ	5208422	5313822	105401	2	chZ_3
horn	39810	chZ	5556642	5569833	13192	1	chZ_4
horn	39810	chZ	6117324	6163438	46115	2	chZ_5
horn	39810	chZ	6310398	6323604	13207	1	chZ_6
horn	39810	chZ	6465449	6760142	294694	1	chZ_7
horn	39810	chZ	6919266	6931021	11756	1	chZ_8
horn	39810	chZ	8237490	8250454	12965	1	chZ_9
horn	39810	chZ	8735656	8748812	13157	1	chZ_10
horn	39810	chZ	71826118	71847287	21170	1	chZ_11
horn	39810	chZ	147897878	147905682	7805	1	chZ_12
horn	39810	chZ	148871927	148889806	17880	1	chZ_13
horn	39810	chZ	150502154	150538491	36338	1	chZ_14
horn	39810	chZ	151617833	151758736	140904	1	chZ_15
horn	39810	chZ	152249648	152285975	36328	1	chZ_16
horn	39810	chZ	152727752	152745562	17811	1	chZ_17
horn	39810	chZ	164386963	164408125	21163	1	chZ_18
horn	39810	chZ	164544769	164580671	35903	1	chZ_19
horn	39810	chZ	164743727	164815929	72203	2	chZ_20
horn	39810	chZ	166815032	166866766	51735	1	chZ_21
horn	39810	chZ	167185777	167214702	28926	1	chZ_22
horn	39810	chZ	167325804	167380824	55021	2	chZ_23
horn	39810	chZ	167746800	167759692	12893	1	chZ_24
horn	39810	chZ	167885301	167934090	48790	1	chZ_25
horn	39810	chZ	168548718	168689461	140744	2	chZ_26
horn	39810	chZ	168807809	168915085	107277	1	chZ_27
horn	39810	chZ	169935861	169944219	8359	1	chZ_28
horn	39810	chZ	170249172	170272016	22845	1	chZ_29
horn	39810	chZ	172548795	172557880	9086	1	chZ_30
horn	39810	chZ	172674942	172687811	12870	1	chZ_31
horn	39810	chZ	174277849	174304500	26652	1	chZ_32
horn	39810	chZ	174375071	174396605	21535	1	chZ_33
horn	39810	chZ	176224534	176232229	7696	1	chZ_34
horn	39810	chZ	176868718	176928842	60125	2	chZ_35
horn	39810	chZ	177800197	177877466	77270	2	chZ_36
horn	39810	chZ	178653403	178695810	42408	1	chZ_37
horn	39810	chZ	178802166	178888532	86367	3	chZ_38
horn	39810	chZ	185089686	185100678	10993	1	chZ_39
horn	50000	chZ	2924354	2939216	14863	1	chZ_1
horn	50000	chZ	4175811	4188899	13089	1	chZ_2
horn	50000	chZ	5208422	5313822	105401	2	chZ_3
horn	50000	chZ	5556642	5569833	13192	1	chZ_4
horn	50000	chZ	6117324	6163438	46115	2	chZ_5
horn	50000	chZ	6310398	6323604	13207	1	chZ_6
horn	50000	chZ	6465449	6760142	294694	1	chZ_7
horn	50000	chZ	6919266	6931021	11756	1	chZ_8
horn	50000	chZ	8237490	8250454	12965	1	chZ_9
horn	50000	chZ	8735656	8748812	13157	1	chZ_10
horn	50000	chZ	71826118	71847287	21170	1	chZ_11
horn	50000	chZ	147897878	147905682	7805	1	chZ_12
horn	50000	chZ	148871927	148889806	17880	1	chZ_13
horn	50000	chZ	150502154	150538491	36338	1	chZ_14
horn	50000	chZ	151617833	151758736	140904	1	chZ_15
horn	50000	chZ	152249648	152285975	36328	1	chZ_16
horn	50000	chZ	152727752	152745562	17811	1	chZ_17
horn	50000	chZ	164386963	164408125	21163	1	chZ_18
horn	50000	chZ	164544769	164580671	35903	1	chZ_19
horn	50000	chZ	164743727	164815929	72203	2	chZ_20
horn	50000	chZ	166815032	166866766	51735	1	chZ_21
horn	50000	chZ	167185777	167214702	28926	1	chZ_22
horn	50000	chZ	167325804	167380824	55021	2	chZ_23
horn	50000	chZ	167746800	167759692	12893	1	chZ_24
horn	50000	chZ	167885301	167934090	48790	1	chZ_25
horn	50000	chZ	168548718	168689461	140744	2	chZ_26
horn	50000	chZ	168807809	168915085	107277	1	chZ_27
horn	50000	chZ	169935861	169944219	8359	1	chZ_28
horn	50000	chZ	170249172	170272016	22845	1	chZ_29
horn	50000	chZ	172548795	172557880	9086	1	chZ_30
horn	50000	chZ	172674942	172687811	12870	1	chZ_31
horn	50000	chZ	174277849	174304500	26652	1	chZ_32
horn	50000	chZ	174375071	174396605	21535	1	chZ_33
horn	50000	chZ	176224534	176232229	7696	1	chZ_34
horn	50000	chZ	176868718	176928842	60125	2	chZ_35
horn	50000	chZ	177800197	177877466	77270	2	chZ_36
horn	50000	chZ	178653403	178695810	42408	1	chZ_37
horn	50000	chZ	178802166	178888532	86367	3	chZ_38
horn	50000	chZ	185089686	185100678	10993	1	chZ_39
horn	100000	chZ	2924354	2939216	14863	1	chZ_1
horn	100000	chZ	4175811	4188899	13089	1	chZ_2
horn	100000	chZ	5208422	5313822	105401	2	chZ_3
horn	100000	chZ	5556642	5569833	13192	1	chZ_4
horn	100000	chZ	6117324	6163438	46115	2	chZ_5
horn	100000	chZ	6310398	6323604	13207	1	chZ_6
horn	100000	chZ	6465449	6760142	294694	1	chZ_7
horn	100000	chZ	6919266	6931021	11756	1	chZ_8
horn	100000	chZ	8237490	8250454	12965	1	chZ_9
horn	100000	chZ	8735656	8748812	13157	1	chZ_10
horn	100000	chZ	71826118	71847287	21170	1	chZ_11
horn	100000	chZ	147897878	147905682	7805	1	chZ_12
horn	100000	chZ	148871927	148889806	17880	1	chZ_13
horn	100000	chZ	150502154	150538491	36338	1	chZ_14
horn	100000	chZ	151617833	151758736	140904	1	chZ_15
horn	100000	chZ	152249648	152285975	36328	1	chZ_16
horn	100000	chZ	152727752	152745562	17811	1	chZ_17
horn	100000	chZ	164386963	164408125	21163	1	chZ_18
horn	100000	chZ	164544769	164580671	35903	1	chZ_19
horn	100000	chZ	164743727	164815929	72203	2	chZ_20
horn	100000	chZ	166815032	166866766	51735	1	chZ_21
horn	100000	chZ	167185777	167214702	28926	1	chZ_22
horn	100000	chZ	167325804	167380824	55021	2	chZ_23
horn	100000	chZ	167746800	167759692	12893	1	chZ_24
horn	100000	chZ	167885301	167934090	48790	1	chZ_25
horn	100000	chZ	168548718	168689461	140744	2	chZ_26
horn	100000	chZ	168807809	168915085	107277	1	chZ_27
horn	100000	chZ	169935861	169944219	8359	1	chZ_28
horn	100000	chZ	170249172	170272016	22845	1	chZ_29
horn	100000	chZ	172548795	172557880	9086	1	chZ_30
horn	100000	chZ	172674942	172687811	12870	1	chZ_31
horn	100000	chZ	174277849	174396605	118757	2	chZ_32
horn	100000	chZ	176224534	176232229	7696	1	chZ_33
horn	100000	chZ	176868718	176928842	60125	2	chZ_34
horn	100000	chZ	177800197	177877466	77270	2	chZ_35
horn	100000	chZ	178653403	178695810	42408	1	chZ_36
horn	100000	chZ	178802166	178888532	86367	3	chZ_37
horn	100000	chZ	185089686	185100678	10993	1	chZ_38
horn	250000	chZ	2924354	2939216	14863	1	chZ_1
horn	250000	chZ	4175811	4188899	13089	1	chZ_2
horn	250000	chZ	5208422	5569833	361412	3	chZ_3
horn	250000	chZ	6117324	6931021	813698	5	chZ_4
horn	250000	chZ	8237490	8250454	12965	1	chZ_5
horn	250000	chZ	8735656	8748812	13157	1	chZ_6
horn	250000	chZ	71826118	71847287	21170	1	chZ_7
horn	250000	chZ	147897878	147905682	7805	1	chZ_8
horn	250000	chZ	148871927	148889806	17880	1	chZ_9
horn	250000	chZ	150502154	150538491	36338	1	chZ_10
horn	250000	chZ	151617833	151758736	140904	1	chZ_11
horn	250000	chZ	152249648	152285975	36328	1	chZ_12
horn	250000	chZ	152727752	152745562	17811	1	chZ_13
horn	250000	chZ	164386963	164815929	428967	4	chZ_14
horn	250000	chZ	166815032	166866766	51735	1	chZ_15
horn	250000	chZ	167185777	167380824	195048	3	chZ_16
horn	250000	chZ	167746800	167934090	187291	2	chZ_17
horn	250000	chZ	168548718	168915085	366368	3	chZ_18
horn	250000	chZ	169935861	169944219	8359	1	chZ_19
horn	250000	chZ	170249172	170272016	22845	1	chZ_20
horn	250000	chZ	172548795	172687811	139017	2	chZ_21
horn	250000	chZ	174277849	174396605	118757	2	chZ_22
horn	250000	chZ	176224534	176232229	7696	1	chZ_23
horn	250000	chZ	176868718	176928842	60125	2	chZ_24
horn	250000	chZ	177800197	177877466	77270	2	chZ_25
horn	250000	chZ	178653403	178888532	235130	4	chZ_26
horn	250000	chZ	185089686	185100678	10993	1	chZ_27
hmaj	25000	ch2	2583815	2608976	25162	1	ch2_1
hmaj	25000	ch2	3182114	3198828	16715	1	ch2_2
hmaj	25000	ch2	3288070	3304215	16146	1	ch2_3
hmaj	25000	ch2	3338095	3363079	24985	1	ch2_4
hmaj	25000	ch2	4002688	4025117	22430	1	ch2_5
hmaj	25000	ch2	4703793	4729941	26149	1	ch2_6
hmaj	25000	ch2	4889966	4936535	46570	2	ch2_7
hmaj	25000	ch2	5131868	5142214	10347	1	ch2_8
hmaj	25000	ch2	5176784	5201247	24464	1	ch2_9
hmaj	25000	ch2	5726801	5777396	50596	2	ch2_10
hmaj	25000	ch2	5853748	5864376	10629	1	ch2_11
hmaj	25000	ch2	5979761	5999487	19727	1	ch2_12
hmaj	25000	ch2	6132720	6152402	19683	1	ch2_13
hmaj	25000	ch2	6294217	6351892	57676	2	ch2_14
hmaj	25000	ch2	7358148	7405189	47042	2	ch2_15
hmaj	25000	ch2	7575441	7593474	18034	1	ch2_16
hmaj	25000	ch2	7775617	7786242	10626	1	ch2_17
hmaj	25000	ch2	7900619	7919609	18991	1	ch2_18
hmaj	25000	ch2	8116954	8127786	10833	1	ch2_19
hmaj	25000	ch2	8382346	8407255	24910	1	ch2_20
hmaj	25000	ch2	8454860	8465465	10606	1	ch2_21
hmaj	25000	ch2	8776271	8787118	10848	1	ch2_22
hmaj	25000	ch2	8818743	8841662	22920	1	ch2_23
hmaj	25000	ch2	9081219	9113995	32777	1	ch2_24
hmaj	25000	ch2	9183485	9194368	10884	1	ch2_25
hmaj	25000	ch2	9230342	9246283	15942	1	ch2_26
hmaj	25000	ch2	9396949	9401972	5024	1	ch2_27
hmaj	25000	ch2	9475876	9489413	13538	1	ch2_28
hmaj	25000	ch2	9805216	9815920	10705	1	ch2_29
hmaj	25000	ch2	9970463	10019444	48982	2	ch2_30
hmaj	25000	ch2	10074288	10079311	5024	1	ch2_31
hmaj	25000	ch2	10176533	10206469	29937	2	ch2_32
hmaj	25000	ch2	10519016	10566068	47053	2	ch2_33
hmaj	25000	ch2	10676360	10681364	5005	1	ch2_34
hmaj	25000	ch2	11387368	11441110	53743	2	ch2_35
hmaj	25000	ch2	11497901	11538626	40726	1	ch2_36
hmaj	25000	ch2	11716522	11727829	11308	1	ch2_37
hmaj	25000	ch2	11893186	11964756	71571	4	ch2_38
hmaj	25000	ch2	12107785	12118665	10881	1	ch2_39
hmaj	25000	ch2	12154555	12170486	15932	1	ch2_40
hmaj	25000	ch2	12268366	12308532	40167	1	ch2_41
hmaj	25000	ch2	12678277	12688983	10707	1	ch2_42
hmaj	25000	ch2	12744500	12757233	12734	1	ch2_43
hmaj	25000	ch2	12943956	12964522	20567	1	ch2_44
hmaj	25000	ch2	12991438	13011779	20342	1	ch2_45
hmaj	25000	ch2	13043735	13064302	20568	1	ch2_46
hmaj	25000	ch2	13397471	13463383	65913	3	ch2_47
hmaj	25000	ch2	13549094	13559727	10634	1	ch2_48
hmaj	25000	ch2	15057386	15093464	36079	1	ch2_49
hmaj	25000	ch2	15256750	15273919	17170	1	ch2_50
hmaj	25000	ch2	16004400	16033186	28787	1	ch2_51
hmaj	25000	ch2	16331337	16348516	17180	1	ch2_52
hmaj	25000	ch2	16443689	16480411	36723	1	ch2_53
hmaj	25000	ch2	17543781	17569977	26197	1	ch2_54
hmaj	25000	ch2	17618247	17632910	14664	1	ch2_55
hmaj	25000	ch2	18203704	18224464	20761	1	ch2_56
hmaj	25000	ch2	18430236	18525730	95495	3	ch2_57
hmaj	25000	ch2	18565417	18577800	12384	1	ch2_58
hmaj	25000	ch2	19369896	19390036	20141	1	ch2_59
hmaj	25000	ch2	20376312	20396466	20155	1	ch2_60
hmaj	25000	ch2	22018703	22037959	19257	1	ch2_61
hmaj	25000	ch2	22103875	22244322	140448	1	ch2_62
hmaj	25000	ch2	22318920	22337701	18782	1	ch2_63
hmaj	25000	ch2	22385227	22412598	27372	1	ch2_64
hmaj	25000	ch2	24683017	24692032	9016	1	ch2_65
hmaj	25000	ch2	24797965	24806970	9006	1	ch2_66
hmaj	25000	ch2	24924489	24978573	54085	1	ch2_67
hmaj	25000	ch2	32686187	32713340	27154	1	ch2_68
hmaj	25000	ch2	32967678	33470740	503063	1	ch2_69
hmaj	25000	ch2	34364884	34387105	22222	1	ch2_70
hmaj	25000	ch2	35358627	35381030	22404	1	ch2_71
hmaj	25000	ch2	35697377	35719833	22457	1	ch2_72
hmaj	25000	ch2	35917078	35928318	11241	1	ch2_73
hmaj	25000	ch2	38695928	38712338	16411	1	ch2_74
hmaj	25000	ch2	38931409	38945406	13998	1	ch2_75
hmaj	25000	ch2	39542355	39552339	9985	1	ch2_76
hmaj	25000	ch2	39690778	39705543	14766	1	ch2_77
hmaj	25000	ch2	39837246	39847206	9961	1	ch2_78
hmaj	25000	ch2	40243685	40275760	32076	2	ch2_79
hmaj	25000	ch2	40626508	40642888	16381	1	ch2_80
hmaj	25000	ch2	41133621	41143612	9992	1	ch2_81
hmaj	25000	ch2	41263709	41278466	14758	1	ch2_82
hmaj	25000	ch2	41573975	41582620	8646	1	ch2_83
hmaj	25000	ch2	41630928	41640925	9998	1	ch2_84
hmaj	25000	ch2	42569182	42579168	9987	1	ch2_85
hmaj	25000	ch2	44475847	44504171	28325	1	ch2_86
hmaj	25000	ch2	44549609	44569890	20282	1	ch2_87
hmaj	25000	ch2	46441353	46453640	12288	1	ch2_88
hmaj	25000	ch2	46542261	46569240	26980	1	ch2_89
hmaj	25000	ch2	46705528	46744946	39419	1	ch2_90
hmaj	25000	ch2	48066139	48084904	18766	1	ch2_91
hmaj	25000	ch2	48692191	48718787	26597	1	ch2_92
hmaj	25000	ch2	51691352	51708453	17102	1	ch2_93
hmaj	25000	ch2	51857592	51874662	17071	1	ch2_94
hmaj	25000	ch2	52059908	52072313	12406	1	ch2_95
hmaj	25000	ch2	52665107	52738996	73890	1	ch2_96
hmaj	25000	ch2	54951577	54963268	11692	1	ch2_97
hmaj	25000	ch2	55232363	56041413	809051	1	ch2_98
hmaj	25000	ch2	56374317	56394514	20198	1	ch2_99
hmaj	25000	ch2	57110424	57119556	9133	1	ch2_100
hmaj	25000	ch2	57288960	57343738	54779	1	ch2_101
hmaj	25000	ch2	58354878	58382930	28053	1	ch2_102
hmaj	25000	ch2	58425156	58432836	7681	1	ch2_103
hmaj	25000	ch2	58512697	58532894	20198	1	ch2_104
hmaj	25000	ch2	58656267	58672024	15758	1	ch2_105
hmaj	25000	ch2	62218826	62233660	14835	1	ch2_106
hmaj	39810	ch2	2583815	2608976	25162	1	ch2_1
hmaj	39810	ch2	3182114	3198828	16715	1	ch2_2
hmaj	39810	ch2	3288070	3363079	75010	2	ch2_3
hmaj	39810	ch2	4002688	4025117	22430	1	ch2_4
hmaj	39810	ch2	4703793	4729941	26149	1	ch2_5
hmaj	39810	ch2	4889966	4936535	46570	2	ch2_6
hmaj	39810	ch2	5131868	5201247	69380	2	ch2_7
hmaj	39810	ch2	5726801	5777396	50596	2	ch2_8
hmaj	39810	ch2	5853748	5864376	10629	1	ch2_9
hmaj	39810	ch2	5979761	5999487	19727	1	ch2_10
hmaj	39810	ch2	6132720	6152402	19683	1	ch2_11
hmaj	39810	ch2	6294217	6351892	57676	2	ch2_12
hmaj	39810	ch2	7358148	7405189	47042	2	ch2_13
hmaj	39810	ch2	7575441	7593474	18034	1	ch2_14
hmaj	39810	ch2	7775617	7786242	10626	1	ch2_15
hmaj	39810	ch2	7900619	7919609	18991	1	ch2_16
hmaj	39810	ch2	8116954	8127786	10833	1	ch2_17
hmaj	39810	ch2	8382346	8407255	24910	1	ch2_18
hmaj	39810	ch2	8454860	8465465	10606	1	ch2_19
hmaj	39810	ch2	8776271	8841662	65392	2	ch2_20
hmaj	39810	ch2	9081219	9113995	32777	1	ch2_21
hmaj	39810	ch2	9183485	9246283	62799	2	ch2_22
hmaj	39810	ch2	9396949	9401972	5024	1	ch2_23
hmaj	39810	ch2	9475876	9489413	13538	1	ch2_24
hmaj	39810	ch2	9805216	9815920	10705	1	ch2_25
hmaj	39810	ch2	9970463	10019444	48982	2	ch2_26
hmaj	39810	ch2	10074288	10079311	5024	1	ch2_27
hmaj	39810	ch2	10176533	10206469	29937	2	ch2_28
hmaj	39810	ch2	10519016	10566068	47053	2	ch2_29
hmaj	39810	ch2	10676360	10681364	5005	1	ch2_30
hmaj	39810	ch2	11387368	11441110	53743	2	ch2_31
hmaj	39810	ch2	11497901	11538626	40726	1	ch2_32
hmaj	39810	ch2	11716522	11727829	11308	1	ch2_33
hmaj	39810	ch2	11893186	11964756	71571	4	ch2_34
hmaj	39810	ch2	12107785	12170486	62702	2	ch2_35
hmaj	39810	ch2	12268366	12308532	40167	1	ch2_36
hmaj	39810	ch2	12678277	12688983	10707	1	ch2_37
hmaj	39810	ch2	12744500	12757233	12734	1	ch2_38
hmaj	39810	ch2	12943956	13064302	120347	3	ch2_39
hmaj	39810	ch2	13397471	13463383	65913	3	ch2_40
hmaj	39810	ch2	13549094	13559727	10634	1	ch2_41
hmaj	39810	ch2	15057386	15093464	36079	1	ch2_42
hmaj	39810	ch2	15256750	15273919	17170	1	ch2_43
hmaj	39810	ch2	16004400	16033186	28787	1	ch2_44
hmaj	39810	ch2	16331337	16348516	17180	1	ch2_45
hmaj	39810	ch2	16443689	16480411	36723	1	ch2_46
hmaj	39810	ch2	17543781	17569977	26197	1	ch2_47
hmaj	39810	ch2	17618247	17632910	14664	1	ch2_48
hmaj	39810	ch2	18203704	18224464	20761	1	ch2_49
hmaj	39810	ch2	18430236	18577800	147565	4	ch2_50
hmaj	39810	ch2	19369896	19390036	20141	1	ch2_51
hmaj	39810	ch2	20376312	20396466	20155	1	ch2_52
hmaj	39810	ch2	22018703	22037959	19257	1	ch2_53
hmaj	39810	ch2	22103875	22244322	140448	1	ch2_54
hmaj	39810	ch2	22318920	22337701	18782	1	ch2_55
hmaj	39810	ch2	22385227	22412598	27372	1	ch2_56
hmaj	39810	ch2	24683017	24692032	9016	1	ch2_57
hmaj	39810	ch2	24797965	24806970	9006	1	ch2_58
hmaj	39810	ch2	24924489	24978573	54085	1	ch2_59
hmaj	39810	ch2	32686187	32713340	27154	1	ch2_60
hmaj	39810	ch2	32967678	33470740	503063	1	ch2_61
hmaj	39810	ch2	34364884	34387105	22222	1	ch2_62
hmaj	39810	ch2	35358627	35381030	22404	1	ch2_63
hmaj	39810	ch2	35697377	35719833	22457	1	ch2_64
hmaj	39810	ch2	35917078	35928318	11241	1	ch2_65
hmaj	39810	ch2	38695928	38712338	16411	1	ch2_66
hmaj	39810	ch2	38931409	38945406	13998	1	ch2_67
hmaj	39810	ch2	39542355	39552339	9985	1	ch2_68
hmaj	39810	ch2	39690778	39705543	14766	1	ch2_69
hmaj	39810	ch2	39837246	39847206	9961	1	ch2_70
hmaj	39810	ch2	40243685	40275760	32076	2	ch2_71
hmaj	39810	ch2	40626508	40642888	16381	1	ch2_72
hmaj	39810	ch2	41133621	41143612	9992	1	ch2_73
hmaj	39810	ch2	41263709	41278466	14758	1	ch2_74
hmaj	39810	ch2	41573975	41582620	8646	1	ch2_75
hmaj	39810	ch2	41630928	41640925	9998	1	ch2_76
hmaj	39810	ch2	42569182	42579168	9987	1	ch2_77
hmaj	39810	ch2	44475847	44504171	28325	1	ch2_78
hmaj	39810	ch2	44549609	44569890	20282	1	ch2_79
hmaj	39810	ch2	46441353	46453640	12288	1	ch2_80
hmaj	39810	ch2	46542261	46569240	26980	1	ch2_81
hmaj	39810	ch2	46705528	46744946	39419	1	ch2_82
hmaj	39810	ch2	48066139	48084904	18766	1	ch2_83
hmaj	39810	ch2	48692191	48718787	26597	1	ch2_84
hmaj	39810	ch2	51691352	51708453	17102	1	ch2_85
hmaj	39810	ch2	51857592	51874662	17071	1	ch2_86
hmaj	39810	ch2	52059908	52072313	12406	1	ch2_87
hmaj	39810	ch2	52665107	52738996	73890	1	ch2_88
hmaj	39810	ch2	54951577	54963268	11692	1	ch2_89
hmaj	39810	ch2	55232363	56041413	809051	1	ch2_90
hmaj	39810	ch2	56374317	56394514	20198	1	ch2_91
hmaj	39810	ch2	57110424	57119556	9133	1	ch2_92
hmaj	39810	ch2	57288960	57343738	54779	1	ch2_93
hmaj	39810	ch2	58354878	58382930	28053	1	ch2_94
hmaj	39810	ch2	58425156	58432836	7681	1	ch2_95
hmaj	39810	ch2	58512697	58532894	20198	1	ch2_96
hmaj	39810	ch2	58656267	58672024	15758	1	ch2_97
hmaj	39810	ch2	62218826	62233660	14835	1	ch2_98
hmaj	50000	ch2	2583815	2608976	25162	1	ch2_1
hmaj	50000	ch2	3182114	3198828	16715	1	ch2_2
hmaj	50000	ch2	3288070	3363079	75010	2	ch2_3
hmaj	50000	ch2	4002688	4025117	22430	1	ch2_4
hmaj	50000	ch2	4703793	4729941	26149	1	ch2_5
hmaj	50000	ch2	4889966	4936535	46570	2	ch2_6
hmaj	50000	ch2	5131868	5201247	69380	2	ch2_7
hmaj	50000	ch2	5726801	5777396	50596	2	ch2_8
hmaj	50000	ch2	5853748	5864376	10629	1	ch2_9
hmaj	50000	ch2	5979761	5999487	19727	1	ch2_10
hmaj	50000	ch2	6132720	6152402	19683	1	ch2_11
hmaj	50000	ch2	6294217	6351892	57676	2	ch2_12
hmaj	50000	ch2	7358148	7405189	47042	2	ch2_13
hmaj	50000	ch2	7575441	7593474	18034	1	ch2_14
hmaj	50000	ch2	7775617	7786242	10626	1	ch2_15
hmaj	50000	ch2	7900619	7919609	18991	1	ch2_16
hmaj	50000	ch2	8116954	8127786	10833	1	ch2_17
hmaj	50000	ch2	8382346	8465465	83120	2	ch2_18
hmaj	50000	ch2	8776271	8841662	65392	2	ch2_19
hmaj	50000	ch2	9081219	9113995	32777	1	ch2_20
hmaj	50000	ch2	9183485	9246283	62799	2	ch2_21
hmaj	50000	ch2	9396949	9401972	5024	1	ch2_22
hmaj	50000	ch2	9475876	9489413	13538	1	ch2_23
hmaj	50000	ch2	9805216	9815920	10705	1	ch2_24
hmaj	50000	ch2	9970463	10019444	48982	2	ch2_25
hmaj	50000	ch2	10074288	10079311	5024	1	ch2_26
hmaj	50000	ch2	10176533	10206469	29937	2	ch2_27
hmaj	50000	ch2	10519016	10566068	47053	2	ch2_28
hmaj	50000	ch2	10676360	10681364	5005	1	ch2_29
hmaj	50000	ch2	11387368	11441110	53743	2	ch2_30
hmaj	50000	ch2	11497901	11538626	40726	1	ch2_31
hmaj	50000	ch2	11716522	11727829	11308	1	ch2_32
hmaj	50000	ch2	11893186	11964756	71571	4	ch2_33
hmaj	50000	ch2	12107785	12170486	62702	2	ch2_34
hmaj	50000	ch2	12268366	12308532	40167	1	ch2_35
hmaj	50000	ch2	12678277	12688983	10707	1	ch2_36
hmaj	50000	ch2	12744500	12757233	12734	1	ch2_37
hmaj	50000	ch2	12943956	13064302	120347	3	ch2_38
hmaj	50000	ch2	13397471	13463383	65913	3	ch2_39
hmaj	50000	ch2	13549094	13559727	10634	1	ch2_40
hmaj	50000	ch2	15057386	15093464	36079	1	ch2_41
hmaj	50000	ch2	15256750	15273919	17170	1	ch2_42
hmaj	50000	ch2	16004400	16033186	28787	1	ch2_43
hmaj	50000	ch2	16331337	16348516	17180	1	ch2_44
hmaj	50000	ch2	16443689	16480411	36723	1	ch2_45
hmaj	50000	ch2	17543781	17632910	89130	2	ch2_46
hmaj	50000	ch2	18203704	18224464	20761	1	ch2_47
hmaj	50000	ch2	18430236	18577800	147565	4	ch2_48
hmaj	50000	ch2	19369896	19390036	20141	1	ch2_49
hmaj	50000	ch2	20376312	20396466	20155	1	ch2_50
hmaj	50000	ch2	22018703	22037959	19257	1	ch2_51
hmaj	50000	ch2	22103875	22244322	140448	1	ch2_52
hmaj	50000	ch2	22318920	22412598	93679	2	ch2_53
hmaj	50000	ch2	24683017	24692032	9016	1	ch2_54
hmaj	50000	ch2	24797965	24806970	9006	1	ch2_55
hmaj	50000	ch2	24924489	24978573	54085	1	ch2_56
hmaj	50000	ch2	32686187	32713340	27154	1	ch2_57
hmaj	50000	ch2	32967678	33470740	503063	1	ch2_58
hmaj	50000	ch2	34364884	34387105	22222	1	ch2_59
hmaj	50000	ch2	35358627	35381030	22404	1	ch2_60
hmaj	50000	ch2	35697377	35719833	22457	1	ch2_61
hmaj	50000	ch2	35917078	35928318	11241	1	ch2_62
hmaj	50000	ch2	38695928	38712338	16411	1	ch2_63
hmaj	50000	ch2	38931409	38945406	13998	1	ch2_64
hmaj	50000	ch2	39542355	39552339	9985	1	ch2_65
hmaj	50000	ch2	39690778	39705543	14766	1	ch2_66
hmaj	50000	ch2	39837246	39847206	9961	1	ch2_67
hmaj	50000	ch2	40243685	40275760	32076	2	ch2_68
hmaj	50000	ch2	40626508	40642888	16381	1	ch2_69
hmaj	50000	ch2	41133621	41143612	9992	1	ch2_70
hmaj	50000	ch2	41263709	41278466	14758	1	ch2_71
hmaj	50000	ch2	41573975	41640925	66951	2	ch2_72
hmaj	50000	ch2	42569182	42579168	9987	1	ch2_73
hmaj	50000	ch2	44475847	44569890	94044	2	ch2_74
hmaj	50000	ch2	46441353	46453640	12288	1	ch2_75
hmaj	50000	ch2	46542261	46569240	26980	1	ch2_76
hmaj	50000	ch2	46705528	46744946	39419	1	ch2_77
hmaj	50000	ch2	48066139	48084904	18766	1	ch2_78
hmaj	50000	ch2	48692191	48718787	26597	1	ch2_79
hmaj	50000	ch2	51691352	51708453	17102	1	ch2_80
hmaj	50000	ch2	51857592	51874662	17071	1	ch2_81
hmaj	50000	ch2	52059908	52072313	12406	1	ch2_82
hmaj	50000	ch2	52665107	52738996	73890	1	ch2_83
hmaj	50000	ch2	54951577	54963268	11692	1	ch2_84
hmaj	50000	ch2	55232363	56041413	809051	1	ch2_85
hmaj	50000	ch2	56374317	56394514	20198	1	ch2_86
hmaj	50000	ch2	57110424	57119556	9133	1	ch2_87
hmaj	50000	ch2	57288960	57343738	54779	1	ch2_88
hmaj	50000	ch2	58354878	58432836	77959	2	ch2_89
hmaj	50000	ch2	58512697	58532894	20198	1	ch2_90
hmaj	50000	ch2	58656267	58672024	15758	1	ch2_91
hmaj	50000	ch2	62218826	62233660	14835	1	ch2_92
hmaj	100000	ch2	2583815	2608976	25162	1	ch2_1
hmaj	100000	ch2	3182114	3363079	180966	3	ch2_2
hmaj	100000	ch2	4002688	4025117	22430	1	ch2_3
hmaj	100000	ch2	4703793	4729941	26149	1	ch2_4
hmaj	100000	ch2	4889966	4936535	46570	2	ch2_5
hmaj	100000	ch2	5131868	5201247	69380	2	ch2_6
hmaj	100000	ch2	5726801	5864376	137576	3	ch2_7
hmaj	100000	ch2	5979761	5999487	19727	1	ch2_8
hmaj	100000	ch2	6132720	6152402	19683	1	ch2_9
hmaj	100000	ch2	6294217	6351892	57676	2	ch2_10
hmaj	100000	ch2	7358148	7405189	47042	2	ch2_11
hmaj	100000	ch2	7575441	7593474	18034	1	ch2_12
hmaj	100000	ch2	7775617	7786242	10626	1	ch2_13
hmaj	100000	ch2	7900619	7919609	18991	1	ch2_14
hmaj	100000	ch2	8116954	8127786	10833	1	ch2_15
hmaj	100000	ch2	8382346	8465465	83120	2	ch2_16
hmaj	100000	ch2	8776271	8841662	65392	2	ch2_17
hmaj	100000	ch2	9081219	9246283	165065	3	ch2_18
hmaj	100000	ch2	9396949	9489413	92465	2	ch2_19
hmaj	100000	ch2	9805216	9815920	10705	1	ch2_20
hmaj	100000	ch2	9970463	10206469	236007	5	ch2_21
hmaj	100000	ch2	10519016	10566068	47053	2	ch2_22
hmaj	100000	ch2	10676360	10681364	5005	1	ch2_23
hmaj	100000	ch2	11387368	11538626	151259	3	ch2_24
hmaj	100000	ch2	11716522	11727829	11308	1	ch2_25
hmaj	100000	ch2	11893186	11964756	71571	4	ch2_26
hmaj	100000	ch2	12107785	12308532	200748	3	ch2_27
hmaj	100000	ch2	12678277	12757233	78957	2	ch2_28
hmaj	100000	ch2	12943956	13064302	120347	3	ch2_29
hmaj	100000	ch2	13397471	13559727	162257	4	ch2_30
hmaj	100000	ch2	15057386	15093464	36079	1	ch2_31
hmaj	100000	ch2	15256750	15273919	17170	1	ch2_32
hmaj	100000	ch2	16004400	16033186	28787	1	ch2_33
hmaj	100000	ch2	16331337	16480411	149075	2	ch2_34
hmaj	100000	ch2	17543781	17632910	89130	2	ch2_35
hmaj	100000	ch2	18203704	18224464	20761	1	ch2_36
hmaj	100000	ch2	18430236	18577800	147565	4	ch2_37
hmaj	100000	ch2	19369896	19390036	20141	1	ch2_38
hmaj	100000	ch2	20376312	20396466	20155	1	ch2_39
hmaj	100000	ch2	22018703	22412598	393896	4	ch2_40
hmaj	100000	ch2	24683017	24692032	9016	1	ch2_41
hmaj	100000	ch2	24797965	24806970	9006	1	ch2_42
hmaj	100000	ch2	24924489	24978573	54085	1	ch2_43
hmaj	100000	ch2	32686187	32713340	27154	1	ch2_44
hmaj	100000	ch2	32967678	33470740	503063	1	ch2_45
hmaj	100000	ch2	34364884	34387105	22222	1	ch2_46
hmaj	100000	ch2	35358627	35381030	22404	1	ch2_47
hmaj	100000	ch2	35697377	35719833	22457	1	ch2_48
hmaj	100000	ch2	35917078	35928318	11241	1	ch2_49
hmaj	100000	ch2	38695928	38712338	16411	1	ch2_50
hmaj	100000	ch2	38931409	38945406	13998	1	ch2_51
hmaj	100000	ch2	39542355	39552339	9985	1	ch2_52
hmaj	100000	ch2	39690778	39705543	14766	1	ch2_53
hmaj	100000	ch2	39837246	39847206	9961	1	ch2_54
hmaj	100000	ch2	40243685	40275760	32076	2	ch2_55
hmaj	100000	ch2	40626508	40642888	16381	1	ch2_56
hmaj	100000	ch2	41133621	41143612	9992	1	ch2_57
hmaj	100000	ch2	41263709	41278466	14758	1	ch2_58
hmaj	100000	ch2	41573975	41640925	66951	2	ch2_59
hmaj	100000	ch2	42569182	42579168	9987	1	ch2_60
hmaj	100000	ch2	44475847	44569890	94044	2	ch2_61
hmaj	100000	ch2	46441353	46569240	127888	2	ch2_62
hmaj	100000	ch2	46705528	46744946	39419	1	ch2_63
hmaj	100000	ch2	48066139	48084904	18766	1	ch2_64
hmaj	100000	ch2	48692191	48718787	26597	1	ch2_65
hmaj	100000	ch2	51691352	51708453	17102	1	ch2_66
hmaj	100000	ch2	51857592	51874662	17071	1	ch2_67
hmaj	100000	ch2	52059908	52072313	12406	1	ch2_68
hmaj	100000	ch2	52665107	52738996	73890	1	ch2_69
hmaj	100000	ch2	54951577	54963268	11692	1	ch2_70
hmaj	100000	ch2	55232363	56041413	809051	1	ch2_71
hmaj	100000	ch2	56374317	56394514	20198	1	ch2_72
hmaj	100000	ch2	57110424	57119556	9133	1	ch2_73
hmaj	100000	ch2	57288960	57343738	54779	1	ch2_74
hmaj	100000	ch2	58354878	58532894	178017	3	ch2_75
hmaj	100000	ch2	58656267	58672024	15758	1	ch2_76
hmaj	100000	ch2	62218826	62233660	14835	1	ch2_77
hmaj	250000	ch2	2583815	2608976	25162	1	ch2_1
hmaj	250000	ch2	3182114	3363079	180966	3	ch2_2
hmaj	250000	ch2	4002688	4025117	22430	1	ch2_3
hmaj	250000	ch2	4703793	5201247	497455	5	ch2_4
hmaj	250000	ch2	5726801	6351892	625092	7	ch2_5
hmaj	250000	ch2	7358148	8127786	769639	6	ch2_6
hmaj	250000	ch2	8382346	8465465	83120	2	ch2_7
hmaj	250000	ch2	8776271	9489413	713143	7	ch2_8
hmaj	250000	ch2	9805216	10206469	401254	6	ch2_9
hmaj	250000	ch2	10519016	10681364	162349	3	ch2_10
hmaj	250000	ch2	11387368	12308532	921165	11	ch2_11
hmaj	250000	ch2	12678277	13064302	386026	5	ch2_12
hmaj	250000	ch2	13397471	13559727	162257	4	ch2_13
hmaj	250000	ch2	15057386	15273919	216534	2	ch2_14
hmaj	250000	ch2	16004400	16033186	28787	1	ch2_15
hmaj	250000	ch2	16331337	16480411	149075	2	ch2_16
hmaj	250000	ch2	17543781	17632910	89130	2	ch2_17
hmaj	250000	ch2	18203704	18577800	374097	5	ch2_18
hmaj	250000	ch2	19369896	19390036	20141	1	ch2_19
hmaj	250000	ch2	20376312	20396466	20155	1	ch2_20
hmaj	250000	ch2	22018703	22412598	393896	4	ch2_21
hmaj	250000	ch2	24683017	24978573	295557	3	ch2_22
hmaj	250000	ch2	32686187	32713340	27154	1	ch2_23
hmaj	250000	ch2	32967678	33470740	503063	1	ch2_24
hmaj	250000	ch2	34364884	34387105	22222	1	ch2_25
hmaj	250000	ch2	35358627	35381030	22404	1	ch2_26
hmaj	250000	ch2	35697377	35928318	230942	2	ch2_27
hmaj	250000	ch2	38695928	38945406	249479	2	ch2_28
hmaj	250000	ch2	39542355	39847206	304852	3	ch2_29
hmaj	250000	ch2	40243685	40275760	32076	2	ch2_30
hmaj	250000	ch2	40626508	40642888	16381	1	ch2_31
hmaj	250000	ch2	41133621	41278466	144846	2	ch2_32
hmaj	250000	ch2	41573975	41640925	66951	2	ch2_33
hmaj	250000	ch2	42569182	42579168	9987	1	ch2_34
hmaj	250000	ch2	44475847	44569890	94044	2	ch2_35
hmaj	250000	ch2	46441353	46744946	303594	3	ch2_36
hmaj	250000	ch2	48066139	48084904	18766	1	ch2_37
hmaj	250000	ch2	48692191	48718787	26597	1	ch2_38
hmaj	250000	ch2	51691352	52072313	380962	3	ch2_39
hmaj	250000	ch2	52665107	52738996	73890	1	ch2_40
hmaj	250000	ch2	54951577	54963268	11692	1	ch2_41
hmaj	250000	ch2	55232363	56041413	809051	1	ch2_42
hmaj	250000	ch2	56374317	56394514	20198	1	ch2_43
hmaj	250000	ch2	57110424	57343738	233315	2	ch2_44
hmaj	250000	ch2	58354878	58672024	317147	4	ch2_45
hmaj	250000	ch2	62218826	62233660	14835	1	ch2_46
hmaj	25000	chZ	12611148	12675659	64512	1	chZ_1
hmaj	25000	chZ	12781564	12818181	36618	1	chZ_2
hmaj	25000	chZ	13598053	13620037	21985	1	chZ_3
hmaj	25000	chZ	13656011	13676589	20579	1	chZ_4
hmaj	25000	chZ	14037393	14051472	14080	1	chZ_5
hmaj	25000	chZ	14833962	14847172	13211	1	chZ_6
hmaj	25000	chZ	16575582	16597262	21681	1	chZ_7
hmaj	25000	chZ	16676414	16697711	21298	1	chZ_8
hmaj	25000	chZ	16768029	16794711	26683	1	chZ_9
hmaj	25000	chZ	17956333	17977300	20968	1	chZ_10
hmaj	25000	chZ	18052061	18095363	43303	1	chZ_11
hmaj	25000	chZ	18202363	18215245	12883	1	chZ_12
hmaj	25000	chZ	18378522	18387676	9155	1	chZ_13
hmaj	25000	chZ	20097373	20110099	12727	1	chZ_14
hmaj	25000	chZ	20546260	20572587	26328	1	chZ_15
hmaj	25000	chZ	20883665	20891990	8326	1	chZ_16
hmaj	25000	chZ	21905899	21935087	29189	1	chZ_17
hmaj	25000	chZ	21989178	22060635	71458	2	chZ_18
hmaj	25000	chZ	22154917	22246186	91270	1	chZ_19
hmaj	25000	chZ	22475409	22501369	25961	1	chZ_20
hmaj	25000	chZ	22658376	22686584	28209	1	chZ_21
hmaj	25000	chZ	23089295	23119551	30257	1	chZ_22
hmaj	25000	chZ	23149022	23165945	16924	1	chZ_23
hmaj	25000	chZ	23282304	23295436	13133	1	chZ_24
hmaj	25000	chZ	23665573	23715573	50001	2	chZ_25
hmaj	25000	chZ	23811705	23850483	38779	1	chZ_26
hmaj	25000	chZ	24232018	24289586	57569	1	chZ_27
hmaj	25000	chZ	24416559	24437808	21250	1	chZ_28
hmaj	25000	chZ	26351177	26502993	151817	4	chZ_29
hmaj	25000	chZ	26558483	26578755	20273	1	chZ_30
hmaj	25000	chZ	26645173	26669374	24202	1	chZ_31
hmaj	25000	chZ	26771643	26795806	24164	1	chZ_32
hmaj	25000	chZ	26835945	26852678	16734	1	chZ_33
hmaj	25000	chZ	38346035	38363879	17845	1	chZ_34
hmaj	25000	chZ	38803362	38839611	36250	1	chZ_35
hmaj	25000	chZ	38901554	38940632	39079	1	chZ_36
hmaj	25000	chZ	39593775	39617283	23509	1	chZ_37
hmaj	25000	chZ	39834999	39920536	85538	1	chZ_38
hmaj	25000	chZ	40014481	40390731	376251	1	chZ_39
hmaj	25000	chZ	40465760	40493414	27655	1	chZ_40
hmaj	25000	chZ	42089953	42110213	20261	1	chZ_41
hmaj	25000	chZ	43157356	43168454	11099	1	chZ_42
hmaj	25000	chZ	181251938	181268722	16785	1	chZ_43
hmaj	25000	chZ	181457567	181482068	24502	1	chZ_44
hmaj	25000	chZ	181926312	181943116	16805	1	chZ_45
hmaj	25000	chZ	183262731	183308748	46018	2	chZ_46
hmaj	25000	chZ	183377640	183402095	24456	1	chZ_47
hmaj	25000	chZ	183477546	183490837	13292	1	chZ_48
hmaj	25000	chZ	183699511	183715103	15593	1	chZ_49
hmaj	25000	chZ	183880852	183905356	24505	1	chZ_50
hmaj	25000	chZ	184304560	184329005	24446	1	chZ_51
hmaj	25000	chZ	184663915	184674963	11049	1	chZ_52
hmaj	25000	chZ	184755662	184869446	113785	1	chZ_53
hmaj	25000	chZ	185086524	185101307	14784	1	chZ_54
hmaj	25000	chZ	185697577	185715614	18038	1	chZ_55
hmaj	25000	chZ	185946160	186668333	722174	1	chZ_56
hmaj	25000	chZ	186701984	186712778	10795	1	chZ_57
hmaj	25000	chZ	187112447	187124978	12532	1	chZ_58
hmaj	25000	chZ	187156822	187174383	17562	1	chZ_59
hmaj	25000	chZ	187360519	187385025	24507	1	chZ_60
hmaj	39810	chZ	12611148	12675659	64512	1	chZ_1
hmaj	39810	chZ	12781564	12818181	36618	1	chZ_2
hmaj	39810	chZ	13598053	13676589	78537	2	chZ_3
hmaj	39810	chZ	14037393	14051472	14080	1	chZ_4
hmaj	39810	chZ	14833962	14847172	13211	1	chZ_5
hmaj	39810	chZ	16575582	16597262	21681	1	chZ_6
hmaj	39810	chZ	16676414	16697711	21298	1	chZ_7
hmaj	39810	chZ	16768029	16794711	26683	1	chZ_8
hmaj	39810	chZ	17956333	17977300	20968	1	chZ_9
hmaj	39810	chZ	18052061	18095363	43303	1	chZ_10
hmaj	39810	chZ	18202363	18215245	12883	1	chZ_11
hmaj	39810	chZ	18378522	18387676	9155	1	chZ_12
hmaj	39810	chZ	20097373	20110099	12727	1	chZ_13
hmaj	39810	chZ	20546260	20572587	26328	1	chZ_14
hmaj	39810	chZ	20883665	20891990	8326	1	chZ_15
hmaj	39810	chZ	21905899	21935087	29189	1	chZ_16
hmaj	39810	chZ	21989178	22060635	71458	2	chZ_17
hmaj	39810	chZ	22154917	22246186	91270	1	chZ_18
hmaj	39810	chZ	22475409	22501369	25961	1	chZ_19
hmaj	39810	chZ	22658376	22686584	28209	1	chZ_20
hmaj	39810	chZ	23089295	23165945	76651	2	chZ_21
hmaj	39810	chZ	23282304	23295436	13133	1	chZ_22
hmaj	39810	chZ	23665573	23715573	50001	2	chZ_23
hmaj	39810	chZ	23811705	23850483	38779	1	chZ_24
hmaj	39810	chZ	24232018	24289586	57569	1	chZ_25
hmaj	39810	chZ	24416559	24437808	21250	1	chZ_26
hmaj	39810	chZ	26351177	26502993	151817	4	chZ_27
hmaj	39810	chZ	26558483	26578755	20273	1	chZ_28
hmaj	39810	chZ	26645173	26669374	24202	1	chZ_29
hmaj	39810	chZ	26771643	26795806	24164	1	chZ_30
hmaj	39810	chZ	26835945	26852678	16734	1	chZ_31
hmaj	39810	chZ	38346035	38363879	17845	1	chZ_32
hmaj	39810	chZ	38803362	38839611	36250	1	chZ_33
hmaj	39810	chZ	38901554	38940632	39079	1	chZ_34
hmaj	39810	chZ	39593775	39617283	23509	1	chZ_35
hmaj	39810	chZ	39834999	39920536	85538	1	chZ_36
hmaj	39810	chZ	40014481	40390731	376251	1	chZ_37
hmaj	39810	chZ	40465760	40493414	27655	1	chZ_38
hmaj	39810	chZ	42089953	42110213	20261	1	chZ_39
hmaj	39810	chZ	43157356	43168454	11099	1	chZ_40
hmaj	39810	chZ	181251938	181268722	16785	1	chZ_41
hmaj	39810	chZ	181457567	181482068	24502	1	chZ_42
hmaj	39810	chZ	181926312	181943116	16805	1	chZ_43
hmaj	39810	chZ	183262731	183308748	46018	2	chZ_44
hmaj	39810	chZ	183377640	183402095	24456	1	chZ_45
hmaj	39810	chZ	183477546	183490837	13292	1	chZ_46
hmaj	39810	chZ	183699511	183715103	15593	1	chZ_47
hmaj	39810	chZ	183880852	183905356	24505	1	chZ_48
hmaj	39810	chZ	184304560	184329005	24446	1	chZ_49
hmaj	39810	chZ	184663915	184674963	11049	1	chZ_50
hmaj	39810	chZ	184755662	184869446	113785	1	chZ_51
hmaj	39810	chZ	185086524	185101307	14784	1	chZ_52
hmaj	39810	chZ	185697577	185715614	18038	1	chZ_53
hmaj	39810	chZ	185946160	186712778	766619	2	chZ_54
hmaj	39810	chZ	187112447	187174383	61937	2	chZ_55
hmaj	39810	chZ	187360519	187385025	24507	1	chZ_56
hmaj	50000	chZ	12611148	12675659	64512	1	chZ_1
hmaj	50000	chZ	12781564	12818181	36618	1	chZ_2
hmaj	50000	chZ	13598053	13676589	78537	2	chZ_3
hmaj	50000	chZ	14037393	14051472	14080	1	chZ_4
hmaj	50000	chZ	14833962	14847172	13211	1	chZ_5
hmaj	50000	chZ	16575582	16597262	21681	1	chZ_6
hmaj	50000	chZ	16676414	16697711	21298	1	chZ_7
hmaj	50000	chZ	16768029	16794711	26683	1	chZ_8
hmaj	50000	chZ	17956333	17977300	20968	1	chZ_9
hmaj	50000	chZ	18052061	18095363	43303	1	chZ_10
hmaj	50000	chZ	18202363	18215245	12883	1	chZ_11
hmaj	50000	chZ	18378522	18387676	9155	1	chZ_12
hmaj	50000	chZ	20097373	20110099	12727	1	chZ_13
hmaj	50000	chZ	20546260	20572587	26328	1	chZ_14
hmaj	50000	chZ	20883665	20891990	8326	1	chZ_15
hmaj	50000	chZ	21905899	21935087	29189	1	chZ_16
hmaj	50000	chZ	21989178	22060635	71458	2	chZ_17
hmaj	50000	chZ	22154917	22246186	91270	1	chZ_18
hmaj	50000	chZ	22475409	22501369	25961	1	chZ_19
hmaj	50000	chZ	22658376	22686584	28209	1	chZ_20
hmaj	50000	chZ	23089295	23165945	76651	2	chZ_21
hmaj	50000	chZ	23282304	23295436	13133	1	chZ_22
hmaj	50000	chZ	23665573	23715573	50001	2	chZ_23
hmaj	50000	chZ	23811705	23850483	38779	1	chZ_24
hmaj	50000	chZ	24232018	24289586	57569	1	chZ_25
hmaj	50000	chZ	24416559	24437808	21250	1	chZ_26
hmaj	50000	chZ	26351177	26502993	151817	4	chZ_27
hmaj	50000	chZ	26558483	26578755	20273	1	chZ_28
hmaj	50000	chZ	26645173	26669374	24202	1	chZ_29
hmaj	50000	chZ	26771643	26852678	81036	2	chZ_30
hmaj	50000	chZ	38346035	38363879	17845	1	chZ_31
hmaj	50000	chZ	38803362	38839611	36250	1	chZ_32
hmaj	50000	chZ	38901554	38940632	39079	1	chZ_33
hmaj	50000	chZ	39593775	39617283	23509	1	chZ_34
hmaj	50000	chZ	39834999	39920536	85538	1	chZ_35
hmaj	50000	chZ	40014481	40390731	376251	1	chZ_36
hmaj	50000	chZ	40465760	40493414	27655	1	chZ_37
hmaj	50000	chZ	42089953	42110213	20261	1	chZ_38
hmaj	50000	chZ	43157356	43168454	11099	1	chZ_39
hmaj	50000	chZ	181251938	181268722	16785	1	chZ_40
hmaj	50000	chZ	181457567	181482068	24502	1	chZ_41
hmaj	50000	chZ	181926312	181943116	16805	1	chZ_42
hmaj	50000	chZ	183262731	183308748	46018	2	chZ_43
hmaj	50000	chZ	183377640	183402095	24456	1	chZ_44
hmaj	50000	chZ	183477546	183490837	13292	1	chZ_45
hmaj	50000	chZ	183699511	183715103	15593	1	chZ_46
hmaj	50000	chZ	183880852	183905356	24505	1	chZ_47
hmaj	50000	chZ	184304560	184329005	24446	1	chZ_48
hmaj	50000	chZ	184663915	184674963	11049	1	chZ_49
hmaj	50000	chZ	184755662	184869446	113785	1	chZ_50
hmaj	50000	chZ	185086524	185101307	14784	1	chZ_51
hmaj	50000	chZ	185697577	185715614	18038	1	chZ_52
hmaj	50000	chZ	185946160	186712778	766619	2	chZ_53
hmaj	50000	chZ	187112447	187174383	61937	2	chZ_54
hmaj	50000	chZ	187360519	187385025	24507	1	chZ_55
hmaj	100000	chZ	12611148	12675659	64512	1	chZ_1
hmaj	100000	chZ	12781564	12818181	36618	1	chZ_2
hmaj	100000	chZ	13598053	13676589	78537	2	chZ_3
hmaj	100000	chZ	14037393	14051472	14080	1	chZ_4
hmaj	100000	chZ	14833962	14847172	13211	1	chZ_5
hmaj	100000	chZ	16575582	16794711	219130	3	chZ_6
hmaj	100000	chZ	17956333	18095363	139031	2	chZ_7
hmaj	100000	chZ	18202363	18215245	12883	1	chZ_8
hmaj	100000	chZ	18378522	18387676	9155	1	chZ_9
hmaj	100000	chZ	20097373	20110099	12727	1	chZ_10
hmaj	100000	chZ	20546260	20572587	26328	1	chZ_11
hmaj	100000	chZ	20883665	20891990	8326	1	chZ_12
hmaj	100000	chZ	21905899	22246186	340288	4	chZ_13
hmaj	100000	chZ	22475409	22501369	25961	1	chZ_14
hmaj	100000	chZ	22658376	22686584	28209	1	chZ_15
hmaj	100000	chZ	23089295	23165945	76651	2	chZ_16
hmaj	100000	chZ	23282304	23295436	13133	1	chZ_17
hmaj	100000	chZ	23665573	23850483	184911	3	chZ_18
hmaj	100000	chZ	24232018	24289586	57569	1	chZ_19
hmaj	100000	chZ	24416559	24437808	21250	1	chZ_20
hmaj	100000	chZ	26351177	26669374	318198	6	chZ_21
hmaj	100000	chZ	26771643	26852678	81036	2	chZ_22
hmaj	100000	chZ	38346035	38363879	17845	1	chZ_23
hmaj	100000	chZ	38803362	38940632	137271	2	chZ_24
hmaj	100000	chZ	39593775	39617283	23509	1	chZ_25
hmaj	100000	chZ	39834999	40493414	658416	3	chZ_26
hmaj	100000	chZ	42089953	42110213	20261	1	chZ_27
hmaj	100000	chZ	43157356	43168454	11099	1	chZ_28
hmaj	100000	chZ	181251938	181268722	16785	1	chZ_29
hmaj	100000	chZ	181457567	181482068	24502	1	chZ_30
hmaj	100000	chZ	181926312	181943116	16805	1	chZ_31
hmaj	100000	chZ	183262731	183490837	228107	4	chZ_32
hmaj	100000	chZ	183699511	183715103	15593	1	chZ_33
hmaj	100000	chZ	183880852	183905356	24505	1	chZ_34
hmaj	100000	chZ	184304560	184329005	24446	1	chZ_35
hmaj	100000	chZ	184663915	184869446	205532	2	chZ_36
hmaj	100000	chZ	185086524	185101307	14784	1	chZ_37
hmaj	100000	chZ	185697577	185715614	18038	1	chZ_38
hmaj	100000	chZ	185946160	186712778	766619	2	chZ_39
hmaj	100000	chZ	187112447	187174383	61937	2	chZ_40
hmaj	100000	chZ	187360519	187385025	24507	1	chZ_41
hmaj	250000	chZ	12611148	12818181	207034	2	chZ_1
hmaj	250000	chZ	13598053	13676589	78537	2	chZ_2
hmaj	250000	chZ	14037393	14051472	14080	1	chZ_3
hmaj	250000	chZ	14833962	14847172	13211	1	chZ_4
hmaj	250000	chZ	16575582	16794711	219130	3	chZ_5
hmaj	250000	chZ	17956333	18387676	431344	4	chZ_6
hmaj	250000	chZ	20097373	20110099	12727	1	chZ_7
hmaj	250000	chZ	20546260	20572587	26328	1	chZ_8
hmaj	250000	chZ	20883665	20891990	8326	1	chZ_9
hmaj	250000	chZ	21905899	22686584	780686	6	chZ_10
hmaj	250000	chZ	23089295	23295436	206142	3	chZ_11
hmaj	250000	chZ	23665573	23850483	184911	3	chZ_12
hmaj	250000	chZ	24232018	24437808	205791	2	chZ_13
hmaj	250000	chZ	26351177	26852678	501502	8	chZ_14
hmaj	250000	chZ	38346035	38363879	17845	1	chZ_15
hmaj	250000	chZ	38803362	38940632	137271	2	chZ_16
hmaj	250000	chZ	39593775	40493414	899640	4	chZ_17
hmaj	250000	chZ	42089953	42110213	20261	1	chZ_18
hmaj	250000	chZ	43157356	43168454	11099	1	chZ_19
hmaj	250000	chZ	181251938	181482068	230131	2	chZ_20
hmaj	250000	chZ	181926312	181943116	16805	1	chZ_21
hmaj	250000	chZ	183262731	183905356	642626	6	chZ_22
hmaj	250000	chZ	184304560	184329005	24446	1	chZ_23
hmaj	250000	chZ	184663915	185101307	437393	3	chZ_24
hmaj	250000	chZ	185697577	186712778	1015202	3	chZ_25
hmaj	250000	chZ	187112447	187385025	272579	3	chZ_26
hcy	25000	ch2	318081719	318251672	169954	1	ch2_1
hcy	25000	ch2	318480205	318492650	12446	1	ch2_2
hcy	25000	ch2	319402488	319420948	18461	1	ch2_3
hcy	25000	ch2	319563969	319582443	18475	1	ch2_4
hcy	25000	ch2	319750580	319772055	21476	1	ch2_5
hcy	25000	ch2	320027122	320036283	9162	1	ch2_6
hcy	25000	ch2	320157566	320166693	9128	1	ch2_7
hcy	25000	ch2	320759548	320782441	22894	1	ch2_8
hcy	25000	ch2	320819149	320835380	16232	1	ch2_9
hcy	25000	ch2	320938886	320955086	16201	1	ch2_10
hcy	25000	ch2	321101988	321112746	10759	1	ch2_11
hcy	25000	ch2	321509835	321522493	12659	1	ch2_12
hcy	25000	ch2	322062595	322072595	10001	1	ch2_13
hcy	25000	ch2	322105887	322115886	10000	1	ch2_14
hcy	25000	ch2	322402809	322446465	43657	2	ch2_15
hcy	25000	ch2	322529724	322546650	16927	1	ch2_16
hcy	25000	ch2	322601334	322615728	14395	1	ch2_17
hcy	25000	ch2	323079874	323103414	23541	1	ch2_18
hcy	25000	ch2	323167741	323177760	10020	1	ch2_19
hcy	25000	ch2	323205430	323226964	21535	1	ch2_20
hcy	25000	ch2	323290978	323305701	14724	1	ch2_21
hcy	25000	ch2	323643701	323655661	11961	1	ch2_22
hcy	25000	ch2	323918894	323928885	9992	1	ch2_23
hcy	25000	ch2	324018819	324033560	14742	1	ch2_24
hcy	25000	ch2	324384145	324416239	32095	2	ch2_25
hcy	25000	ch2	324547437	324557445	10009	1	ch2_26
hcy	25000	ch2	324950063	324966469	16407	1	ch2_27
hcy	25000	ch2	325064200	325078942	14743	1	ch2_28
hcy	25000	ch2	325161425	325193504	32080	2	ch2_29
hcy	25000	ch2	325407415	325432885	25471	1	ch2_30
hcy	25000	ch2	325919904	325926436	6533	1	ch2_31
hcy	25000	ch2	326806464	326832836	26373	1	ch2_32
hcy	25000	ch2	326961133	326975888	14756	1	ch2_33
hcy	25000	ch2	327872812	327884509	11698	1	ch2_34
hcy	25000	ch2	330991676	331045821	54146	1	ch2_35
hcy	25000	ch2	331812425	331829725	17301	1	ch2_36
hcy	25000	ch2	331995700	332012830	17131	1	ch2_37
hcy	25000	ch2	337527717	337540190	12474	1	ch2_38
hcy	25000	ch2	339647583	339658809	11227	1	ch2_39
hcy	25000	ch2	339689391	339706855	17465	1	ch2_40
hcy	25000	ch2	339870633	339898489	27857	1	ch2_41
hcy	25000	ch2	341412368	341429425	17058	1	ch2_42
hcy	25000	ch2	341472161	341488567	16407	1	ch2_43
hcy	25000	ch2	341785594	341804269	18676	1	ch2_44
hcy	25000	ch2	341837810	341860237	22428	1	ch2_45
hcy	25000	ch2	341993556	342004806	11251	1	ch2_46
hcy	25000	ch2	343629298	343638380	9083	1	ch2_47
hcy	25000	ch2	343750187	343757077	6891	1	ch2_48
hcy	25000	ch2	344004701	344038660	33960	2	ch2_49
hcy	25000	ch2	344158550	344165441	6892	1	ch2_50
hcy	25000	ch2	344229769	344236659	6891	1	ch2_51
hcy	25000	ch2	344492703	344506295	13593	1	ch2_52
hcy	25000	ch2	345320590	345393312	72723	1	ch2_53
hcy	25000	ch2	345962347	345982430	20084	1	ch2_54
hcy	25000	ch2	346364098	346392676	28579	1	ch2_55
hcy	25000	ch2	347219006	347341688	122683	2	ch2_56
hcy	25000	ch2	347465298	347484078	18781	1	ch2_57
hcy	25000	ch2	347533809	347555374	21566	1	ch2_58
hcy	25000	ch2	349037446	349049908	12463	1	ch2_59
hcy	25000	ch2	349089628	349103514	13887	1	ch2_60
hcy	25000	ch2	349661856	349682864	21009	1	ch2_61
hcy	25000	ch2	349934827	349954601	19775	1	ch2_62
hcy	25000	ch2	349982936	350019804	36869	1	ch2_63
hcy	25000	ch2	350234156	350244748	10593	1	ch2_64
hcy	25000	ch2	352313583	352360615	47033	2	ch2_65
hcy	25000	ch2	352500206	352531033	30828	2	ch2_66
hcy	25000	ch2	353265775	353276424	10650	1	ch2_67
hcy	25000	ch2	353334493	353347102	12610	1	ch2_68
hcy	25000	ch2	353914839	354242242	327404	1	ch2_69
hcy	25000	ch2	355055110	355065725	10616	1	ch2_70
hcy	25000	ch2	355449479	355467494	18016	1	ch2_71
hcy	25000	ch2	355548836	355559460	10625	1	ch2_72
hcy	25000	ch2	355662646	355676223	13578	1	ch2_73
hcy	25000	ch2	355732379	355930865	198487	1	ch2_74
hcy	25000	ch2	356252224	356262556	10333	1	ch2_75
hcy	25000	ch2	356442096	356459161	17066	1	ch2_76
hcy	25000	ch2	356676875	356692852	15978	1	ch2_77
hcy	25000	ch2	357037279	357054305	17027	1	ch2_78
hcy	25000	ch2	357106316	357111461	5146	1	ch2_79
hcy	25000	ch2	357193111	357237269	44159	1	ch2_80
hcy	25000	ch2	357331414	357383852	52439	1	ch2_81
hcy	25000	ch2	358553148	358575412	22265	1	ch2_82
hcy	25000	ch2	359356452	359382733	26282	2	ch2_83
hcy	25000	ch2	361448554	362017005	568452	1	ch2_84
hcy	25000	ch2	362261016	362300376	39361	1	ch2_85
hcy	25000	ch2	362640064	362662737	22674	1	ch2_86
hcy	25000	ch2	362823592	362845103	21512	1	ch2_87
hcy	25000	ch2	363235850	363254593	18744	1	ch2_88
hcy	25000	ch2	363536503	363557772	21270	1	ch2_89
hcy	25000	ch2	363936966	363960962	23997	1	ch2_90
hcy	25000	ch2	364146912	364203742	56831	2	ch2_91
hcy	25000	ch2	364350424	364368760	18337	1	ch2_92
hcy	25000	ch2	365653877	365675993	22117	1	ch2_93
hcy	25000	ch2	365898120	365925274	27155	1	ch2_94
hcy	25000	ch2	366180254	366213811	33558	1	ch2_95
hcy	25000	ch2	367518191	367532053	13863	1	ch2_96
hcy	39810	ch2	318081719	318251672	169954	1	ch2_1
hcy	39810	ch2	318480205	318492650	12446	1	ch2_2
hcy	39810	ch2	319402488	319420948	18461	1	ch2_3
hcy	39810	ch2	319563969	319582443	18475	1	ch2_4
hcy	39810	ch2	319750580	319772055	21476	1	ch2_5
hcy	39810	ch2	320027122	320036283	9162	1	ch2_6
hcy	39810	ch2	320157566	320166693	9128	1	ch2_7
hcy	39810	ch2	320759548	320835380	75833	2	ch2_8
hcy	39810	ch2	320938886	320955086	16201	1	ch2_9
hcy	39810	ch2	321101988	321112746	10759	1	ch2_10
hcy	39810	ch2	321509835	321522493	12659	1	ch2_11
hcy	39810	ch2	322062595	322115886	53292	2	ch2_12
hcy	39810	ch2	322402809	322446465	43657	2	ch2_13
hcy	39810	ch2	322529724	322546650	16927	1	ch2_14
hcy	39810	ch2	322601334	322615728	14395	1	ch2_15
hcy	39810	ch2	323079874	323103414	23541	1	ch2_16
hcy	39810	ch2	323167741	323226964	59224	2	ch2_17
hcy	39810	ch2	323290978	323305701	14724	1	ch2_18
hcy	39810	ch2	323643701	323655661	11961	1	ch2_19
hcy	39810	ch2	323918894	323928885	9992	1	ch2_20
hcy	39810	ch2	324018819	324033560	14742	1	ch2_21
hcy	39810	ch2	324384145	324416239	32095	2	ch2_22
hcy	39810	ch2	324547437	324557445	10009	1	ch2_23
hcy	39810	ch2	324950063	324966469	16407	1	ch2_24
hcy	39810	ch2	325064200	325078942	14743	1	ch2_25
hcy	39810	ch2	325161425	325193504	32080	2	ch2_26
hcy	39810	ch2	325407415	325432885	25471	1	ch2_27
hcy	39810	ch2	325919904	325926436	6533	1	ch2_28
hcy	39810	ch2	326806464	326832836	26373	1	ch2_29
hcy	39810	ch2	326961133	326975888	14756	1	ch2_30
hcy	39810	ch2	327872812	327884509	11698	1	ch2_31
hcy	39810	ch2	330991676	331045821	54146	1	ch2_32
hcy	39810	ch2	331812425	331829725	17301	1	ch2_33
hcy	39810	ch2	331995700	332012830	17131	1	ch2_34
hcy	39810	ch2	337527717	337540190	12474	1	ch2_35
hcy	39810	ch2	339647583	339706855	59273	2	ch2_36
hcy	39810	ch2	339870633	339898489	27857	1	ch2_37
hcy	39810	ch2	341412368	341429425	17058	1	ch2_38
hcy	39810	ch2	341472161	341488567	16407	1	ch2_39
hcy	39810	ch2	341785594	341860237	74644	2	ch2_40
hcy	39810	ch2	341993556	342004806	11251	1	ch2_41
hcy	39810	ch2	343629298	343638380	9083	1	ch2_42
hcy	39810	ch2	343750187	343757077	6891	1	ch2_43
hcy	39810	ch2	344004701	344038660	33960	2	ch2_44
hcy	39810	ch2	344158550	344165441	6892	1	ch2_45
hcy	39810	ch2	344229769	344236659	6891	1	ch2_46
hcy	39810	ch2	344492703	344506295	13593	1	ch2_47
hcy	39810	ch2	345320590	345393312	72723	1	ch2_48
hcy	39810	ch2	345962347	345982430	20084	1	ch2_49
hcy	39810	ch2	346364098	346392676	28579	1	ch2_50
hcy	39810	ch2	347219006	347341688	122683	2	ch2_51
hcy	39810	ch2	347465298	347484078	18781	1	ch2_52
hcy	39810	ch2	347533809	347555374	21566	1	ch2_53
hcy	39810	ch2	349037446	349103514	66069	2	ch2_54
hcy	39810	ch2	349661856	349682864	21009	1	ch2_55
hcy	39810	ch2	349934827	350019804	84978	2	ch2_56
hcy	39810	ch2	350234156	350244748	10593	1	ch2_57
hcy	39810	ch2	352313583	352360615	47033	2	ch2_58
hcy	39810	ch2	352500206	352531033	30828	2	ch2_59
hcy	39810	ch2	353265775	353276424	10650	1	ch2_60
hcy	39810	ch2	353334493	353347102	12610	1	ch2_61
hcy	39810	ch2	353914839	354242242	327404	1	ch2_62
hcy	39810	ch2	355055110	355065725	10616	1	ch2_63
hcy	39810	ch2	355449479	355467494	18016	1	ch2_64
hcy	39810	ch2	355548836	355559460	10625	1	ch2_65
hcy	39810	ch2	355662646	355676223	13578	1	ch2_66
hcy	39810	ch2	355732379	355930865	198487	1	ch2_67
hcy	39810	ch2	356252224	356262556	10333	1	ch2_68
hcy	39810	ch2	356442096	356459161	17066	1	ch2_69
hcy	39810	ch2	356676875	356692852	15978	1	ch2_70
hcy	39810	ch2	357037279	357054305	17027	1	ch2_71
hcy	39810	ch2	357106316	357111461	5146	1	ch2_72
hcy	39810	ch2	357193111	357237269	44159	1	ch2_73
hcy	39810	ch2	357331414	357383852	52439	1	ch2_74
hcy	39810	ch2	358553148	358575412	22265	1	ch2_75
hcy	39810	ch2	359356452	359382733	26282	2	ch2_76
hcy	39810	ch2	361448554	362017005	568452	1	ch2_77
hcy	39810	ch2	362261016	362300376	39361	1	ch2_78
hcy	39810	ch2	362640064	362662737	22674	1	ch2_79
hcy	39810	ch2	362823592	362845103	21512	1	ch2_80
hcy	39810	ch2	363235850	363254593	18744	1	ch2_81
hcy	39810	ch2	363536503	363557772	21270	1	ch2_82
hcy	39810	ch2	363936966	363960962	23997	1	ch2_83
hcy	39810	ch2	364146912	364203742	56831	2	ch2_84
hcy	39810	ch2	364350424	364368760	18337	1	ch2_85
hcy	39810	ch2	365653877	365675993	22117	1	ch2_86
hcy	39810	ch2	365898120	365925274	27155	1	ch2_87
hcy	39810	ch2	366180254	366213811	33558	1	ch2_88
hcy	39810	ch2	367518191	367532053	13863	1	ch2_89
hcy	50000	ch2	318081719	318251672	169954	1	ch2_1
hcy	50000	ch2	318480205	318492650	12446	1	ch2_2
hcy	50000	ch2	319402488	319420948	18461	1	ch2_3
hcy	50000	ch2	319563969	319582443	18475	1	ch2_4
hcy	50000	ch2	319750580	319772055	21476	1	ch2_5
hcy	50000	ch2	320027122	320036283	9162	1	ch2_6
hcy	50000	ch2	320157566	320166693	9128	1	ch2_7
hcy	50000	ch2	320759548	320835380	75833	2	ch2_8
hcy	50000	ch2	320938886	320955086	16201	1	ch2_9
hcy	50000	ch2	321101988	321112746	10759	1	ch2_10
hcy	50000	ch2	321509835	321522493	12659	1	ch2_11
hcy	50000	ch2	322062595	322115886	53292	2	ch2_12
hcy	50000	ch2	322402809	322446465	43657	2	ch2_13
hcy	50000	ch2	322529724	322546650	16927	1	ch2_14
hcy	50000	ch2	322601334	322615728	14395	1	ch2_15
hcy	50000	ch2	323079874	323103414	23541	1	ch2_16
hcy	50000	ch2	323167741	323226964	59224	2	ch2_17
hcy	50000	ch2	323290978	323305701	14724	1	ch2_18
hcy	50000	ch2	323643701	323655661	11961	1	ch2_19
hcy	50000	ch2	323918894	323928885	9992	1	ch2_20
hcy	50000	ch2	324018819	324033560	14742	1	ch2_21
hcy	50000	ch2	324384145	324416239	32095	2	ch2_22
hcy	50000	ch2	324547437	324557445	10009	1	ch2_23
hcy	50000	ch2	324950063	324966469	16407	1	ch2_24
hcy	50000	ch2	325064200	325078942	14743	1	ch2_25
hcy	50000	ch2	325161425	325193504	32080	2	ch2_26
hcy	50000	ch2	325407415	325432885	25471	1	ch2_27
hcy	50000	ch2	325919904	325926436	6533	1	ch2_28
hcy	50000	ch2	326806464	326832836	26373	1	ch2_29
hcy	50000	ch2	326961133	326975888	14756	1	ch2_30
hcy	50000	ch2	327872812	327884509	11698	1	ch2_31
hcy	50000	ch2	330991676	331045821	54146	1	ch2_32
hcy	50000	ch2	331812425	331829725	17301	1	ch2_33
hcy	50000	ch2	331995700	332012830	17131	1	ch2_34
hcy	50000	ch2	337527717	337540190	12474	1	ch2_35
hcy	50000	ch2	339647583	339706855	59273	2	ch2_36
hcy	50000	ch2	339870633	339898489	27857	1	ch2_37
hcy	50000	ch2	341412368	341488567	76200	2	ch2_38
hcy	50000	ch2	341785594	341860237	74644	2	ch2_39
hcy	50000	ch2	341993556	342004806	11251	1	ch2_40
hcy	50000	ch2	343629298	343638380	9083	1	ch2_41
hcy	50000	ch2	343750187	343757077	6891	1	ch2_42
hcy	50000	ch2	344004701	344038660	33960	2	ch2_43
hcy	50000	ch2	344158550	344165441	6892	1	ch2_44
hcy	50000	ch2	344229769	344236659	6891	1	ch2_45
hcy	50000	ch2	344492703	344506295	13593	1	ch2_46
hcy	50000	ch2	345320590	345393312	72723	1	ch2_47
hcy	50000	ch2	345962347	345982430	20084	1	ch2_48
hcy	50000	ch2	346364098	346392676	28579	1	ch2_49
hcy	50000	ch2	347219006	347341688	122683	2	ch2_50
hcy	50000	ch2	347465298	347555374	90077	2	ch2_51
hcy	50000	ch2	349037446	349103514	66069	2	ch2_52
hcy	50000	ch2	349661856	349682864	21009	1	ch2_53
hcy	50000	ch2	349934827	350019804	84978	2	ch2_54
hcy	50000	ch2	350234156	350244748	10593	1	ch2_55
hcy	50000	ch2	352313583	352360615	47033	2	ch2_56
hcy	50000	ch2	352500206	352531033	30828	2	ch2_57
hcy	50000	ch2	353265775	353276424	10650	1	ch2_58
hcy	50000	ch2	353334493	353347102	12610	1	ch2_59
hcy	50000	ch2	353914839	354242242	327404	1	ch2_60
hcy	50000	ch2	355055110	355065725	10616	1	ch2_61
hcy	50000	ch2	355449479	355467494	18016	1	ch2_62
hcy	50000	ch2	355548836	355559460	10625	1	ch2_63
hcy	50000	ch2	355662646	355676223	13578	1	ch2_64
hcy	50000	ch2	355732379	355930865	198487	1	ch2_65
hcy	50000	ch2	356252224	356262556	10333	1	ch2_66
hcy	50000	ch2	356442096	356459161	17066	1	ch2_67
hcy	50000	ch2	356676875	356692852	15978	1	ch2_68
hcy	50000	ch2	357037279	357054305	17027	1	ch2_69
hcy	50000	ch2	357106316	357111461	5146	1	ch2_70
hcy	50000	ch2	357193111	357237269	44159	1	ch2_71
hcy	50000	ch2	357331414	357383852	52439	1	ch2_72
hcy	50000	ch2	358553148	358575412	22265	1	ch2_73
hcy	50000	ch2	359356452	359382733	26282	2	ch2_74
hcy	50000	ch2	361448554	362017005	568452	1	ch2_75
hcy	50000	ch2	362261016	362300376	39361	1	ch2_76
hcy	50000	ch2	362640064	362662737	22674	1	ch2_77
hcy	50000	ch2	362823592	362845103	21512	1	ch2_78
hcy	50000	ch2	363235850	363254593	18744	1	ch2_79
hcy	50000	ch2	363536503	363557772	21270	1	ch2_80
hcy	50000	ch2	363936966	363960962	23997	1	ch2_81
hcy	50000	ch2	364146912	364203742	56831	2	ch2_82
hcy	50000	ch2	364350424	364368760	18337	1	ch2_83
hcy	50000	ch2	365653877	365675993	22117	1	ch2_84
hcy	50000	ch2	365898120	365925274	27155	1	ch2_85
hcy	50000	ch2	366180254	366213811	33558	1	ch2_86
hcy	50000	ch2	367518191	367532053	13863	1	ch2_87
hcy	100000	ch2	318081719	318251672	169954	1	ch2_1
hcy	100000	ch2	318480205	318492650	12446	1	ch2_2
hcy	100000	ch2	319402488	319420948	18461	1	ch2_3
hcy	100000	ch2	319563969	319582443	18475	1	ch2_4
hcy	100000	ch2	319750580	319772055	21476	1	ch2_5
hcy	100000	ch2	320027122	320036283	9162	1	ch2_6
hcy	100000	ch2	320157566	320166693	9128	1	ch2_7
hcy	100000	ch2	320759548	320835380	75833	2	ch2_8
hcy	100000	ch2	320938886	320955086	16201	1	ch2_9
hcy	100000	ch2	321101988	321112746	10759	1	ch2_10
hcy	100000	ch2	321509835	321522493	12659	1	ch2_11
hcy	100000	ch2	322062595	322115886	53292	2	ch2_12
hcy	100000	ch2	322402809	322615728	212920	4	ch2_13
hcy	100000	ch2	323079874	323305701	225828	4	ch2_14
hcy	100000	ch2	323643701	323655661	11961	1	ch2_15
hcy	100000	ch2	323918894	324033560	114667	2	ch2_16
hcy	100000	ch2	324384145	324416239	32095	2	ch2_17
hcy	100000	ch2	324547437	324557445	10009	1	ch2_18
hcy	100000	ch2	324950063	325193504	243442	4	ch2_19
hcy	100000	ch2	325407415	325432885	25471	1	ch2_20
hcy	100000	ch2	325919904	325926436	6533	1	ch2_21
hcy	100000	ch2	326806464	326832836	26373	1	ch2_22
hcy	100000	ch2	326961133	326975888	14756	1	ch2_23
hcy	100000	ch2	327872812	327884509	11698	1	ch2_24
hcy	100000	ch2	330991676	331045821	54146	1	ch2_25
hcy	100000	ch2	331812425	331829725	17301	1	ch2_26
hcy	100000	ch2	331995700	332012830	17131	1	ch2_27
hcy	100000	ch2	337527717	337540190	12474	1	ch2_28
hcy	100000	ch2	339647583	339706855	59273	2	ch2_29
hcy	100000	ch2	339870633	339898489	27857	1	ch2_30
hcy	100000	ch2	341412368	341488567	76200	2	ch2_31
hcy	100000	ch2	341785594	341860237	74644	2	ch2_32
hcy	100000	ch2	341993556	342004806	11251	1	ch2_33
hcy	100000	ch2	343629298	343638380	9083	1	ch2_34
hcy	100000	ch2	343750187	343757077	6891	1	ch2_35
hcy	100000	ch2	344004701	344038660	33960	2	ch2_36
hcy	100000	ch2	344158550	344236659	78110	2	ch2_37
hcy	100000	ch2	344492703	344506295	13593	1	ch2_38
hcy	100000	ch2	345320590	345393312	72723	1	ch2_39
hcy	100000	ch2	345962347	345982430	20084	1	ch2_40
hcy	100000	ch2	346364098	346392676	28579	1	ch2_41
hcy	100000	ch2	347219006	347341688	122683	2	ch2_42
hcy	100000	ch2	347465298	347555374	90077	2	ch2_43
hcy	100000	ch2	349037446	349103514	66069	2	ch2_44
hcy	100000	ch2	349661856	349682864	21009	1	ch2_45
hcy	100000	ch2	349934827	350019804	84978	2	ch2_46
hcy	100000	ch2	350234156	350244748	10593	1	ch2_47
hcy	100000	ch2	352313583	352360615	47033	2	ch2_48
hcy	100000	ch2	352500206	352531033	30828	2	ch2_49
hcy	100000	ch2	353265775	353347102	81328	2	ch2_50
hcy	100000	ch2	353914839	354242242	327404	1	ch2_51
hcy	100000	ch2	355055110	355065725	10616	1	ch2_52
hcy	100000	ch2	355449479	355559460	109982	2	ch2_53
hcy	100000	ch2	355662646	355930865	268220	2	ch2_54
hcy	100000	ch2	356252224	356262556	10333	1	ch2_55
hcy	100000	ch2	356442096	356459161	17066	1	ch2_56
hcy	100000	ch2	356676875	356692852	15978	1	ch2_57
hcy	100000	ch2	357037279	357383852	346574	4	ch2_58
hcy	100000	ch2	358553148	358575412	22265	1	ch2_59
hcy	100000	ch2	359356452	359382733	26282	2	ch2_60
hcy	100000	ch2	361448554	362017005	568452	1	ch2_61
hcy	100000	ch2	362261016	362300376	39361	1	ch2_62
hcy	100000	ch2	362640064	362662737	22674	1	ch2_63
hcy	100000	ch2	362823592	362845103	21512	1	ch2_64
hcy	100000	ch2	363235850	363254593	18744	1	ch2_65
hcy	100000	ch2	363536503	363557772	21270	1	ch2_66
hcy	100000	ch2	363936966	363960962	23997	1	ch2_67
hcy	100000	ch2	364146912	364203742	56831	2	ch2_68
hcy	100000	ch2	364350424	364368760	18337	1	ch2_69
hcy	100000	ch2	365653877	365675993	22117	1	ch2_70
hcy	100000	ch2	365898120	365925274	27155	1	ch2_71
hcy	100000	ch2	366180254	366213811	33558	1	ch2_72
hcy	100000	ch2	367518191	367532053	13863	1	ch2_73
hcy	250000	ch2	318081719	318492650	410932	2	ch2_1
hcy	250000	ch2	319402488	319772055	369568	3	ch2_2
hcy	250000	ch2	320027122	320166693	139572	2	ch2_3
hcy	250000	ch2	320759548	321112746	353199	4	ch2_4
hcy	250000	ch2	321509835	321522493	12659	1	ch2_5
hcy	250000	ch2	322062595	322115886	53292	2	ch2_6
hcy	250000	ch2	322402809	322615728	212920	4	ch2_7
hcy	250000	ch2	323079874	323305701	225828	4	ch2_8
hcy	250000	ch2	323643701	323655661	11961	1	ch2_9
hcy	250000	ch2	323918894	324033560	114667	2	ch2_10
hcy	250000	ch2	324384145	324557445	173301	3	ch2_11
hcy	250000	ch2	324950063	325432885	482823	5	ch2_12
hcy	250000	ch2	325919904	325926436	6533	1	ch2_13
hcy	250000	ch2	326806464	326975888	169425	2	ch2_14
hcy	250000	ch2	327872812	327884509	11698	1	ch2_15
hcy	250000	ch2	330991676	331045821	54146	1	ch2_16
hcy	250000	ch2	331812425	332012830	200406	2	ch2_17
hcy	250000	ch2	337527717	337540190	12474	1	ch2_18
hcy	250000	ch2	339647583	339898489	250907	3	ch2_19
hcy	250000	ch2	341412368	341488567	76200	2	ch2_20
hcy	250000	ch2	341785594	342004806	219213	3	ch2_21
hcy	250000	ch2	343629298	344236659	607362	6	ch2_22
hcy	250000	ch2	344492703	344506295	13593	1	ch2_23
hcy	250000	ch2	345320590	345393312	72723	1	ch2_24
hcy	250000	ch2	345962347	345982430	20084	1	ch2_25
hcy	250000	ch2	346364098	346392676	28579	1	ch2_26
hcy	250000	ch2	347219006	347555374	336369	4	ch2_27
hcy	250000	ch2	349037446	349103514	66069	2	ch2_28
hcy	250000	ch2	349661856	349682864	21009	1	ch2_29
hcy	250000	ch2	349934827	350244748	309922	3	ch2_30
hcy	250000	ch2	352313583	352531033	217451	4	ch2_31
hcy	250000	ch2	353265775	353347102	81328	2	ch2_32
hcy	250000	ch2	353914839	354242242	327404	1	ch2_33
hcy	250000	ch2	355055110	355065725	10616	1	ch2_34
hcy	250000	ch2	355449479	355930865	481387	4	ch2_35
hcy	250000	ch2	356252224	356692852	440629	3	ch2_36
hcy	250000	ch2	357037279	357383852	346574	4	ch2_37
hcy	250000	ch2	358553148	358575412	22265	1	ch2_38
hcy	250000	ch2	359356452	359382733	26282	2	ch2_39
hcy	250000	ch2	361448554	362300376	851823	2	ch2_40
hcy	250000	ch2	362640064	362845103	205040	2	ch2_41
hcy	250000	ch2	363235850	363254593	18744	1	ch2_42
hcy	250000	ch2	363536503	363557772	21270	1	ch2_43
hcy	250000	ch2	363936966	364368760	431795	4	ch2_44
hcy	250000	ch2	365653877	365925274	271398	2	ch2_45
hcy	250000	ch2	366180254	366213811	33558	1	ch2_46
hcy	250000	ch2	367518191	367532053	13863	1	ch2_47
hcy	25000	chZ	9044211	9064075	19865	1	chZ_1
hcy	25000	chZ	10187134	10205703	18570	1	chZ_2
hcy	25000	chZ	10667452	10678459	11008	1	chZ_3
hcy	25000	chZ	10844107	10859972	15866	1	chZ_4
hcy	25000	chZ	11180174	11220175	40002	1	chZ_5
hcy	25000	chZ	11738178	11753862	15685	1	chZ_6
hcy	25000	chZ	12860874	13046257	185384	1	chZ_7
hcy	25000	chZ	13724274	13745835	21562	1	chZ_8
hcy	25000	chZ	13819474	13846211	26738	1	chZ_9
hcy	25000	chZ	14972067	14993198	21132	1	chZ_10
hcy	25000	chZ	15141660	15178358	36699	1	chZ_11
hcy	25000	chZ	15519904	15555200	35297	1	chZ_12
hcy	25000	chZ	17378815	17405532	26718	1	chZ_13
hcy	25000	chZ	17467819	17484936	17118	1	chZ_14
hcy	25000	chZ	17704968	17713302	8335	1	chZ_15
hcy	25000	chZ	17935207	17964708	29502	1	chZ_16
hcy	25000	chZ	18736129	18797460	61332	1	chZ_17
hcy	25000	chZ	18879556	18979858	100303	1	chZ_18
hcy	25000	chZ	19181040	19207030	25991	1	chZ_19
hcy	25000	chZ	19781570	19889940	108371	1	chZ_20
hcy	25000	chZ	19952573	19965383	12811	1	chZ_21
hcy	25000	chZ	20322647	20335809	13163	1	chZ_22
hcy	25000	chZ	20361846	20376263	14418	1	chZ_23
hcy	25000	chZ	20472552	20498435	25884	1	chZ_24
hcy	25000	chZ	20865862	20883314	17453	1	chZ_25
hcy	25000	chZ	21033488	21094268	60781	1	chZ_26
hcy	25000	chZ	23036184	23117358	81175	2	chZ_27
hcy	25000	chZ	23246775	23276601	29827	1	chZ_28
hcy	25000	chZ	52017011	52024818	7808	1	chZ_29
hcy	25000	chZ	53028569	53048758	20190	1	chZ_30
hcy	25000	chZ	54833423	54861026	27604	1	chZ_31
hcy	25000	chZ	55656890	55693601	36712	1	chZ_32
hcy	25000	chZ	55801649	55838109	36461	1	chZ_33
hcy	25000	chZ	55963565	55975011	11447	1	chZ_34
hcy	25000	chZ	56108656	56142347	33692	1	chZ_35
hcy	25000	chZ	56592629	56610435	17807	1	chZ_36
hcy	25000	chZ	67874958	67896100	21143	1	chZ_37
hcy	25000	chZ	68100369	68114872	14504	1	chZ_38
hcy	25000	chZ	119213022	119241896	28875	1	chZ_39
hcy	25000	chZ	119296804	119319103	22300	1	chZ_40
hcy	39810	chZ	9044211	9064075	19865	1	chZ_1
hcy	39810	chZ	10187134	10205703	18570	1	chZ_2
hcy	39810	chZ	10667452	10678459	11008	1	chZ_3
hcy	39810	chZ	10844107	10859972	15866	1	chZ_4
hcy	39810	chZ	11180174	11220175	40002	1	chZ_5
hcy	39810	chZ	11738178	11753862	15685	1	chZ_6
hcy	39810	chZ	12860874	13046257	185384	1	chZ_7
hcy	39810	chZ	13724274	13745835	21562	1	chZ_8
hcy	39810	chZ	13819474	13846211	26738	1	chZ_9
hcy	39810	chZ	14972067	14993198	21132	1	chZ_10
hcy	39810	chZ	15141660	15178358	36699	1	chZ_11
hcy	39810	chZ	15519904	15555200	35297	1	chZ_12
hcy	39810	chZ	17378815	17405532	26718	1	chZ_13
hcy	39810	chZ	17467819	17484936	17118	1	chZ_14
hcy	39810	chZ	17704968	17713302	8335	1	chZ_15
hcy	39810	chZ	17935207	17964708	29502	1	chZ_16
hcy	39810	chZ	18736129	18797460	61332	1	chZ_17
hcy	39810	chZ	18879556	18979858	100303	1	chZ_18
hcy	39810	chZ	19181040	19207030	25991	1	chZ_19
hcy	39810	chZ	19781570	19889940	108371	1	chZ_20
hcy	39810	chZ	19952573	19965383	12811	1	chZ_21
hcy	39810	chZ	20322647	20376263	53617	2	chZ_22
hcy	39810	chZ	20472552	20498435	25884	1	chZ_23
hcy	39810	chZ	20865862	20883314	17453	1	chZ_24
hcy	39810	chZ	21033488	21094268	60781	1	chZ_25
hcy	39810	chZ	23036184	23117358	81175	2	chZ_26
hcy	39810	chZ	23246775	23276601	29827	1	chZ_27
hcy	39810	chZ	52017011	52024818	7808	1	chZ_28
hcy	39810	chZ	53028569	53048758	20190	1	chZ_29
hcy	39810	chZ	54833423	54861026	27604	1	chZ_30
hcy	39810	chZ	55656890	55693601	36712	1	chZ_31
hcy	39810	chZ	55801649	55838109	36461	1	chZ_32
hcy	39810	chZ	55963565	55975011	11447	1	chZ_33
hcy	39810	chZ	56108656	56142347	33692	1	chZ_34
hcy	39810	chZ	56592629	56610435	17807	1	chZ_35
hcy	39810	chZ	67874958	67896100	21143	1	chZ_36
hcy	39810	chZ	68100369	68114872	14504	1	chZ_37
hcy	39810	chZ	119213022	119241896	28875	1	chZ_38
hcy	39810	chZ	119296804	119319103	22300	1	chZ_39
hcy	50000	chZ	9044211	9064075	19865	1	chZ_1
hcy	50000	chZ	10187134	10205703	18570	1	chZ_2
hcy	50000	chZ	10667452	10678459	11008	1	chZ_3
hcy	50000	chZ	10844107	10859972	15866	1	chZ_4
hcy	50000	chZ	11180174	11220175	40002	1	chZ_5
hcy	50000	chZ	11738178	11753862	15685	1	chZ_6
hcy	50000	chZ	12860874	13046257	185384	1	chZ_7
hcy	50000	chZ	13724274	13745835	21562	1	chZ_8
hcy	50000	chZ	13819474	13846211	26738	1	chZ_9
hcy	50000	chZ	14972067	14993198	21132	1	chZ_10
hcy	50000	chZ	15141660	15178358	36699	1	chZ_11
hcy	50000	chZ	15519904	15555200	35297	1	chZ_12
hcy	50000	chZ	17378815	17405532	26718	1	chZ_13
hcy	50000	chZ	17467819	17484936	17118	1	chZ_14
hcy	50000	chZ	17704968	17713302	8335	1	chZ_15
hcy	50000	chZ	17935207	17964708	29502	1	chZ_16
hcy	50000	chZ	18736129	18797460	61332	1	chZ_17
hcy	50000	chZ	18879556	18979858	100303	1	chZ_18
hcy	50000	chZ	19181040	19207030	25991	1	chZ_19
hcy	50000	chZ	19781570	19889940	108371	1	chZ_20
hcy	50000	chZ	19952573	19965383	12811	1	chZ_21
hcy	50000	chZ	20322647	20376263	53617	2	chZ_22
hcy	50000	chZ	20472552	20498435	25884	1	chZ_23
hcy	50000	chZ	20865862	20883314	17453	1	chZ_24
hcy	50000	chZ	21033488	21094268	60781	1	chZ_25
hcy	50000	chZ	23036184	23117358	81175	2	chZ_26
hcy	50000	chZ	23246775	23276601	29827	1	chZ_27
hcy	50000	chZ	52017011	52024818	7808	1	chZ_28
hcy	50000	chZ	53028569	53048758	20190	1	chZ_29
hcy	50000	chZ	54833423	54861026	27604	1	chZ_30
hcy	50000	chZ	55656890	55693601	36712	1	chZ_31
hcy	50000	chZ	55801649	55838109	36461	1	chZ_32
hcy	50000	chZ	55963565	55975011	11447	1	chZ_33
hcy	50000	chZ	56108656	56142347	33692	1	chZ_34
hcy	50000	chZ	56592629	56610435	17807	1	chZ_35
hcy	50000	chZ	67874958	67896100	21143	1	chZ_36
hcy	50000	chZ	68100369	68114872	14504	1	chZ_37
hcy	50000	chZ	119213022	119241896	28875	1	chZ_38
hcy	50000	chZ	119296804	119319103	22300	1	chZ_39
hcy	100000	chZ	9044211	9064075	19865	1	chZ_1
hcy	100000	chZ	10187134	10205703	18570	1	chZ_2
hcy	100000	chZ	10667452	10678459	11008	1	chZ_3
hcy	100000	chZ	10844107	10859972	15866	1	chZ_4
hcy	100000	chZ	11180174	11220175	40002	1	chZ_5
hcy	100000	chZ	11738178	11753862	15685	1	chZ_6
hcy	100000	chZ	12860874	13046257	185384	1	chZ_7
hcy	100000	chZ	13724274	13846211	121938	2	chZ_8
hcy	100000	chZ	14972067	14993198	21132	1	chZ_9
hcy	100000	chZ	15141660	15178358	36699	1	chZ_10
hcy	100000	chZ	15519904	15555200	35297	1	chZ_11
hcy	100000	chZ	17378815	17484936	106122	2	chZ_12
hcy	100000	chZ	17704968	17713302	8335	1	chZ_13
hcy	100000	chZ	17935207	17964708	29502	1	chZ_14
hcy	100000	chZ	18736129	18979858	243730	2	chZ_15
hcy	100000	chZ	19181040	19207030	25991	1	chZ_16
hcy	100000	chZ	19781570	19965383	183814	2	chZ_17
hcy	100000	chZ	20322647	20498435	175789	3	chZ_18
hcy	100000	chZ	20865862	20883314	17453	1	chZ_19
hcy	100000	chZ	21033488	21094268	60781	1	chZ_20
hcy	100000	chZ	23036184	23117358	81175	2	chZ_21
hcy	100000	chZ	23246775	23276601	29827	1	chZ_22
hcy	100000	chZ	52017011	52024818	7808	1	chZ_23
hcy	100000	chZ	53028569	53048758	20190	1	chZ_24
hcy	100000	chZ	54833423	54861026	27604	1	chZ_25
hcy	100000	chZ	55656890	55693601	36712	1	chZ_26
hcy	100000	chZ	55801649	55838109	36461	1	chZ_27
hcy	100000	chZ	55963565	55975011	11447	1	chZ_28
hcy	100000	chZ	56108656	56142347	33692	1	chZ_29
hcy	100000	chZ	56592629	56610435	17807	1	chZ_30
hcy	100000	chZ	67874958	67896100	21143	1	chZ_31
hcy	100000	chZ	68100369	68114872	14504	1	chZ_32
hcy	100000	chZ	119213022	119319103	106082	2	chZ_33
hcy	250000	chZ	9044211	9064075	19865	1	chZ_1
hcy	250000	chZ	10187134	10205703	18570	1	chZ_2
hcy	250000	chZ	10667452	10859972	192521	2	chZ_3
hcy	250000	chZ	11180174	11220175	40002	1	chZ_4
hcy	250000	chZ	11738178	11753862	15685	1	chZ_5
hcy	250000	chZ	12860874	13046257	185384	1	chZ_6
hcy	250000	chZ	13724274	13846211	121938	2	chZ_7
hcy	250000	chZ	14972067	15178358	206292	2	chZ_8
hcy	250000	chZ	15519904	15555200	35297	1	chZ_9
hcy	250000	chZ	17378815	17964708	585894	4	chZ_10
hcy	250000	chZ	18736129	19207030	470902	3	chZ_11
hcy	250000	chZ	19781570	19965383	183814	2	chZ_12
hcy	250000	chZ	20322647	20498435	175789	3	chZ_13
hcy	250000	chZ	20865862	21094268	228407	2	chZ_14
hcy	250000	chZ	23036184	23276601	240418	3	chZ_15
hcy	250000	chZ	52017011	52024818	7808	1	chZ_16
hcy	250000	chZ	53028569	53048758	20190	1	chZ_17
hcy	250000	chZ	54833423	54861026	27604	1	chZ_18
hcy	250000	chZ	55656890	56142347	485458	4	chZ_19
hcy	250000	chZ	56592629	56610435	17807	1	chZ_20
hcy	250000	chZ	67874958	68114872	239915	2	chZ_21
hcy	250000	chZ	119213022	119319103	106082	2	chZ_22
hcurw	25000	ch2	323503776	323532095	28320	1	ch2_1
hcurw	25000	ch2	323627922	323682966	55045	1	ch2_2
hcurw	25000	ch2	323987121	324003181	16061	1	ch2_3
hcurw	25000	ch2	324098266	324109407	11142	1	ch2_4
hcurw	25000	ch2	325459241	325485825	26585	1	ch2_5
hcurw	25000	ch2	325633021	325651480	18460	1	ch2_6
hcurw	25000	ch2	325728199	325744579	16381	1	ch2_7
hcurw	25000	ch2	325938069	325965267	27199	1	ch2_8
hcurw	25000	ch2	326072238	326083701	11464	1	ch2_9
hcurw	25000	ch2	326128804	326145458	16655	1	ch2_10
hcurw	25000	ch2	327142734	327156688	13955	1	ch2_11
hcurw	25000	ch2	327627698	327651492	23795	1	ch2_12
hcurw	25000	ch2	330411375	330434246	22872	1	ch2_13
hcurw	25000	ch2	331192218	331229577	37360	1	ch2_14
hcurw	25000	ch2	331788075	331888342	100268	3	ch2_15
hcurw	25000	ch2	336126978	336144051	17074	1	ch2_16
hcurw	25000	ch2	340091635	340128696	37062	1	ch2_17
hcurw	25000	ch2	340872443	340886038	13596	1	ch2_18
hcurw	25000	ch2	341487469	341500648	13180	1	ch2_19
hcurw	25000	ch2	341627881	341634782	6902	1	ch2_20
hcurw	25000	ch2	343072541	343093883	21343	1	ch2_21
hcurw	25000	ch2	343582445	343601141	18697	1	ch2_22
hcurw	25000	ch2	343643146	343748639	105494	3	ch2_23
hcurw	25000	ch2	343868311	344061322	193012	3	ch2_24
hcurw	25000	ch2	345008745	345037407	28663	1	ch2_25
hcurw	25000	ch2	345340881	345371529	30649	1	ch2_26
hcurw	25000	ch2	345617495	345637470	19976	1	ch2_27
hcurw	25000	ch2	346756131	346768140	12010	1	ch2_28
hcurw	25000	ch2	346900212	346915050	14839	1	ch2_29
hcurw	25000	ch2	346957330	346980879	23550	1	ch2_30
hcurw	25000	ch2	347256311	347273485	17175	1	ch2_31
hcurw	25000	ch2	347352756	347389654	36899	1	ch2_32
hcurw	25000	ch2	347417981	347437744	19764	1	ch2_33
hcurw	25000	ch2	347536062	347730337	194276	1	ch2_34
hcurw	25000	ch2	347788902	347796629	7728	1	ch2_35
hcurw	25000	ch2	348408992	348453606	44615	2	ch2_36
hcurw	25000	ch2	348597352	348690974	93623	3	ch2_37
hcurw	25000	ch2	348838996	348900538	61543	2	ch2_38
hcurw	25000	ch2	348945830	348957826	11997	1	ch2_39
hcurw	25000	ch2	349227581	349245682	18102	1	ch2_40
hcurw	25000	ch2	349283116	349305874	22759	1	ch2_41
hcurw	25000	ch2	349376830	349404712	27883	1	ch2_42
hcurw	25000	ch2	349665436	349687518	22083	1	ch2_43
hcurw	25000	ch2	349800894	349810306	9413	1	ch2_44
hcurw	25000	ch2	351836436	351850714	14279	1	ch2_45
hcurw	25000	ch2	351979081	351994345	15265	1	ch2_46
hcurw	25000	ch2	352068678	352104193	35516	2	ch2_47
hcurw	25000	ch2	352361613	352374512	12900	1	ch2_48
hcurw	25000	ch2	352552506	352589809	37304	1	ch2_49
hcurw	25000	ch2	352829926	352836487	6562	1	ch2_50
hcurw	25000	ch2	353874879	353883926	9048	1	ch2_51
hcurw	25000	ch2	354064987	354074968	9982	1	ch2_52
hcurw	25000	ch2	354843791	354878809	35019	1	ch2_53
hcurw	25000	ch2	357004761	357042076	37316	1	ch2_54
hcurw	25000	ch2	357445083	357450107	5025	1	ch2_55
hcurw	25000	ch2	357677220	357696769	19550	1	ch2_56
hcurw	25000	ch2	359680622	359754149	73528	2	ch2_57
hcurw	25000	ch2	359852031	359862753	10723	1	ch2_58
hcurw	25000	ch2	360054937	360092719	37783	2	ch2_59
hcurw	25000	ch2	360784657	360800296	15640	1	ch2_60
hcurw	25000	ch2	360921359	360949950	28592	1	ch2_61
hcurw	25000	ch2	360985744	360992405	6662	1	ch2_62
hcurw	25000	ch2	361237155	361247523	10369	1	ch2_63
hcurw	25000	ch2	361870487	361893921	23435	1	ch2_64
hcurw	25000	ch2	362233836	362278176	44341	2	ch2_65
hcurw	25000	ch2	362740030	362748144	8115	1	ch2_66
hcurw	25000	ch2	362824506	362829514	5009	1	ch2_67
hcurw	25000	ch2	363325439	363427922	102484	2	ch2_68
hcurw	25000	ch2	366257862	366276523	18662	1	ch2_69
hcurw	25000	ch2	367415846	367430131	14286	1	ch2_70
hcurw	25000	ch2	367627619	367641900	14282	1	ch2_71
hcurw	25000	ch2	367917331	367931636	14306	1	ch2_72
hcurw	25000	ch2	368251933	368274224	22292	1	ch2_73
hcurw	25000	ch2	369014602	369056529	41928	2	ch2_74
hcurw	25000	ch2	369284261	369304598	20338	1	ch2_75
hcurw	25000	ch2	375041210	375056229	15020	1	ch2_76
hcurw	25000	ch2	375203161	375211323	8163	1	ch2_77
hcurw	25000	ch2	375295424	375308033	12610	1	ch2_78
hcurw	25000	ch2	381088884	381106968	18085	1	ch2_79
hcurw	39810	ch2	323503776	323532095	28320	1	ch2_1
hcurw	39810	ch2	323627922	323682966	55045	1	ch2_2
hcurw	39810	ch2	323987121	324003181	16061	1	ch2_3
hcurw	39810	ch2	324098266	324109407	11142	1	ch2_4
hcurw	39810	ch2	325459241	325485825	26585	1	ch2_5
hcurw	39810	ch2	325633021	325651480	18460	1	ch2_6
hcurw	39810	ch2	325728199	325744579	16381	1	ch2_7
hcurw	39810	ch2	325938069	325965267	27199	1	ch2_8
hcurw	39810	ch2	326072238	326083701	11464	1	ch2_9
hcurw	39810	ch2	326128804	326145458	16655	1	ch2_10
hcurw	39810	ch2	327142734	327156688	13955	1	ch2_11
hcurw	39810	ch2	327627698	327651492	23795	1	ch2_12
hcurw	39810	ch2	330411375	330434246	22872	1	ch2_13
hcurw	39810	ch2	331192218	331229577	37360	1	ch2_14
hcurw	39810	ch2	331788075	331888342	100268	3	ch2_15
hcurw	39810	ch2	336126978	336144051	17074	1	ch2_16
hcurw	39810	ch2	340091635	340128696	37062	1	ch2_17
hcurw	39810	ch2	340872443	340886038	13596	1	ch2_18
hcurw	39810	ch2	341487469	341500648	13180	1	ch2_19
hcurw	39810	ch2	341627881	341634782	6902	1	ch2_20
hcurw	39810	ch2	343072541	343093883	21343	1	ch2_21
hcurw	39810	ch2	343582445	343601141	18697	1	ch2_22
hcurw	39810	ch2	343643146	343748639	105494	3	ch2_23
hcurw	39810	ch2	343868311	344061322	193012	3	ch2_24
hcurw	39810	ch2	345008745	345037407	28663	1	ch2_25
hcurw	39810	ch2	345340881	345371529	30649	1	ch2_26
hcurw	39810	ch2	345617495	345637470	19976	1	ch2_27
hcurw	39810	ch2	346756131	346768140	12010	1	ch2_28
hcurw	39810	ch2	346900212	346915050	14839	1	ch2_29
hcurw	39810	ch2	346957330	346980879	23550	1	ch2_30
hcurw	39810	ch2	347256311	347273485	17175	1	ch2_31
hcurw	39810	ch2	347352756	347437744	84989	2	ch2_32
hcurw	39810	ch2	347536062	347730337	194276	1	ch2_33
hcurw	39810	ch2	347788902	347796629	7728	1	ch2_34
hcurw	39810	ch2	348408992	348453606	44615	2	ch2_35
hcurw	39810	ch2	348597352	348690974	93623	3	ch2_36
hcurw	39810	ch2	348838996	348900538	61543	2	ch2_37
hcurw	39810	ch2	348945830	348957826	11997	1	ch2_38
hcurw	39810	ch2	349227581	349305874	78294	2	ch2_39
hcurw	39810	ch2	349376830	349404712	27883	1	ch2_40
hcurw	39810	ch2	349665436	349687518	22083	1	ch2_41
hcurw	39810	ch2	349800894	349810306	9413	1	ch2_42
hcurw	39810	ch2	351836436	351850714	14279	1	ch2_43
hcurw	39810	ch2	351979081	351994345	15265	1	ch2_44
hcurw	39810	ch2	352068678	352104193	35516	2	ch2_45
hcurw	39810	ch2	352361613	352374512	12900	1	ch2_46
hcurw	39810	ch2	352552506	352589809	37304	1	ch2_47
hcurw	39810	ch2	352829926	352836487	6562	1	ch2_48
hcurw	39810	ch2	353874879	353883926	9048	1	ch2_49
hcurw	39810	ch2	354064987	354074968	9982	1	ch2_50
hcurw	39810	ch2	354843791	354878809	35019	1	ch2_51
hcurw	39810	ch2	357004761	357042076	37316	1	ch2_52
hcurw	39810	ch2	357445083	357450107	5025	1	ch2_53
hcurw	39810	ch2	357677220	357696769	19550	1	ch2_54
hcurw	39810	ch2	359680622	359754149	73528	2	ch2_55
hcurw	39810	ch2	359852031	359862753	10723	1	ch2_56
hcurw	39810	ch2	360054937	360092719	37783	2	ch2_57
hcurw	39810	ch2	360784657	360800296	15640	1	ch2_58
hcurw	39810	ch2	360921359	360992405	71047	2	ch2_59
hcurw	39810	ch2	361237155	361247523	10369	1	ch2_60
hcurw	39810	ch2	361870487	361893921	23435	1	ch2_61
hcurw	39810	ch2	362233836	362278176	44341	2	ch2_62
hcurw	39810	ch2	362740030	362748144	8115	1	ch2_63
hcurw	39810	ch2	362824506	362829514	5009	1	ch2_64
hcurw	39810	ch2	363325439	363427922	102484	2	ch2_65
hcurw	39810	ch2	366257862	366276523	18662	1	ch2_66
hcurw	39810	ch2	367415846	367430131	14286	1	ch2_67
hcurw	39810	ch2	367627619	367641900	14282	1	ch2_68
hcurw	39810	ch2	367917331	367931636	14306	1	ch2_69
hcurw	39810	ch2	368251933	368274224	22292	1	ch2_70
hcurw	39810	ch2	369014602	369056529	41928	2	ch2_71
hcurw	39810	ch2	369284261	369304598	20338	1	ch2_72
hcurw	39810	ch2	375041210	375056229	15020	1	ch2_73
hcurw	39810	ch2	375203161	375211323	8163	1	ch2_74
hcurw	39810	ch2	375295424	375308033	12610	1	ch2_75
hcurw	39810	ch2	381088884	381106968	18085	1	ch2_76
hcurw	50000	ch2	323503776	323532095	28320	1	ch2_1
hcurw	50000	ch2	323627922	323682966	55045	1	ch2_2
hcurw	50000	ch2	323987121	324003181	16061	1	ch2_3
hcurw	50000	ch2	324098266	324109407	11142	1	ch2_4
hcurw	50000	ch2	325459241	325485825	26585	1	ch2_5
hcurw	50000	ch2	325633021	325651480	18460	1	ch2_6
hcurw	50000	ch2	325728199	325744579	16381	1	ch2_7
hcurw	50000	ch2	325938069	325965267	27199	1	ch2_8
hcurw	50000	ch2	326072238	326145458	73221	2	ch2_9
hcurw	50000	ch2	327142734	327156688	13955	1	ch2_10
hcurw	50000	ch2	327627698	327651492	23795	1	ch2_11
hcurw	50000	ch2	330411375	330434246	22872	1	ch2_12
hcurw	50000	ch2	331192218	331229577	37360	1	ch2_13
hcurw	50000	ch2	331788075	331888342	100268	3	ch2_14
hcurw	50000	ch2	336126978	336144051	17074	1	ch2_15
hcurw	50000	ch2	340091635	340128696	37062	1	ch2_16
hcurw	50000	ch2	340872443	340886038	13596	1	ch2_17
hcurw	50000	ch2	341487469	341500648	13180	1	ch2_18
hcurw	50000	ch2	341627881	341634782	6902	1	ch2_19
hcurw	50000	ch2	343072541	343093883	21343	1	ch2_20
hcurw	50000	ch2	343582445	343748639	166195	4	ch2_21
hcurw	50000	ch2	343868311	344061322	193012	3	ch2_22
hcurw	50000	ch2	345008745	345037407	28663	1	ch2_23
hcurw	50000	ch2	345340881	345371529	30649	1	ch2_24
hcurw	50000	ch2	345617495	345637470	19976	1	ch2_25
hcurw	50000	ch2	346756131	346768140	12010	1	ch2_26
hcurw	50000	ch2	346900212	346980879	80668	2	ch2_27
hcurw	50000	ch2	347256311	347273485	17175	1	ch2_28
hcurw	50000	ch2	347352756	347437744	84989	2	ch2_29
hcurw	50000	ch2	347536062	347730337	194276	1	ch2_30
hcurw	50000	ch2	347788902	347796629	7728	1	ch2_31
hcurw	50000	ch2	348408992	348453606	44615	2	ch2_32
hcurw	50000	ch2	348597352	348690974	93623	3	ch2_33
hcurw	50000	ch2	348838996	348957826	118831	3	ch2_34
hcurw	50000	ch2	349227581	349305874	78294	2	ch2_35
hcurw	50000	ch2	349376830	349404712	27883	1	ch2_36
hcurw	50000	ch2	349665436	349687518	22083	1	ch2_37
hcurw	50000	ch2	349800894	349810306	9413	1	ch2_38
hcurw	50000	ch2	351836436	351850714	14279	1	ch2_39
hcurw	50000	ch2	351979081	351994345	15265	1	ch2_40
hcurw	50000	ch2	352068678	352104193	35516	2	ch2_41
hcurw	50000	ch2	352361613	352374512	12900	1	ch2_42
hcurw	50000	ch2	352552506	352589809	37304	1	ch2_43
hcurw	50000	ch2	352829926	352836487	6562	1	ch2_44
hcurw	50000	ch2	353874879	353883926	9048	1	ch2_45
hcurw	50000	ch2	354064987	354074968	9982	1	ch2_46
hcurw	50000	ch2	354843791	354878809	35019	1	ch2_47
hcurw	50000	ch2	357004761	357042076	37316	1	ch2_48
hcurw	50000	ch2	357445083	357450107	5025	1	ch2_49
hcurw	50000	ch2	357677220	357696769	19550	1	ch2_50
hcurw	50000	ch2	359680622	359754149	73528	2	ch2_51
hcurw	50000	ch2	359852031	359862753	10723	1	ch2_52
hcurw	50000	ch2	360054937	360092719	37783	2	ch2_53
hcurw	50000	ch2	360784657	360800296	15640	1	ch2_54
hcurw	50000	ch2	360921359	360992405	71047	2	ch2_55
hcurw	50000	ch2	361237155	361247523	10369	1	ch2_56
hcurw	50000	ch2	361870487	361893921	23435	1	ch2_57
hcurw	50000	ch2	362233836	362278176	44341	2	ch2_58
hcurw	50000	ch2	362740030	362748144	8115	1	ch2_59
hcurw	50000	ch2	362824506	362829514	5009	1	ch2_60
hcurw	50000	ch2	363325439	363427922	102484	2	ch2_61
hcurw	50000	ch2	366257862	366276523	18662	1	ch2_62
hcurw	50000	ch2	367415846	367430131	14286	1	ch2_63
hcurw	50000	ch2	367627619	367641900	14282	1	ch2_64
hcurw	50000	ch2	367917331	367931636	14306	1	ch2_65
hcurw	50000	ch2	368251933	368274224	22292	1	ch2_66
hcurw	50000	ch2	369014602	369056529	41928	2	ch2_67
hcurw	50000	ch2	369284261	369304598	20338	1	ch2_68
hcurw	50000	ch2	375041210	375056229	15020	1	ch2_69
hcurw	50000	ch2	375203161	375211323	8163	1	ch2_70
hcurw	50000	ch2	375295424	375308033	12610	1	ch2_71
hcurw	50000	ch2	381088884	381106968	18085	1	ch2_72
hcurw	100000	ch2	323503776	323682966	179191	2	ch2_1
hcurw	100000	ch2	323987121	324109407	122287	2	ch2_2
hcurw	100000	ch2	325459241	325485825	26585	1	ch2_3
hcurw	100000	ch2	325633021	325744579	111559	2	ch2_4
hcurw	100000	ch2	325938069	325965267	27199	1	ch2_5
hcurw	100000	ch2	326072238	326145458	73221	2	ch2_6
hcurw	100000	ch2	327142734	327156688	13955	1	ch2_7
hcurw	100000	ch2	327627698	327651492	23795	1	ch2_8
hcurw	100000	ch2	330411375	330434246	22872	1	ch2_9
hcurw	100000	ch2	331192218	331229577	37360	1	ch2_10
hcurw	100000	ch2	331788075	331888342	100268	3	ch2_11
hcurw	100000	ch2	336126978	336144051	17074	1	ch2_12
hcurw	100000	ch2	340091635	340128696	37062	1	ch2_13
hcurw	100000	ch2	340872443	340886038	13596	1	ch2_14
hcurw	100000	ch2	341487469	341500648	13180	1	ch2_15
hcurw	100000	ch2	341627881	341634782	6902	1	ch2_16
hcurw	100000	ch2	343072541	343093883	21343	1	ch2_17
hcurw	100000	ch2	343582445	343748639	166195	4	ch2_18
hcurw	100000	ch2	343868311	344061322	193012	3	ch2_19
hcurw	100000	ch2	345008745	345037407	28663	1	ch2_20
hcurw	100000	ch2	345340881	345371529	30649	1	ch2_21
hcurw	100000	ch2	345617495	345637470	19976	1	ch2_22
hcurw	100000	ch2	346756131	346768140	12010	1	ch2_23
hcurw	100000	ch2	346900212	346980879	80668	2	ch2_24
hcurw	100000	ch2	347256311	347796629	540319	5	ch2_25
hcurw	100000	ch2	348408992	348453606	44615	2	ch2_26
hcurw	100000	ch2	348597352	348690974	93623	3	ch2_27
hcurw	100000	ch2	348838996	348957826	118831	3	ch2_28
hcurw	100000	ch2	349227581	349404712	177132	3	ch2_29
hcurw	100000	ch2	349665436	349687518	22083	1	ch2_30
hcurw	100000	ch2	349800894	349810306	9413	1	ch2_31
hcurw	100000	ch2	351836436	351850714	14279	1	ch2_32
hcurw	100000	ch2	351979081	352104193	125113	3	ch2_33
hcurw	100000	ch2	352361613	352374512	12900	1	ch2_34
hcurw	100000	ch2	352552506	352589809	37304	1	ch2_35
hcurw	100000	ch2	352829926	352836487	6562	1	ch2_36
hcurw	100000	ch2	353874879	353883926	9048	1	ch2_37
hcurw	100000	ch2	354064987	354074968	9982	1	ch2_38
hcurw	100000	ch2	354843791	354878809	35019	1	ch2_39
hcurw	100000	ch2	357004761	357042076	37316	1	ch2_40
hcurw	100000	ch2	357445083	357450107	5025	1	ch2_41
hcurw	100000	ch2	357677220	357696769	19550	1	ch2_42
hcurw	100000	ch2	359680622	359862753	182132	3	ch2_43
hcurw	100000	ch2	360054937	360092719	37783	2	ch2_44
hcurw	100000	ch2	360784657	360800296	15640	1	ch2_45
hcurw	100000	ch2	360921359	360992405	71047	2	ch2_46
hcurw	100000	ch2	361237155	361247523	10369	1	ch2_47
hcurw	100000	ch2	361870487	361893921	23435	1	ch2_48
hcurw	100000	ch2	362233836	362278176	44341	2	ch2_49
hcurw	100000	ch2	362740030	362829514	89485	2	ch2_50
hcurw	100000	ch2	363325439	363427922	102484	2	ch2_51
hcurw	100000	ch2	366257862	366276523	18662	1	ch2_52
hcurw	100000	ch2	367415846	367430131	14286	1	ch2_53
hcurw	100000	ch2	367627619	367641900	14282	1	ch2_54
hcurw	100000	ch2	367917331	367931636	14306	1	ch2_55
hcurw	100000	ch2	368251933	368274224	22292	1	ch2_56
hcurw	100000	ch2	369014602	369056529	41928	2	ch2_57
hcurw	100000	ch2	369284261	369304598	20338	1	ch2_58
hcurw	100000	ch2	375041210	375056229	15020	1	ch2_59
hcurw	100000	ch2	375203161	375308033	104873	2	ch2_60
hcurw	100000	ch2	381088884	381106968	18085	1	ch2_61
hcurw	250000	ch2	323503776	323682966	179191	2	ch2_1
hcurw	250000	ch2	323987121	324109407	122287	2	ch2_2
hcurw	250000	ch2	325459241	326145458	686218	6	ch2_3
hcurw	250000	ch2	327142734	327156688	13955	1	ch2_4
hcurw	250000	ch2	327627698	327651492	23795	1	ch2_5
hcurw	250000	ch2	330411375	330434246	22872	1	ch2_6
hcurw	250000	ch2	331192218	331229577	37360	1	ch2_7
hcurw	250000	ch2	331788075	331888342	100268	3	ch2_8
hcurw	250000	ch2	336126978	336144051	17074	1	ch2_9
hcurw	250000	ch2	340091635	340128696	37062	1	ch2_10
hcurw	250000	ch2	340872443	340886038	13596	1	ch2_11
hcurw	250000	ch2	341487469	341634782	147314	2	ch2_12
hcurw	250000	ch2	343072541	343093883	21343	1	ch2_13
hcurw	250000	ch2	343582445	344061322	478878	7	ch2_14
hcurw	250000	ch2	345008745	345037407	28663	1	ch2_15
hcurw	250000	ch2	345340881	345637470	296590	2	ch2_16
hcurw	250000	ch2	346756131	346980879	224749	3	ch2_17
hcurw	250000	ch2	347256311	347796629	540319	5	ch2_18
hcurw	250000	ch2	348408992	348957826	548835	8	ch2_19
hcurw	250000	ch2	349227581	349404712	177132	3	ch2_20
hcurw	250000	ch2	349665436	349810306	144871	2	ch2_21
hcurw	250000	ch2	351836436	352104193	267758	4	ch2_22
hcurw	250000	ch2	352361613	352836487	474875	3	ch2_23
hcurw	250000	ch2	353874879	354074968	200090	2	ch2_24
hcurw	250000	ch2	354843791	354878809	35019	1	ch2_25
hcurw	250000	ch2	357004761	357042076	37316	1	ch2_26
hcurw	250000	ch2	357445083	357696769	251687	2	ch2_27
hcurw	250000	ch2	359680622	360092719	412098	5	ch2_28
hcurw	250000	ch2	360784657	361247523	462867	4	ch2_29
hcurw	250000	ch2	361870487	361893921	23435	1	ch2_30
hcurw	250000	ch2	362233836	362278176	44341	2	ch2_31
hcurw	250000	ch2	362740030	362829514	89485	2	ch2_32
hcurw	250000	ch2	363325439	363427922	102484	2	ch2_33
hcurw	250000	ch2	366257862	366276523	18662	1	ch2_34
hcurw	250000	ch2	367415846	367641900	226055	2	ch2_35
hcurw	250000	ch2	367917331	367931636	14306	1	ch2_36
hcurw	250000	ch2	368251933	368274224	22292	1	ch2_37
hcurw	250000	ch2	369014602	369304598	289997	3	ch2_38
hcurw	250000	ch2	375041210	375308033	266824	3	ch2_39
hcurw	250000	ch2	381088884	381106968	18085	1	ch2_40
hcurw	25000	chZ	7914392	8026248	111857	2	chZ_1
hcurw	25000	chZ	8094258	8134010	39753	1	chZ_2
hcurw	25000	chZ	8345405	8365745	20341	1	chZ_3
hcurw	25000	chZ	8897421	8919630	22210	1	chZ_4
hcurw	25000	chZ	9158969	9173192	14224	1	chZ_5
hcurw	25000	chZ	9377718	9393622	15905	1	chZ_6
hcurw	25000	chZ	11944733	11961642	16910	1	chZ_7
hcurw	25000	chZ	12052552	12079373	26822	1	chZ_8
hcurw	25000	chZ	13337945	13359058	21114	1	chZ_9
hcurw	25000	chZ	13427347	13539952	112606	2	chZ_10
hcurw	25000	chZ	13724827	13801480	76654	1	chZ_11
hcurw	25000	chZ	15750837	15808134	57298	1	chZ_12
hcurw	25000	chZ	16003457	16011775	8319	1	chZ_13
hcurw	25000	chZ	16957816	16969646	11831	1	chZ_14
hcurw	25000	chZ	17368208	17510008	141801	1	chZ_15
hcurw	25000	chZ	17629021	17656668	27648	1	chZ_16
hcurw	25000	chZ	18244261	18325688	81428	1	chZ_17
hcurw	25000	chZ	18454999	18467908	12910	1	chZ_18
hcurw	25000	chZ	18833004	18883752	50749	2	chZ_19
hcurw	25000	chZ	18988413	19025865	37453	1	chZ_20
hcurw	25000	chZ	19495318	19555350	60033	1	chZ_21
hcurw	25000	chZ	19636538	19655406	18869	1	chZ_22
hcurw	25000	chZ	21647231	21724890	77660	2	chZ_23
hcurw	25000	chZ	21834382	21862960	28579	1	chZ_24
hcurw	25000	chZ	21975235	21999163	23929	1	chZ_25
hcurw	25000	chZ	22033837	22054997	21161	1	chZ_26
hcurw	25000	chZ	22422673	22439389	16717	1	chZ_27
hcurw	25000	chZ	34046105	34063940	17836	1	chZ_28
hcurw	25000	chZ	34505909	34539573	33665	1	chZ_29
hcurw	25000	chZ	34844886	34899746	54861	1	chZ_30
hcurw	25000	chZ	35833065	35867559	34495	1	chZ_31
hcurw	25000	chZ	37471322	37498809	27488	1	chZ_32
hcurw	25000	chZ	38790890	38798682	7793	1	chZ_33
hcurw	25000	chZ	38839694	38847473	7780	1	chZ_34
hcurw	25000	chZ	38943911	38951697	7787	1	chZ_35
hcurw	25000	chZ	182811109	182822231	11123	1	chZ_36
hcurw	25000	chZ	185619739	185634965	15227	1	chZ_37
hcurw	25000	chZ	186997808	187019952	22145	1	chZ_38
hcurw	25000	chZ	187325092	187424763	99672	1	chZ_39
hcurw	25000	chZ	187637219	187653957	16739	1	chZ_40
hcurw	25000	chZ	187831718	187844748	13031	1	chZ_41
hcurw	25000	chZ	187914205	187926378	12174	1	chZ_42
hcurw	25000	chZ	187958643	187970933	12291	1	chZ_43
hcurw	25000	chZ	188223039	188239774	16736	1	chZ_44
hcurw	25000	chZ	189328197	189346497	18301	1	chZ_45
hcurw	25000	chZ	191910109	191925726	15618	1	chZ_46
hcurw	25000	chZ	191986377	192009715	23339	1	chZ_47
hcurw	25000	chZ	192121832	192138031	16200	1	chZ_48
hcurw	25000	chZ	192515767	192593400	77634	2	chZ_49
hcurw	25000	chZ	192849807	192870210	20404	1	chZ_50
hcurw	25000	chZ	193510903	193527641	16739	1	chZ_51
hcurw	25000	chZ	195428315	195441590	13276	1	chZ_52
hcurw	25000	chZ	195710883	195811578	100696	1	chZ_53
hcurw	25000	chZ	196263427	196320236	56810	1	chZ_54
hcurw	25000	chZ	196778066	196784437	6372	1	chZ_55
hcurw	25000	chZ	196997479	197009625	12147	1	chZ_56
hcurw	25000	chZ	197954475	198573811	619337	2	chZ_57
hcurw	25000	chZ	198669480	198682973	13494	1	chZ_58
hcurw	25000	chZ	198728533	198741643	13111	1	chZ_59
hcurw	25000	chZ	198916209	198932157	15949	1	chZ_60
hcurw	25000	chZ	199726253	199796653	70401	1	chZ_61
hcurw	25000	chZ	200207390	200232545	25156	1	chZ_62
hcurw	25000	chZ	200835726	200851326	15601	1	chZ_63
hcurw	25000	chZ	201304686	201352165	47480	2	chZ_64
hcurw	25000	chZ	202019723	202033113	13391	1	chZ_65
hcurw	39810	chZ	7914392	8026248	111857	2	chZ_1
hcurw	39810	chZ	8094258	8134010	39753	1	chZ_2
hcurw	39810	chZ	8345405	8365745	20341	1	chZ_3
hcurw	39810	chZ	8897421	8919630	22210	1	chZ_4
hcurw	39810	chZ	9158969	9173192	14224	1	chZ_5
hcurw	39810	chZ	9377718	9393622	15905	1	chZ_6
hcurw	39810	chZ	11944733	11961642	16910	1	chZ_7
hcurw	39810	chZ	12052552	12079373	26822	1	chZ_8
hcurw	39810	chZ	13337945	13359058	21114	1	chZ_9
hcurw	39810	chZ	13427347	13539952	112606	2	chZ_10
hcurw	39810	chZ	13724827	13801480	76654	1	chZ_11
hcurw	39810	chZ	15750837	15808134	57298	1	chZ_12
hcurw	39810	chZ	16003457	16011775	8319	1	chZ_13
hcurw	39810	chZ	16957816	16969646	11831	1	chZ_14
hcurw	39810	chZ	17368208	17510008	141801	1	chZ_15
hcurw	39810	chZ	17629021	17656668	27648	1	chZ_16
hcurw	39810	chZ	18244261	18325688	81428	1	chZ_17
hcurw	39810	chZ	18454999	18467908	12910	1	chZ_18
hcurw	39810	chZ	18833004	18883752	50749	2	chZ_19
hcurw	39810	chZ	18988413	19025865	37453	1	chZ_20
hcurw	39810	chZ	19495318	19555350	60033	1	chZ_21
hcurw	39810	chZ	19636538	19655406	18869	1	chZ_22
hcurw	39810	chZ	21647231	21724890	77660	2	chZ_23
hcurw	39810	chZ	21834382	21862960	28579	1	chZ_24
hcurw	39810	chZ	21975235	22054997	79763	2	chZ_25
hcurw	39810	chZ	22422673	22439389	16717	1	chZ_26
hcurw	39810	chZ	34046105	34063940	17836	1	chZ_27
hcurw	39810	chZ	34505909	34539573	33665	1	chZ_28
hcurw	39810	chZ	34844886	34899746	54861	1	chZ_29
hcurw	39810	chZ	35833065	35867559	34495	1	chZ_30
hcurw	39810	chZ	37471322	37498809	27488	1	chZ_31
hcurw	39810	chZ	38790890	38798682	7793	1	chZ_32
hcurw	39810	chZ	38839694	38847473	7780	1	chZ_33
hcurw	39810	chZ	38943911	38951697	7787	1	chZ_34
hcurw	39810	chZ	182811109	182822231	11123	1	chZ_35
hcurw	39810	chZ	185619739	185634965	15227	1	chZ_36
hcurw	39810	chZ	186997808	187019952	22145	1	chZ_37
hcurw	39810	chZ	187325092	187424763	99672	1	chZ_38
hcurw	39810	chZ	187637219	187653957	16739	1	chZ_39
hcurw	39810	chZ	187831718	187844748	13031	1	chZ_40
hcurw	39810	chZ	187914205	187970933	56729	2	chZ_41
hcurw	39810	chZ	188223039	188239774	16736	1	chZ_42
hcurw	39810	chZ	189328197	189346497	18301	1	chZ_43
hcurw	39810	chZ	191910109	191925726	15618	1	chZ_44
hcurw	39810	chZ	191986377	192009715	23339	1	chZ_45
hcurw	39810	chZ	192121832	192138031	16200	1	chZ_46
hcurw	39810	chZ	192515767	192593400	77634	2	chZ_47
hcurw	39810	chZ	192849807	192870210	20404	1	chZ_48
hcurw	39810	chZ	193510903	193527641	16739	1	chZ_49
hcurw	39810	chZ	195428315	195441590	13276	1	chZ_50
hcurw	39810	chZ	195710883	195811578	100696	1	chZ_51
hcurw	39810	chZ	196263427	196320236	56810	1	chZ_52
hcurw	39810	chZ	196778066	196784437	6372	1	chZ_53
hcurw	39810	chZ	196997479	197009625	12147	1	chZ_54
hcurw	39810	chZ	197954475	198573811	619337	2	chZ_55
hcurw	39810	chZ	198669480	198682973	13494	1	chZ_56
hcurw	39810	chZ	198728533	198741643	13111	1	chZ_57
hcurw	39810	chZ	198916209	198932157	15949	1	chZ_58
hcurw	39810	chZ	199726253	199796653	70401	1	chZ_59
hcurw	39810	chZ	200207390	200232545	25156	1	chZ_60
hcurw	39810	chZ	200835726	200851326	15601	1	chZ_61
hcurw	39810	chZ	201304686	201352165	47480	2	chZ_62
hcurw	39810	chZ	202019723	202033113	13391	1	chZ_63
hcurw	50000	chZ	7914392	8026248	111857	2	chZ_1
hcurw	50000	chZ	8094258	8134010	39753	1	chZ_2
hcurw	50000	chZ	8345405	8365745	20341	1	chZ_3
hcurw	50000	chZ	8897421	8919630	22210	1	chZ_4
hcurw	50000	chZ	9158969	9173192	14224	1	chZ_5
hcurw	50000	chZ	9377718	9393622	15905	1	chZ_6
hcurw	50000	chZ	11944733	11961642	16910	1	chZ_7
hcurw	50000	chZ	12052552	12079373	26822	1	chZ_8
hcurw	50000	chZ	13337945	13359058	21114	1	chZ_9
hcurw	50000	chZ	13427347	13539952	112606	2	chZ_10
hcurw	50000	chZ	13724827	13801480	76654	1	chZ_11
hcurw	50000	chZ	15750837	15808134	57298	1	chZ_12
hcurw	50000	chZ	16003457	16011775	8319	1	chZ_13
hcurw	50000	chZ	16957816	16969646	11831	1	chZ_14
hcurw	50000	chZ	17368208	17510008	141801	1	chZ_15
hcurw	50000	chZ	17629021	17656668	27648	1	chZ_16
hcurw	50000	chZ	18244261	18325688	81428	1	chZ_17
hcurw	50000	chZ	18454999	18467908	12910	1	chZ_18
hcurw	50000	chZ	18833004	18883752	50749	2	chZ_19
hcurw	50000	chZ	18988413	19025865	37453	1	chZ_20
hcurw	50000	chZ	19495318	19555350	60033	1	chZ_21
hcurw	50000	chZ	19636538	19655406	18869	1	chZ_22
hcurw	50000	chZ	21647231	21724890	77660	2	chZ_23
hcurw	50000	chZ	21834382	21862960	28579	1	chZ_24
hcurw	50000	chZ	21975235	22054997	79763	2	chZ_25
hcurw	50000	chZ	22422673	22439389	16717	1	chZ_26
hcurw	50000	chZ	34046105	34063940	17836	1	chZ_27
hcurw	50000	chZ	34505909	34539573	33665	1	chZ_28
hcurw	50000	chZ	34844886	34899746	54861	1	chZ_29
hcurw	50000	chZ	35833065	35867559	34495	1	chZ_30
hcurw	50000	chZ	37471322	37498809	27488	1	chZ_31
hcurw	50000	chZ	38790890	38847473	56584	2	chZ_32
hcurw	50000	chZ	38943911	38951697	7787	1	chZ_33
hcurw	50000	chZ	182811109	182822231	11123	1	chZ_34
hcurw	50000	chZ	185619739	185634965	15227	1	chZ_35
hcurw	50000	chZ	186997808	187019952	22145	1	chZ_36
hcurw	50000	chZ	187325092	187424763	99672	1	chZ_37
hcurw	50000	chZ	187637219	187653957	16739	1	chZ_38
hcurw	50000	chZ	187831718	187844748	13031	1	chZ_39
hcurw	50000	chZ	187914205	187970933	56729	2	chZ_40
hcurw	50000	chZ	188223039	188239774	16736	1	chZ_41
hcurw	50000	chZ	189328197	189346497	18301	1	chZ_42
hcurw	50000	chZ	191910109	191925726	15618	1	chZ_43
hcurw	50000	chZ	191986377	192009715	23339	1	chZ_44
hcurw	50000	chZ	192121832	192138031	16200	1	chZ_45
hcurw	50000	chZ	192515767	192593400	77634	2	chZ_46
hcurw	50000	chZ	192849807	192870210	20404	1	chZ_47
hcurw	50000	chZ	193510903	193527641	16739	1	chZ_48
hcurw	50000	chZ	195428315	195441590	13276	1	chZ_49
hcurw	50000	chZ	195710883	195811578	100696	1	chZ_50
hcurw	50000	chZ	196263427	196320236	56810	1	chZ_51
hcurw	50000	chZ	196778066	196784437	6372	1	chZ_52
hcurw	50000	chZ	196997479	197009625	12147	1	chZ_53
hcurw	50000	chZ	197954475	198573811	619337	2	chZ_54
hcurw	50000	chZ	198669480	198741643	72164	2	chZ_55
hcurw	50000	chZ	198916209	198932157	15949	1	chZ_56
hcurw	50000	chZ	199726253	199796653	70401	1	chZ_57
hcurw	50000	chZ	200207390	200232545	25156	1	chZ_58
hcurw	50000	chZ	200835726	200851326	15601	1	chZ_59
hcurw	50000	chZ	201304686	201352165	47480	2	chZ_60
hcurw	50000	chZ	202019723	202033113	13391	1	chZ_61
hcurw	100000	chZ	7914392	8134010	219619	3	chZ_1
hcurw	100000	chZ	8345405	8365745	20341	1	chZ_2
hcurw	100000	chZ	8897421	8919630	22210	1	chZ_3
hcurw	100000	chZ	9158969	9173192	14224	1	chZ_4
hcurw	100000	chZ	9377718	9393622	15905	1	chZ_5
hcurw	100000	chZ	11944733	12079373	134641	2	chZ_6
hcurw	100000	chZ	13337945	13539952	202008	3	chZ_7
hcurw	100000	chZ	13724827	13801480	76654	1	chZ_8
hcurw	100000	chZ	15750837	15808134	57298	1	chZ_9
hcurw	100000	chZ	16003457	16011775	8319	1	chZ_10
hcurw	100000	chZ	16957816	16969646	11831	1	chZ_11
hcurw	100000	chZ	17368208	17510008	141801	1	chZ_12
hcurw	100000	chZ	17629021	17656668	27648	1	chZ_13
hcurw	100000	chZ	18244261	18325688	81428	1	chZ_14
hcurw	100000	chZ	18454999	18467908	12910	1	chZ_15
hcurw	100000	chZ	18833004	18883752	50749	2	chZ_16
hcurw	100000	chZ	18988413	19025865	37453	1	chZ_17
hcurw	100000	chZ	19495318	19655406	160089	2	chZ_18
hcurw	100000	chZ	21647231	21724890	77660	2	chZ_19
hcurw	100000	chZ	21834382	21862960	28579	1	chZ_20
hcurw	100000	chZ	21975235	22054997	79763	2	chZ_21
hcurw	100000	chZ	22422673	22439389	16717	1	chZ_22
hcurw	100000	chZ	34046105	34063940	17836	1	chZ_23
hcurw	100000	chZ	34505909	34539573	33665	1	chZ_24
hcurw	100000	chZ	34844886	34899746	54861	1	chZ_25
hcurw	100000	chZ	35833065	35867559	34495	1	chZ_26
hcurw	100000	chZ	37471322	37498809	27488	1	chZ_27
hcurw	100000	chZ	38790890	38951697	160808	3	chZ_28
hcurw	100000	chZ	182811109	182822231	11123	1	chZ_29
hcurw	100000	chZ	185619739	185634965	15227	1	chZ_30
hcurw	100000	chZ	186997808	187019952	22145	1	chZ_31
hcurw	100000	chZ	187325092	187424763	99672	1	chZ_32
hcurw	100000	chZ	187637219	187653957	16739	1	chZ_33
hcurw	100000	chZ	187831718	187970933	139216	3	chZ_34
hcurw	100000	chZ	188223039	188239774	16736	1	chZ_35
hcurw	100000	chZ	189328197	189346497	18301	1	chZ_36
hcurw	100000	chZ	191910109	192009715	99607	2	chZ_37
hcurw	100000	chZ	192121832	192138031	16200	1	chZ_38
hcurw	100000	chZ	192515767	192593400	77634	2	chZ_39
hcurw	100000	chZ	192849807	192870210	20404	1	chZ_40
hcurw	100000	chZ	193510903	193527641	16739	1	chZ_41
hcurw	100000	chZ	195428315	195441590	13276	1	chZ_42
hcurw	100000	chZ	195710883	195811578	100696	1	chZ_43
hcurw	100000	chZ	196263427	196320236	56810	1	chZ_44
hcurw	100000	chZ	196778066	196784437	6372	1	chZ_45
hcurw	100000	chZ	196997479	197009625	12147	1	chZ_46
hcurw	100000	chZ	197954475	198741643	787169	4	chZ_47
hcurw	100000	chZ	198916209	198932157	15949	1	chZ_48
hcurw	100000	chZ	199726253	199796653	70401	1	chZ_49
hcurw	100000	chZ	200207390	200232545	25156	1	chZ_50
hcurw	100000	chZ	200835726	200851326	15601	1	chZ_51
hcurw	100000	chZ	201304686	201352165	47480	2	chZ_52
hcurw	100000	chZ	202019723	202033113	13391	1	chZ_53
hcurw	250000	chZ	7914392	8365745	451354	4	chZ_1
hcurw	250000	chZ	8897421	9393622	496202	3	chZ_2
hcurw	250000	chZ	11944733	12079373	134641	2	chZ_3
hcurw	250000	chZ	13337945	13801480	463536	4	chZ_4
hcurw	250000	chZ	15750837	16011775	260939	2	chZ_5
hcurw	250000	chZ	16957816	16969646	11831	1	chZ_6
hcurw	250000	chZ	17368208	17656668	288461	2	chZ_7
hcurw	250000	chZ	18244261	18467908	223648	2	chZ_8
hcurw	250000	chZ	18833004	19025865	192862	3	chZ_9
hcurw	250000	chZ	19495318	19655406	160089	2	chZ_10
hcurw	250000	chZ	21647231	22054997	407767	5	chZ_11
hcurw	250000	chZ	22422673	22439389	16717	1	chZ_12
hcurw	250000	chZ	34046105	34063940	17836	1	chZ_13
hcurw	250000	chZ	34505909	34539573	33665	1	chZ_14
hcurw	250000	chZ	34844886	34899746	54861	1	chZ_15
hcurw	250000	chZ	35833065	35867559	34495	1	chZ_16
hcurw	250000	chZ	37471322	37498809	27488	1	chZ_17
hcurw	250000	chZ	38790890	38951697	160808	3	chZ_18
hcurw	250000	chZ	182811109	182822231	11123	1	chZ_19
hcurw	250000	chZ	185619739	185634965	15227	1	chZ_20
hcurw	250000	chZ	186997808	187019952	22145	1	chZ_21
hcurw	250000	chZ	187325092	187970933	645842	5	chZ_22
hcurw	250000	chZ	188223039	188239774	16736	1	chZ_23
hcurw	250000	chZ	189328197	189346497	18301	1	chZ_24
hcurw	250000	chZ	191910109	192138031	227923	3	chZ_25
hcurw	250000	chZ	192515767	192593400	77634	2	chZ_26
hcurw	250000	chZ	192849807	192870210	20404	1	chZ_27
hcurw	250000	chZ	193510903	193527641	16739	1	chZ_28
hcurw	250000	chZ	195428315	195441590	13276	1	chZ_29
hcurw	250000	chZ	195710883	195811578	100696	1	chZ_30
hcurw	250000	chZ	196263427	196320236	56810	1	chZ_31
hcurw	250000	chZ	196778066	197009625	231560	2	chZ_32
hcurw	250000	chZ	197954475	198932157	977683	5	chZ_33
hcurw	250000	chZ	199726253	199796653	70401	1	chZ_34
hcurw	250000	chZ	200207390	200232545	25156	1	chZ_35
hcurw	250000	chZ	200835726	200851326	15601	1	chZ_36
hcurw	250000	chZ	201304686	201352165	47480	2	chZ_37
hcurw	250000	chZ	202019723	202033113	13391	1	chZ_38
hcure	25000	ch2	100563	159982	59420	2	ch2_1
hcure	25000	ch2	236806	250671	13866	1	ch2_2
hcure	25000	ch2	773709	917794	144086	3	ch2_3
hcure	25000	ch2	953918	985408	31491	1	ch2_4
hcure	25000	ch2	1039272	1090600	51329	1	ch2_5
hcure	25000	ch2	1136269	1196082	59814	1	ch2_6
hcure	25000	ch2	1272102	1293151	21050	1	ch2_7
hcure	25000	ch2	1819827	1841452	21626	1	ch2_8
hcure	25000	ch2	2647151	2660296	13146	1	ch2_9
hcure	25000	ch2	3065751	3080005	14255	1	ch2_10
hcure	25000	ch2	3192498	3210802	18305	1	ch2_11
hcure	25000	ch2	3772365	3792149	19785	1	ch2_12
hcure	25000	ch2	3820524	3857373	36850	1	ch2_13
hcure	25000	ch2	3936195	3987321	51127	2	ch2_14
hcure	25000	ch2	4027790	4049389	21600	1	ch2_15
hcure	25000	ch2	4080519	4109349	28831	1	ch2_16
hcure	25000	ch2	5920974	6104462	183489	3	ch2_17
hcure	25000	ch2	7403744	7436977	33234	1	ch2_18
hcure	25000	ch2	7744184	7768289	24106	1	ch2_19
hcure	25000	ch2	8045153	8056455	11303	1	ch2_20
hcure	25000	ch2	8195533	8210265	14733	1	ch2_21
hcure	25000	ch2	8310379	8320364	9986	1	ch2_22
hcure	25000	ch2	8526006	8574503	48498	2	ch2_23
hcure	25000	ch2	10779220	10792056	12837	1	ch2_24
hcure	25000	ch2	16334879	16351998	17120	1	ch2_25
hcure	25000	ch2	16892306	16944589	52284	2	ch2_26
hcure	25000	ch2	16971819	16994549	22731	1	ch2_27
hcure	25000	ch2	19367790	19379493	11704	1	ch2_28
hcure	25000	ch2	19450828	19464752	13925	1	ch2_29
hcure	25000	ch2	20048652	20076697	28046	1	ch2_30
hcure	25000	ch2	20822096	20839387	17292	1	ch2_31
hcure	25000	ch2	21351595	21362846	11252	1	ch2_32
hcure	25000	ch2	21451360	21473457	22098	1	ch2_33
hcure	25000	ch2	21587027	21609534	22508	1	ch2_34
hcure	25000	ch2	21680702	21708590	27889	1	ch2_35
hcure	25000	ch2	22011905	22030010	18106	1	ch2_36
hcure	25000	ch2	22068905	22089486	20582	1	ch2_37
hcure	25000	ch2	22138833	22161154	22322	1	ch2_38
hcure	25000	ch2	22341690	22364047	22358	1	ch2_39
hcure	25000	ch2	22834872	22856465	21594	1	ch2_40
hcure	25000	ch2	23027822	23036940	9119	1	ch2_41
hcure	25000	ch2	23107325	23116508	9184	1	ch2_42
hcure	25000	ch2	23167774	23191580	23807	1	ch2_43
hcure	25000	ch2	23429347	23443221	13875	1	ch2_44
hcure	25000	ch2	23503371	23524212	20842	1	ch2_45
hcure	25000	ch2	23586522	23602821	16300	1	ch2_46
hcure	25000	ch2	23785945	23803857	17913	1	ch2_47
hcure	25000	ch2	23881951	23893101	11151	1	ch2_48
hcure	25000	ch2	24786546	24795666	9121	1	ch2_49
hcure	25000	ch2	24918755	24937187	18433	1	ch2_50
hcure	25000	ch2	25067633	25075316	7684	1	ch2_51
hcure	25000	ch2	25226618	25248096	21479	1	ch2_52
hcure	25000	ch2	27802020	27820103	18084	1	ch2_53
hcure	39810	ch2	100563	159982	59420	2	ch2_1
hcure	39810	ch2	236806	250671	13866	1	ch2_2
hcure	39810	ch2	773709	985408	211700	4	ch2_3
hcure	39810	ch2	1039272	1090600	51329	1	ch2_4
hcure	39810	ch2	1136269	1196082	59814	1	ch2_5
hcure	39810	ch2	1272102	1293151	21050	1	ch2_6
hcure	39810	ch2	1819827	1841452	21626	1	ch2_7
hcure	39810	ch2	2647151	2660296	13146	1	ch2_8
hcure	39810	ch2	3065751	3080005	14255	1	ch2_9
hcure	39810	ch2	3192498	3210802	18305	1	ch2_10
hcure	39810	ch2	3772365	3857373	85009	2	ch2_11
hcure	39810	ch2	3936195	3987321	51127	2	ch2_12
hcure	39810	ch2	4027790	4109349	81560	2	ch2_13
hcure	39810	ch2	5920974	6104462	183489	3	ch2_14
hcure	39810	ch2	7403744	7436977	33234	1	ch2_15
hcure	39810	ch2	7744184	7768289	24106	1	ch2_16
hcure	39810	ch2	8045153	8056455	11303	1	ch2_17
hcure	39810	ch2	8195533	8210265	14733	1	ch2_18
hcure	39810	ch2	8310379	8320364	9986	1	ch2_19
hcure	39810	ch2	8526006	8574503	48498	2	ch2_20
hcure	39810	ch2	10779220	10792056	12837	1	ch2_21
hcure	39810	ch2	16334879	16351998	17120	1	ch2_22
hcure	39810	ch2	16892306	16994549	102244	3	ch2_23
hcure	39810	ch2	19367790	19379493	11704	1	ch2_24
hcure	39810	ch2	19450828	19464752	13925	1	ch2_25
hcure	39810	ch2	20048652	20076697	28046	1	ch2_26
hcure	39810	ch2	20822096	20839387	17292	1	ch2_27
hcure	39810	ch2	21351595	21362846	11252	1	ch2_28
hcure	39810	ch2	21451360	21473457	22098	1	ch2_29
hcure	39810	ch2	21587027	21609534	22508	1	ch2_30
hcure	39810	ch2	21680702	21708590	27889	1	ch2_31
hcure	39810	ch2	22011905	22089486	77582	2	ch2_32
hcure	39810	ch2	22138833	22161154	22322	1	ch2_33
hcure	39810	ch2	22341690	22364047	22358	1	ch2_34
hcure	39810	ch2	22834872	22856465	21594	1	ch2_35
hcure	39810	ch2	23027822	23036940	9119	1	ch2_36
hcure	39810	ch2	23107325	23116508	9184	1	ch2_37
hcure	39810	ch2	23167774	23191580	23807	1	ch2_38
hcure	39810	ch2	23429347	23443221	13875	1	ch2_39
hcure	39810	ch2	23503371	23524212	20842	1	ch2_40
hcure	39810	ch2	23586522	23602821	16300	1	ch2_41
hcure	39810	ch2	23785945	23803857	17913	1	ch2_42
hcure	39810	ch2	23881951	23893101	11151	1	ch2_43
hcure	39810	ch2	24786546	24795666	9121	1	ch2_44
hcure	39810	ch2	24918755	24937187	18433	1	ch2_45
hcure	39810	ch2	25067633	25075316	7684	1	ch2_46
hcure	39810	ch2	25226618	25248096	21479	1	ch2_47
hcure	39810	ch2	27802020	27820103	18084	1	ch2_48
hcure	50000	ch2	100563	159982	59420	2	ch2_1
hcure	50000	ch2	236806	250671	13866	1	ch2_2
hcure	50000	ch2	773709	985408	211700	4	ch2_3
hcure	50000	ch2	1039272	1196082	156811	2	ch2_4
hcure	50000	ch2	1272102	1293151	21050	1	ch2_5
hcure	50000	ch2	1819827	1841452	21626	1	ch2_6
hcure	50000	ch2	2647151	2660296	13146	1	ch2_7
hcure	50000	ch2	3065751	3080005	14255	1	ch2_8
hcure	50000	ch2	3192498	3210802	18305	1	ch2_9
hcure	50000	ch2	3772365	3857373	85009	2	ch2_10
hcure	50000	ch2	3936195	4109349	173155	4	ch2_11
hcure	50000	ch2	5920974	6104462	183489	3	ch2_12
hcure	50000	ch2	7403744	7436977	33234	1	ch2_13
hcure	50000	ch2	7744184	7768289	24106	1	ch2_14
hcure	50000	ch2	8045153	8056455	11303	1	ch2_15
hcure	50000	ch2	8195533	8210265	14733	1	ch2_16
hcure	50000	ch2	8310379	8320364	9986	1	ch2_17
hcure	50000	ch2	8526006	8574503	48498	2	ch2_18
hcure	50000	ch2	10779220	10792056	12837	1	ch2_19
hcure	50000	ch2	16334879	16351998	17120	1	ch2_20
hcure	50000	ch2	16892306	16994549	102244	3	ch2_21
hcure	50000	ch2	19367790	19379493	11704	1	ch2_22
hcure	50000	ch2	19450828	19464752	13925	1	ch2_23
hcure	50000	ch2	20048652	20076697	28046	1	ch2_24
hcure	50000	ch2	20822096	20839387	17292	1	ch2_25
hcure	50000	ch2	21351595	21362846	11252	1	ch2_26
hcure	50000	ch2	21451360	21473457	22098	1	ch2_27
hcure	50000	ch2	21587027	21609534	22508	1	ch2_28
hcure	50000	ch2	21680702	21708590	27889	1	ch2_29
hcure	50000	ch2	22011905	22161154	149250	3	ch2_30
hcure	50000	ch2	22341690	22364047	22358	1	ch2_31
hcure	50000	ch2	22834872	22856465	21594	1	ch2_32
hcure	50000	ch2	23027822	23036940	9119	1	ch2_33
hcure	50000	ch2	23107325	23116508	9184	1	ch2_34
hcure	50000	ch2	23167774	23191580	23807	1	ch2_35
hcure	50000	ch2	23429347	23443221	13875	1	ch2_36
hcure	50000	ch2	23503371	23524212	20842	1	ch2_37
hcure	50000	ch2	23586522	23602821	16300	1	ch2_38
hcure	50000	ch2	23785945	23803857	17913	1	ch2_39
hcure	50000	ch2	23881951	23893101	11151	1	ch2_40
hcure	50000	ch2	24786546	24795666	9121	1	ch2_41
hcure	50000	ch2	24918755	24937187	18433	1	ch2_42
hcure	50000	ch2	25067633	25075316	7684	1	ch2_43
hcure	50000	ch2	25226618	25248096	21479	1	ch2_44
hcure	50000	ch2	27802020	27820103	18084	1	ch2_45
hcure	100000	ch2	100563	250671	150109	3	ch2_1
hcure	100000	ch2	773709	1293151	519443	7	ch2_2
hcure	100000	ch2	1819827	1841452	21626	1	ch2_3
hcure	100000	ch2	2647151	2660296	13146	1	ch2_4
hcure	100000	ch2	3065751	3080005	14255	1	ch2_5
hcure	100000	ch2	3192498	3210802	18305	1	ch2_6
hcure	100000	ch2	3772365	4109349	336985	6	ch2_7
hcure	100000	ch2	5920974	6104462	183489	3	ch2_8
hcure	100000	ch2	7403744	7436977	33234	1	ch2_9
hcure	100000	ch2	7744184	7768289	24106	1	ch2_10
hcure	100000	ch2	8045153	8056455	11303	1	ch2_11
hcure	100000	ch2	8195533	8210265	14733	1	ch2_12
hcure	100000	ch2	8310379	8320364	9986	1	ch2_13
hcure	100000	ch2	8526006	8574503	48498	2	ch2_14
hcure	100000	ch2	10779220	10792056	12837	1	ch2_15
hcure	100000	ch2	16334879	16351998	17120	1	ch2_16
hcure	100000	ch2	16892306	16994549	102244	3	ch2_17
hcure	100000	ch2	19367790	19464752	96963	2	ch2_18
hcure	100000	ch2	20048652	20076697	28046	1	ch2_19
hcure	100000	ch2	20822096	20839387	17292	1	ch2_20
hcure	100000	ch2	21351595	21473457	121863	2	ch2_21
hcure	100000	ch2	21587027	21708590	121564	2	ch2_22
hcure	100000	ch2	22011905	22161154	149250	3	ch2_23
hcure	100000	ch2	22341690	22364047	22358	1	ch2_24
hcure	100000	ch2	22834872	22856465	21594	1	ch2_25
hcure	100000	ch2	23027822	23191580	163759	3	ch2_26
hcure	100000	ch2	23429347	23602821	173475	3	ch2_27
hcure	100000	ch2	23785945	23893101	107157	2	ch2_28
hcure	100000	ch2	24786546	24795666	9121	1	ch2_29
hcure	100000	ch2	24918755	24937187	18433	1	ch2_30
hcure	100000	ch2	25067633	25075316	7684	1	ch2_31
hcure	100000	ch2	25226618	25248096	21479	1	ch2_32
hcure	100000	ch2	27802020	27820103	18084	1	ch2_33
hcure	250000	ch2	100563	250671	150109	3	ch2_1
hcure	250000	ch2	773709	1293151	519443	7	ch2_2
hcure	250000	ch2	1819827	1841452	21626	1	ch2_3
hcure	250000	ch2	2647151	2660296	13146	1	ch2_4
hcure	250000	ch2	3065751	3210802	145052	2	ch2_5
hcure	250000	ch2	3772365	4109349	336985	6	ch2_6
hcure	250000	ch2	5920974	6104462	183489	3	ch2_7
hcure	250000	ch2	7403744	7436977	33234	1	ch2_8
hcure	250000	ch2	7744184	7768289	24106	1	ch2_9
hcure	250000	ch2	8045153	8574503	529351	5	ch2_10
hcure	250000	ch2	10779220	10792056	12837	1	ch2_11
hcure	250000	ch2	16334879	16351998	17120	1	ch2_12
hcure	250000	ch2	16892306	16994549	102244	3	ch2_13
hcure	250000	ch2	19367790	19464752	96963	2	ch2_14
hcure	250000	ch2	20048652	20076697	28046	1	ch2_15
hcure	250000	ch2	20822096	20839387	17292	1	ch2_16
hcure	250000	ch2	21351595	21708590	356996	4	ch2_17
hcure	250000	ch2	22011905	22364047	352143	4	ch2_18
hcure	250000	ch2	22834872	23893101	1058230	9	ch2_19
hcure	250000	ch2	24786546	25248096	461551	4	ch2_20
hcure	250000	ch2	27802020	27820103	18084	1	ch2_21
hcure	25000	chZ	2025577	2048250	22674	1	chZ_1
hcure	25000	chZ	2118472	2147365	28894	1	chZ_2
hcure	25000	chZ	2183065	2200280	17216	1	chZ_3
hcure	25000	chZ	2229593	2269339	39747	1	chZ_4
hcure	25000	chZ	2479171	2496900	17730	1	chZ_5
hcure	25000	chZ	2692994	2709775	16782	1	chZ_6
hcure	25000	chZ	4175971	4192915	16945	1	chZ_7
hcure	25000	chZ	4279466	4306290	26825	1	chZ_8
hcure	25000	chZ	5292444	5319149	26706	1	chZ_9
hcure	25000	chZ	7196752	7277435	80684	1	chZ_10
hcure	25000	chZ	7467925	7580347	112423	2	chZ_11
hcure	25000	chZ	7647221	7668339	21119	1	chZ_12
hcure	25000	chZ	7957715	7976641	18927	1	chZ_13
hcure	25000	chZ	9893351	9974251	80901	2	chZ_14
hcure	25000	chZ	10102251	10131926	29676	1	chZ_15
hcure	25000	chZ	10246886	10273301	26416	1	chZ_16
hcure	25000	chZ	10310884	10332050	21167	1	chZ_17
hcure	25000	chZ	10649371	10715051	65681	1	chZ_18
hcure	25000	chZ	21061196	21079032	17837	1	chZ_19
hcure	25000	chZ	21472981	21511561	38581	1	chZ_20
hcure	25000	chZ	22846973	22874572	27600	1	chZ_21
hcure	25000	chZ	24422958	24439306	16349	1	chZ_22
hcure	25000	chZ	25547236	25555010	7775	1	chZ_23
hcure	25000	chZ	154109705	154138079	28375	1	chZ_24
hcure	39810	chZ	2025577	2048250	22674	1	chZ_1
hcure	39810	chZ	2118472	2269339	150868	3	chZ_2
hcure	39810	chZ	2479171	2496900	17730	1	chZ_3
hcure	39810	chZ	2692994	2709775	16782	1	chZ_4
hcure	39810	chZ	4175971	4192915	16945	1	chZ_5
hcure	39810	chZ	4279466	4306290	26825	1	chZ_6
hcure	39810	chZ	5292444	5319149	26706	1	chZ_7
hcure	39810	chZ	7196752	7277435	80684	1	chZ_8
hcure	39810	chZ	7467925	7580347	112423	2	chZ_9
hcure	39810	chZ	7647221	7668339	21119	1	chZ_10
hcure	39810	chZ	7957715	7976641	18927	1	chZ_11
hcure	39810	chZ	9893351	9974251	80901	2	chZ_12
hcure	39810	chZ	10102251	10131926	29676	1	chZ_13
hcure	39810	chZ	10246886	10332050	85165	2	chZ_14
hcure	39810	chZ	10649371	10715051	65681	1	chZ_15
hcure	39810	chZ	21061196	21079032	17837	1	chZ_16
hcure	39810	chZ	21472981	21511561	38581	1	chZ_17
hcure	39810	chZ	22846973	22874572	27600	1	chZ_18
hcure	39810	chZ	24422958	24439306	16349	1	chZ_19
hcure	39810	chZ	25547236	25555010	7775	1	chZ_20
hcure	39810	chZ	154109705	154138079	28375	1	chZ_21
hcure	50000	chZ	2025577	2048250	22674	1	chZ_1
hcure	50000	chZ	2118472	2269339	150868	3	chZ_2
hcure	50000	chZ	2479171	2496900	17730	1	chZ_3
hcure	50000	chZ	2692994	2709775	16782	1	chZ_4
hcure	50000	chZ	4175971	4192915	16945	1	chZ_5
hcure	50000	chZ	4279466	4306290	26825	1	chZ_6
hcure	50000	chZ	5292444	5319149	26706	1	chZ_7
hcure	50000	chZ	7196752	7277435	80684	1	chZ_8
hcure	50000	chZ	7467925	7580347	112423	2	chZ_9
hcure	50000	chZ	7647221	7668339	21119	1	chZ_10
hcure	50000	chZ	7957715	7976641	18927	1	chZ_11
hcure	50000	chZ	9893351	9974251	80901	2	chZ_12
hcure	50000	chZ	10102251	10131926	29676	1	chZ_13
hcure	50000	chZ	10246886	10332050	85165	2	chZ_14
hcure	50000	chZ	10649371	10715051	65681	1	chZ_15
hcure	50000	chZ	21061196	21079032	17837	1	chZ_16
hcure	50000	chZ	21472981	21511561	38581	1	chZ_17
hcure	50000	chZ	22846973	22874572	27600	1	chZ_18
hcure	50000	chZ	24422958	24439306	16349	1	chZ_19
hcure	50000	chZ	25547236	25555010	7775	1	chZ_20
hcure	50000	chZ	154109705	154138079	28375	1	chZ_21
hcure	100000	chZ	2025577	2269339	243763	4	chZ_1
hcure	100000	chZ	2479171	2496900	17730	1	chZ_2
hcure	100000	chZ	2692994	2709775	16782	1	chZ_3
hcure	100000	chZ	4175971	4306290	130320	2	chZ_4
hcure	100000	chZ	5292444	5319149	26706	1	chZ_5
hcure	100000	chZ	7196752	7277435	80684	1	chZ_6
hcure	100000	chZ	7467925	7668339	200415	3	chZ_7
hcure	100000	chZ	7957715	7976641	18927	1	chZ_8
hcure	100000	chZ	9893351	9974251	80901	2	chZ_9
hcure	100000	chZ	10102251	10131926	29676	1	chZ_10
hcure	100000	chZ	10246886	10332050	85165	2	chZ_11
hcure	100000	chZ	10649371	10715051	65681	1	chZ_12
hcure	100000	chZ	21061196	21079032	17837	1	chZ_13
hcure	100000	chZ	21472981	21511561	38581	1	chZ_14
hcure	100000	chZ	22846973	22874572	27600	1	chZ_15
hcure	100000	chZ	24422958	24439306	16349	1	chZ_16
hcure	100000	chZ	25547236	25555010	7775	1	chZ_17
hcure	100000	chZ	154109705	154138079	28375	1	chZ_18
hcure	250000	chZ	2025577	2709775	684199	6	chZ_1
hcure	250000	chZ	4175971	4306290	130320	2	chZ_2
hcure	250000	chZ	5292444	5319149	26706	1	chZ_3
hcure	250000	chZ	7196752	7668339	471588	4	chZ_4
hcure	250000	chZ	7957715	7976641	18927	1	chZ_5
hcure	250000	chZ	9893351	10332050	438700	5	chZ_6
hcure	250000	chZ	10649371	10715051	65681	1	chZ_7
hcure	250000	chZ	21061196	21079032	17837	1	chZ_8
hcure	250000	chZ	21472981	21511561	38581	1	chZ_9
hcure	250000	chZ	22846973	22874572	27600	1	chZ_10
hcure	250000	chZ	24422958	24439306	16349	1	chZ_11
hcure	250000	chZ	25547236	25555010	7775	1	chZ_12
hcure	250000	chZ	154109705	154138079	28375	1	chZ_13
