te_id	te_class
TE_00000009	Unknown
TE_00000072	Unknown
TE_00000000	Unknown
TE_00000113	Unknown
TE_00000066	Unknown
TE_00000111	Unknown
TE_00000067	Unknown
TE_00000025	DNA/DTA
TE_00000007	LINE/unknown
TE_00000093	Unknown
TE_00000034	Unknown
TE_00000004	LINE/unknown
TE_00000041	Unknown
TE_00000037	LINE/unknown
TE_00000026	LINE/unknown
TE_00000017	LTR/unknown
TE_00000090	DNA/DTC
TE_00000094	Unknown
TE_00000005	LINE/unknown
TE_00000138	Unknown
TE_00000049	LINE/unknown
TE_00000084	DNA/DTC
TE_00000143	Unknown
TE_00000144	Unknown
TE_00000062	Unknown
TE_00000013	LINE/unknown
TE_00000027	LINE/unknown
TE_00000057	LTR/Gypsy
TE_00000107	LTR/Gypsy
TE_00000016	LTR/unknown
TE_00000011	LINE/unknown
TE_00000004_01	LINE/unknown
TE_00000059_01	DNA/DTA
TE_00000104	LINE/unknown
TE_00000076	Unknown
TE_00000055_01	LINE/unknown
TE_00000150	Unknown
TE_00000038	Unknown
TE_00000179	DNA/DTC
TE_00000029	Unknown
TE_00000243_LTR	LTR/Copia
TE_00000249	MITE/DTA
TE_00000058	DNA/DTC
TE_00000004_02	LINE/unknown
TE_00000154	LTR/Copia
TE_00000226	MITE/DTA
TE_00000028	LINE/unknown
TE_00000153	Unknown
TE_00000003	LTR/Gypsy
TE_00000055_02	LINE/unknown
TE_00000274_LTR	LTR/Gypsy
TE_00000050_01	LTR/Gypsy
TE_00000148	LINE/unknown
TE_00000284	MITE/DTA
TE_00000204	DNA/Helitron
TE_00000258	MITE/DTA
TE_00000150_01	Unknown
TE_00000224	MITE/DTA
TE_00000216	DNA/DTT
TE_00000004_03	LINE/unknown
TE_00000029_01	Unknown
TE_00000291	DNA/DTA
TE_00000228	DNA/DTA
TE_00000227	DNA/Helitron
TE_00000301	MITE/DTA
TE_00000252	DNA/DTM
TE_00000240	MITE/DTA
TE_00000242	DNA/DTC
TE_00000248_INT	LTR/Gypsy
TE_00000218	DNA/DTM
TE_00000247_LTR	LTR/Gypsy
TE_00000320	MITE/DTA
TE_00000299	DNA/Helitron
TE_00000272	MITE/DTA
TE_00000263_INT	LTR/Gypsy
TE_00000271	MITE/DTA
TE_00000229_INT	LTR/unknown
TE_00000262	MITE/DTA
TE_00000270	DNA/DTA
TE_00000126	Unknown
TE_00000289_INT	LTR/Gypsy
TE_00000281	DNA/DTM
TE_00000254	DNA/DTA
TE_00000308	DNA/DTA
TE_00000307	DNA/DTC
TE_00000298	DNA/Helitron
TE_00000267_INT	LTR/Gypsy
TE_00000234_INT	LTR/Gypsy
TE_00000248_INT_01	LTR/Gypsy
TE_00000362	DNA/DTA
TE_00000319	MITE/DTA
TE_00000367	MITE/DTA
TE_00000293	DNA/DTA
TE_00000323	MITE/DTA
TE_00000318_INT	LTR/Gypsy
TE_00000332	MITE/DTA
TE_00000338	MITE/DTA
TE_00000388	MITE/DTA
TE_00000263_INT_01	LTR/Gypsy
TE_00000334	DNA/DTM
TE_00000330	DNA/DTC
TE_00000270_01	DNA/DTA
TE_00000340	MITE/DTA
TE_00000317_INT	LTR/Gypsy
TE_00000336	DNA/DTA
TE_00000394	MITE/DTA
TE_00000350	MITE/DTA
TE_00000014	LINE/CR1
TE_00000357_LTR	LTR/unknown
TE_00000422_LTR	LTR/Gypsy
TE_00000361	MITE/DTA
TE_00000355	DNA/DTA
TE_00000425	MITE/DTA
TE_00000421	MITE/DTA
TE_00000267_INT_01	LTR/Gypsy
TE_00000430	DNA/DTA
TE_00000378	DNA/DTM
TE_00000405	MITE/DTA
TE_00000358_LTR	LTR/Gypsy
TE_00000372	DNA/DTM
TE_00000409	DNA/DTA
TE_00000452	MITE/DTA
TE_00000400	DNA/DTA
TE_00000459	MITE/DTA
TE_00000412	DNA/DTA
TE_00000464	MITE/DTA
TE_00000398	MITE/DTA
TE_00000391_INT	LTR/unknown
TE_00000364	DNA/Helitron
TE_00000407	DNA/Helitron
TE_00000387	DNA/DTA
TE_00000496	MITE/DTA
TE_00000396_INT	LTR/Gypsy
TE_00000417	DNA/DTA
TE_00000426	DNA/DTA
TE_00000429_INT	LTR/Gypsy
TE_00000458	MITE/DTA
TE_00000443_LTR	LTR/Gypsy
TE_00000437	MITE/DTA
TE_00000460	MITE/DTA
TE_00000516	MITE/DTA
TE_00000439	DNA/DTC
TE_00000411	DNA/DTM
TE_00000457	MITE/DTA
TE_00000403_INT	LTR/Gypsy
TE_00000449	DNA/DTA
TE_00000434	DNA/DTA
TE_00000475	DNA/DTA
TE_00000463	DNA/DTM
TE_00000486	DNA/DTM
TE_00000441	DNA/DTC
TE_00000454	DNA/DTA
TE_00000365_INT	LTR/Gypsy
TE_00000391_INT_01	LTR/unknown
TE_00000389_01	DNA/DTA
TE_00000471	DNA/DTA
TE_00000514	MITE/DTA
TE_00000453_INT	LTR/Gypsy
TE_00000450_INT	LTR/Copia
TE_00000521	MITE/DTA
TE_00000376_INT_01	LTR/Gypsy
TE_00000547_LTR	LTR/unknown
TE_00000449_01	DNA/DTA
TE_00000488	MITE/DTA
TE_00000472_INT	LTR/Gypsy
TE_00000473_INT	LTR/unknown
TE_00000435_01	DNA/DTA
TE_00000438	DNA/Helitron
TE_00000507_LTR	LTR/Copia
TE_00000478_INT	LTR/Gypsy
TE_00000491	DNA/DTC
TE_00000544	MITE/DTA
TE_00000489	MITE/DTA
TE_00000487	DNA/DTA
TE_00000485	DNA/DTA
TE_00000551	MITE/DTA
TE_00000500	DNA/DTC
TE_00000511	MITE/DTA
TE_00000522_INT	LTR/Gypsy
TE_00000490_LTR	LTR/Gypsy
TE_00000476	DNA/DTA
TE_00000434_01	DNA/DTA
TE_00000567	MITE/DTA
TE_00000508_INT	LTR/Gypsy
TE_00000520	MITE/DTA
TE_00000512	MITE/DTA
TE_00000518	MITE/DTA
TE_00000573	MITE/DTA
TE_00000529	MITE/DTA
TE_00000532	MITE/DTA
TE_00000575	MITE/DTA
TE_00000467_INT_01	LTR/Gypsy
TE_00000584	MITE/DTA
TE_00000513	DNA/Helitron
TE_00000473_INT_01	LTR/unknown
TE_00000478_INT_01	LTR/Gypsy
TE_00000540	DNA/Helitron
TE_00000504	DNA/DTA
TE_00000552	DNA/DTA
TE_00000555	MITE/DTA
TE_00000550_INT	LTR/Gypsy
TE_00000568	MITE/DTA
TE_00000560	MITE/DTA
TE_00000613	MITE/DTA
TE_00000500_01	DNA/DTC
TE_00000564	DNA/DTA
TE_00000561	MITE/DTA
TE_00000546_INT	LTR/unknown
TE_00000587	MITE/DTA
TE_00000519_INT	LTR/Copia
TE_00000434_02	DNA/DTA
TE_00000582	MITE/DTA
TE_00000515	DNA/DTA
TE_00000578	DNA/DTA
TE_00000467_INT_02	LTR/Gypsy
TE_00000570	DNA/DTA
TE_00000559_INT	LTR/Gypsy
TE_00000611	MITE/DTA
TE_00000494_LTR	LTR/Gypsy
TE_00000473_INT_02	LTR/unknown
TE_00000490_LTR_01	LTR/Gypsy
TE_00000648	MITE/DTA
TE_00000610	MITE/DTA
TE_00000655	MITE/DTA
TE_00000594_INT	LTR/Gypsy
TE_00000620	DNA/DTA
TE_00000550_INT_01	LTR/Gypsy
TE_00000614	MITE/DTA
TE_00000564_01	DNA/DTA
TE_00000596	DNA/DTA
TE_00000542_LTR	LTR/Gypsy
TE_00000616	DNA/DTA
TE_00000617	DNA/DTA
TE_00000513_01	DNA/Helitron
TE_00000624	MITE/DTA
TE_00000607_INT	LTR/Gypsy
TE_00000546_INT_01	LTR/unknown
TE_00000669	DNA/DTA
TE_00000626	DNA/DTA
TE_00000623_INT	LTR/Gypsy
TE_00000559_INT_01	LTR/Gypsy
TE_00000641_LTR	LTR/Copia
TE_00000640	MITE/DTA
TE_00000635	DNA/DTM
TE_00000634	DNA/DTA
TE_00000647	DNA/DTA
TE_00000687	MITE/DTA
TE_00000652	DNA/DTA
TE_00000629	DNA/DTM
TE_00000656	MITE/DTA
TE_00000649	DNA/DTM
TE_00000639_INT	LTR/Gypsy
TE_00000664	MITE/DTA
TE_00000700	MITE/DTA
TE_00000646	MITE/DTA
TE_00000698_LTR	LTR/Gypsy
TE_00000685	MITE/DTA
TE_00000660_INT	LTR/Gypsy
TE_00000628	DNA/DTA
TE_00000594_INT_01	LTR/Gypsy
TE_00000490_LTR_02	LTR/Gypsy
TE_00000665	DNA/DTM
TE_00000673	DNA/DTA
TE_00000546_INT_02	LTR/unknown
TE_00000722	MITE/DTA
TE_00000636	DNA/DTA
TE_00000671	DNA/DTA
TE_00000623_INT_01	LTR/Gypsy
TE_00000683	MITE/DTA
TE_00000708_LTR	LTR/Gypsy
TE_00000676_INT	LTR/Gypsy
TE_00000692	DNA/DTA
TE_00000674_INT	LTR/Gypsy
TE_00000647_01	DNA/DTA
TE_00000667_INT	LTR/Gypsy
TE_00000739	MITE/DTA
TE_00000650_INT	LTR/Gypsy
TE_00000679_INT	LTR/unknown
TE_00000750	MITE/DTA
TE_00000721	MITE/DTA
TE_00000686_INT	LTR/Gypsy
TE_00000702	DNA/DTA
TE_00000642	DNA/Helitron
TE_00000701	MITE/DTA
TE_00000704	MITE/DTA
TE_00000666_01	MITE/DTA
TE_00000738	MITE/DTA
TE_00000709	DNA/DTA
TE_00000691_INT	LTR/Gypsy
TE_00000694_INT	LTR/Gypsy
TE_00000651_01	DNA/DTA
TE_00000716	DNA/DTA
TE_00000594_INT_02	LTR/Gypsy
TE_00000726	MITE/DTA
TE_00000777	MITE/DTA
TE_00000801_LTR	LTR/Gypsy
TE_00000728	MITE/DTA
TE_00000623_INT_02	LTR/Gypsy
TE_00000755	DNA/DTA
TE_00000724	DNA/DTA
TE_00000674_INT_01	LTR/Gypsy
TE_00000741	MITE/DTA
TE_00000705_LTR	LTR/unknown
TE_00000676_INT_01	LTR/Gypsy
TE_00000731	MITE/DTA
TE_00000643_01	DNA/Helitron
TE_00000725	DNA/DTA
TE_00000697_LTR	LTR/Copia
TE_00000807	MITE/DTA
TE_00000751	MITE/DTA
TE_00000782	DNA/DTA
TE_00000679_INT_01	LTR/unknown
TE_00000758	MITE/DTA
TE_00000760	DNA/DTC
TE_00000723_LTR	LTR/unknown
TE_00000691_INT_01	LTR/Gypsy
TE_00000834	MITE/DTA
TE_00000866	MITE/DTA
TE_00000776	MITE/DTA
TE_00000768	DNA/DTC
TE_00000847	MITE/DTA
TE_00000761_INT	LTR/unknown
TE_00000791	DNA/DTM
TE_00000674_INT_02	LTR/Gypsy
TE_00000749	DNA/DTC
TE_00000799	DNA/DTC
TE_00000676_INT_02	LTR/Gypsy
TE_00000848	MITE/DTA
TE_00000828	MITE/DTA
TE_00000798	MITE/DTA
TE_00000736_INT	LTR/Gypsy
TE_00000870	MITE/DTA
TE_00000810	MITE/DTA
TE_00000874	MITE/DTA
TE_00000679_INT_02	LTR/unknown
TE_00000857_LTR	LTR/Gypsy
TE_00000879	MITE/DTA
TE_00000814	DNA/DTA
TE_00000829	MITE/DTA
TE_00000784	DNA/DTA
TE_00000818_INT	LTR/unknown
TE_00000792	DNA/DTA
TE_00000830	DNA/DTM
TE_00000813_INT	LTR/Gypsy
TE_00000841	MITE/DTA
TE_00000854	MITE/DTA
TE_00000914	MITE/DTA
TE_00000835	DNA/DTA
TE_00000967	MITE/DTM
TE_00000838	DNA/DTA
TE_00000832_INT	LTR/Gypsy
TE_00000825	DNA/Helitron
TE_00000849	DNA/DTA
TE_00000865	DNA/Helitron
TE_00000800_01	DNA/DTA
TE_00000844_INT	LTR/Gypsy
TE_00000974	MITE/DTA
TE_00000897	MITE/DTA
TE_00000901	DNA/DTA
TE_00000916	MITE/DTA
TE_00000813_INT_01	LTR/Gypsy
TE_00000910	DNA/DTA
TE_00000977	MITE/DTA
TE_00000899	DNA/DTM
TE_00000950_LTR	LTR/Gypsy
TE_00000960	MITE/DTA
TE_00000936	MITE/DTA
TE_00000949	MITE/DTA
TE_00000745_INT_01	LTR/Gypsy
TE_00000955	MITE/DTA
TE_00000931	DNA/DTA
TE_00000995	MITE/DTA
TE_00000913	DNA/DTA
TE_00000904_INT	LTR/Gypsy
TE_00000940_INT	LTR/Gypsy
TE_00000957_INT	LTR/Gypsy
TE_00000817_LTR_01	LTR/Copia
TE_00000921	DNA/DTC
TE_00000963_LTR	LTR/Copia
TE_00000941_INT	LTR/Gypsy
TE_00000973	DNA/Helitron
TE_00000978	MITE/DTA
TE_00000865_01	DNA/Helitron
TE_00001004	DNA/DTA
TE_00000915_INT	LTR/Gypsy
TE_00000975	DNA/DTA
TE_00000981	DNA/DTM
TE_00000993	MITE/DTA
TE_00000893_LTR	LTR/Gypsy
TE_00000917_LTR	LTR/unknown
TE_00001051_LTR	LTR/Gypsy
TE_00000906_INT	LTR/Gypsy
TE_00000887	DNA/DTA
TE_00000992	MITE/DTA
TE_00000997	MITE/DTA
TE_00000940_INT_01	LTR/Gypsy
TE_00001001	DNA/DTA
TE_00001002	MITE/DTA
TE_00001009_LTR	LTR/unknown
TE_00000999_INT	LTR/Gypsy
TE_00001010	MITE/DTA
TE_00000957_INT_01	LTR/Gypsy
TE_00001007_INT	LTR/Gypsy
TE_00001012_INT	LTR/Gypsy
TE_00001026	MITE/DTA
TE_00001018	MITE/DTA
TE_00001017	DNA/DTA
TE_00001067	MITE/DTA
TE_00001068	MITE/DTA
TE_00000980	DNA/DTM
TE_00001023	DNA/DTA
TE_00001047	MITE/DTA
TE_00000989_LTR	LTR/Gypsy
TE_00001073	MITE/DTA
TE_00000963_LTR_01	LTR/Copia
TE_00001038	DNA/DTC
TE_00001030	DNA/DTC
TE_00001033	DNA/DTA
TE_00001031_LTR	LTR/unknown
TE_00001076	MITE/DTC
TE_00000940_INT_02	LTR/Gypsy
TE_00000927_01	DNA/DTM
TE_00001037	DNA/Helitron
TE_00001014_LTR	LTR/Gypsy
TE_00001045	MITE/DTA
TE_00001002_01	MITE/DTA
TE_00000999_INT_01	LTR/Gypsy
TE_00001054	MITE/DTA
TE_00001057	MITE/DTA
TE_00001041_INT	LTR/Copia
TE_00000933_INT	LTR/Gypsy
TE_00001062	MITE/DTA
TE_00000996_01	DNA/DTA
TE_00001064	MITE/DTA
TE_00001023_01	DNA/DTA
TE_00001063	DNA/DTA
TE_00001159_LTR	LTR/Gypsy
TE_00001079	MITE/DTA
TE_00001135	MITE/DTA
TE_00001074	DNA/DTM
TE_00001146	MITE/DTA
TE_00000940_INT_03	LTR/Gypsy
TE_00001147	MITE/DTA
TE_00001148	MITE/DTA
TE_00001171_LTR	LTR/unknown
TE_00001061_INT	LTR/Gypsy
TE_00001150	MITE/DTA
TE_00001092	DNA/DTM
TE_00001060_INT	LTR/Copia
TE_00001081_INT	LTR/Gypsy
TE_00001130	DNA/DTA
TE_00001105	MITE/DTA
TE_00001124	MITE/DTA
TE_00001082_INT	LTR/Gypsy
TE_00001089	DNA/DTA
TE_00001091_INT	LTR/Copia
TE_00001120	DNA/DTM
TE_00001145	MITE/DTA
TE_00001080_LTR	LTR/unknown
TE_00001142	DNA/DTA
TE_00001144	DNA/Helitron
TE_00001113_LTR	LTR/unknown
TE_00001096_01	DNA/DTC
TE_00001081_INT_01	LTR/Gypsy
TE_00001119_INT	LTR/Gypsy
TE_00001132	DNA/DTA
TE_00001174	MITE/DTA
TE_00001107_INT	LTR/unknown
TE_00001082_INT_01	LTR/Gypsy
TE_00001179	MITE/DTA
TE_00001187	MITE/DTA
TE_00001182	DNA/DTA
TE_00001239	MITE/DTA
TE_00001185	MITE/DTA
TE_00001196	MITE/DTA
TE_00001141	DNA/DTM
TE_00001152_INT	LTR/Gypsy
TE_00001155_LTR	LTR/Copia
TE_00001188_INT	LTR/Gypsy
TE_00001158_INT	LTR/Gypsy
TE_00001170	DNA/Helitron
TE_00001211	MITE/DTA
TE_00001191	DNA/DTA
TE_00001244	DNA/Helitron
TE_00001175	DNA/Helitron
TE_00001292	MITE/DTA
TE_00001271	MITE/DTA
TE_00000983_03	DNA/Helitron
TE_00001119_INT_01	LTR/Gypsy
TE_00001082_INT_02	LTR/Gypsy
TE_00001131_LTR	LTR/Copia
TE_00001205	DNA/Helitron
TE_00001291	MITE/DTA
TE_00001246	MITE/DTA
TE_00001237_INT	LTR/unknown
TE_00001202_LTR	LTR/Gypsy
TE_00001250_LTR	LTR/Copia
TE_00001152_INT_01	LTR/Gypsy
TE_00001245	DNA/DTA
TE_00001243_INT	LTR/Gypsy
TE_00001257	MITE/DTA
TE_00001233	DNA/DTA
TE_00001217	DNA/DTC
TE_00001223_INT	LTR/Gypsy
TE_00001198	DNA/DTA
TE_00001330	MITE/DTA
TE_00001170_01	DNA/Helitron
TE_00001163_INT	LTR/Gypsy
TE_00001232	DNA/Helitron
TE_00001256	DNA/DTA
TE_00001242	DNA/DTA
TE_00001313	MITE/DTA
TE_00001226	DNA/DTA
TE_00001316	MITE/DTA
TE_00001266	MITE/DTA
TE_00001277	DNA/DTA
TE_00001321	DNA/DTC
TE_00001282	MITE/DTA
TE_00001263	DNA/DTA
TE_00001272	DNA/DTT
TE_00001208_INT	LTR/Gypsy
TE_00001286	MITE/DTA
TE_00001276_INT	LTR/Gypsy
TE_00001300	DNA/DTM
TE_00001338	MITE/DTA
TE_00001306_LTR	LTR/unknown
TE_00001250_LTR_01	LTR/Copia
TE_00001246_01	MITE/DTA
TE_00001308	MITE/DTA
TE_00001293	DNA/DTA
TE_00001294_LTR_01	LTR/Gypsy
TE_00001369	DNA/DTC
TE_00001072_INT	LTR/unknown
TE_00001337	DNA/DTA
TE_00001253	DNA/Helitron
TE_00001289_INT	LTR/unknown
TE_00001388	MITE/DTA
TE_00001315_LTR	LTR/unknown
TE_00001403	MITE/DTA
TE_00001307	DNA/DTA
TE_00001343	DNA/DTA
TE_00001361_INT	LTR/Gypsy
TE_00001250_LTR_02	LTR/Copia
TE_00001423	MITE/DTA
TE_00001328_LTR	LTR/Copia
TE_00001349	DNA/DTA
TE_00001276_INT_01	LTR/Gypsy
TE_00001426	DNA/DTH
TE_00001345	MITE/DTA
TE_00001353	MITE/DTA
TE_00001357	DNA/DTA
TE_00001278_LTR	LTR/Copia
TE_00001384	MITE/DTA
TE_00001406_INT	LTR/unknown
TE_00001374	DNA/DTA
TE_00001452	MITE/DTA
TE_00001389	DNA/DTC
TE_00001390	MITE/DTA
TE_00001416	MITE/DTA
TE_00001396	DNA/DTA
TE_00001354	DNA/Helitron
TE_00001410_LTR	LTR/Gypsy
TE_00001309_LTR_01	LTR/Gypsy
TE_00001386_LTR	LTR/Gypsy
TE_00001276_INT_02	LTR/Gypsy
TE_00001371_INT	LTR/Gypsy
TE_00001393_INT	LTR/Gypsy
TE_00001475	MITE/DTA
TE_00001434_LTR	LTR/unknown
TE_00001430	MITE/DTA
TE_00001456	DNA/DTM
TE_00001454	MITE/DTA
TE_00001305_LTR	LTR/Gypsy
TE_00001444	DNA/DTC
TE_00001404	DNA/DTA
TE_00001447_INT	LTR/Gypsy
TE_00001492	MITE/DTC
TE_00001442_LTR	LTR/Gypsy
TE_00001374_01	DNA/DTA
TE_00001458_INT	LTR/Gypsy
TE_00001433	DNA/DTA
TE_00001449_INT	LTR/Gypsy
TE_00001445_INT	LTR/Gypsy
TE_00001451_LTR	LTR/Copia
TE_00001424	DNA/Helitron
TE_00001439_INT	LTR/Gypsy
TE_00001462	DNA/DTC
TE_00001406_INT_01	LTR/unknown
TE_00001464	DNA/DTA
TE_00001465_INT	LTR/Gypsy
TE_00001561	MITE/DTA
TE_00001565_LTR	LTR/unknown
TE_00001459_INT	LTR/Gypsy
TE_00001546	DNA/DTA
TE_00001324_INT	LTR/Gypsy
TE_00001481	MITE/DTA
TE_00001485	DNA/DTA
TE_00001558	MITE/DTA
TE_00001510	DNA/DTA
TE_00001493	MITE/DTA
TE_00001442_LTR_01	LTR/Gypsy
TE_00001386_LTR_01	LTR/Gypsy
TE_00001512_INT	LTR/Gypsy
TE_00001491_INT	LTR/Gypsy
TE_00001517	DNA/DTA
TE_00001464_01	DNA/DTA
TE_00001482	DNA/DTA
TE_00001478	DNA/DTA
TE_00001549	MITE/DTA
TE_00001537	DNA/Helitron
TE_00001607	MITE/DTT
TE_00001420_01	DNA/DTA
TE_00001539	DNA/DTM
TE_00001496_LTR	LTR/Gypsy
TE_00001576	MITE/DTA
TE_00001566	DNA/DTA
TE_00001569_LTR	LTR/Copia
TE_00001560	DNA/DTA
TE_00001564	DNA/DTC
TE_00001548	DNA/DTA
TE_00001464_02	DNA/DTA
TE_00001557	DNA/DTA
TE_00001542_INT	LTR/Gypsy
TE_00001614_LTR	LTR/Copia
TE_00001587	MITE/DTA
TE_00001499_INT_01	LTR/unknown
TE_00001523_INT_01	LTR/unknown
TE_00001661	DNA/DTA
TE_00001529	DNA/DTA
TE_00001504	DNA/DTA
TE_00001671_LTR	LTR/Copia
TE_00001590	DNA/DTA
TE_00001605	DNA/DTC
TE_00001577	DNA/DTM
TE_00001515_INT_01	LTR/unknown
TE_00001612	MITE/DTA
TE_00001584_INT	LTR/Gypsy
TE_00001608	DNA/Helitron
TE_00001582_INT	LTR/Gypsy
TE_00001613	MITE/DTA
TE_00001520_LTR_01	LTR/Gypsy
TE_00001569_LTR_01	LTR/Copia
TE_00001610	DNA/DTA
TE_00001586_INT	LTR/Gypsy
TE_00001638	DNA/DTC
TE_00001690	MITE/DTA
TE_00001548_01	DNA/DTA
TE_00001518_INT	LTR/unknown
TE_00001523_INT_02	LTR/unknown
TE_00001604_INT	LTR/Gypsy
TE_00001566_01	DNA/DTA
TE_00001636	MITE/DTA
TE_00001631	DNA/DTM
TE_00001591	DNA/DTA
TE_00001729	MITE/DTA
TE_00001641	DNA/DTA
TE_00001702_LTR	LTR/Gypsy
TE_00001639	MITE/DTA
TE_00001703	MITE/DTA
TE_00001707	MITE/DTA
TE_00001515_INT_02	LTR/unknown
TE_00001646_INT	LTR/Gypsy
TE_00001728	MITE/DTA
TE_00001669	MITE/DTA
TE_00001442_LTR_03	LTR/Gypsy
TE_00001738	DNA/DTC
TE_00001674	DNA/DTA
TE_00001756_LTR	LTR/unknown
TE_00001520_LTR_02	LTR/Gypsy
TE_00001583	DNA/DTA
TE_00001681	DNA/DTA
TE_00001694	MITE/DTA
TE_00001685_INT	LTR/Gypsy
TE_00001654_LTR	LTR/unknown
TE_00001660	DNA/DTA
TE_00001749	MITE/DTA
TE_00001715	MITE/DTA
TE_00001691_INT	LTR/Copia
TE_00001700	MITE/DTA
TE_00001657	DNA/DTA
TE_00001643_01	MITE/DTA
TE_00001763	MITE/DTA
TE_00001711	MITE/DTA
TE_00001768	MITE/DTA
TE_00001714	MITE/DTA
TE_00001515_INT_03	LTR/unknown
TE_00001769	MITE/DTA
TE_00001644_INT	LTR/unknown
TE_00001740	DNA/DTA
TE_00001722	MITE/DTA
TE_00001700_01	MITE/DTA
TE_00001725	DNA/DTA
TE_00001718	DNA/DTA
TE_00001732_LTR	LTR/Gypsy
TE_00001730	DNA/DTA
TE_00001647_INT	LTR/unknown
TE_00001812	MITE/DTA
TE_00001677_INT	LTR/unknown
TE_00001726	DNA/DTA
TE_00001646_INT_01	LTR/Gypsy
TE_00001823_LTR	LTR/Gypsy
TE_00001742	DNA/DTA
TE_00001770	MITE/DTA
TE_00001660_01	DNA/DTA
TE_00001813	MITE/DTA
TE_00001757	DNA/DTA
TE_00001745_INT	LTR/Gypsy
TE_00001805	DNA/DTA
TE_00001826	MITE/DTA
TE_00001849	MITE/DTA
TE_00001685_INT_01	LTR/Gypsy
TE_00001750_INT	LTR/Gypsy
TE_00001836	MITE/DTA
TE_00001837	MITE/DTA
TE_00001783	MITE/DTA
TE_00001734_INT	LTR/Gypsy
TE_00001746_INT	LTR/unknown
TE_00001785	DNA/DTA
TE_00001762	DNA/DTA
TE_00001646_INT_02	LTR/Gypsy
TE_00001773	DNA/DTA
TE_00001778	DNA/DTA
TE_00001821	DNA/DTC
TE_00001866	MITE/DTA
TE_00001869	DNA/DTC
TE_00001868	MITE/DTA
TE_00001811	DNA/DTC
TE_00001781_INT	LTR/unknown
TE_00001717_01	DNA/DTA
TE_00001819_INT	LTR/Gypsy
TE_00001796_INT	LTR/Gypsy
TE_00001757_01	DNA/DTA
TE_00001830	MITE/DTA
TE_00001827	MITE/DTA
TE_00001835	DNA/DTA
TE_00001793	DNA/DTA
TE_00001843	MITE/DTA
TE_00001828	DNA/DTA
TE_00001913	MITE/DTA
TE_00001644_INT_02	LTR/unknown
TE_00001787	DNA/DTA
TE_00001656_INT	LTR/unknown
TE_00001914	MITE/DTA
TE_00001646_INT_03	LTR/Gypsy
TE_00001924	MITE/DTA
TE_00001878	DNA/DTC
TE_00001777_INT	LTR/Gypsy
TE_00001930	MITE/DTA
TE_00001854_LTR	LTR/Copia
TE_00001862	DNA/DTA
TE_00001804	DNA/Helitron
TE_00001948	MITE/DTA
TE_00001851	DNA/DTA
TE_00001840	DNA/DTA
TE_00001957	MITE/DTA
TE_00001819_INT_01	LTR/Gypsy
TE_00001898	DNA/DTA
TE_00001882	DNA/DTA
TE_00001915	MITE/DTA
TE_00001778_01	DNA/DTA
TE_00001923	MITE/DTA
TE_00001905	DNA/DTA
TE_00002000	MITE/DTA
TE_00001936	MITE/DTA
TE_00001916	DNA/Helitron
TE_00001943	DNA/DTA
TE_00001965	DNA/DTC
TE_00001972	DNA/DTC
TE_00001969	MITE/DTA
TE_00001946	DNA/DTM
TE_00001876	DNA/DTM
TE_00001938_INT	LTR/Gypsy
TE_00001984	MITE/DTA
TE_00001966	MITE/DTA
TE_00001958	DNA/DTA
TE_00002020_LTR	LTR/unknown
TE_00001964	DNA/DTC
TE_00001980	DNA/DTC
TE_00001867_01	DNA/Helitron
TE_00001961	MITE/DTA
TE_00001971	MITE/DTA
TE_00001944	DNA/DTA
TE_00001877_LTR	LTR/Gypsy
TE_00001959_INT	LTR/Gypsy
TE_00001967_INT	LTR/unknown
TE_00001975	MITE/DTA
TE_00001970	DNA/DTM
TE_00001935_LTR	LTR/Gypsy
TE_00002049	MITE/DTA
TE_00001925	DNA/DTA
TE_00001977_LTR	LTR/Gypsy
TE_00002012	MITE/DTA
TE_00001982	MITE/DTA
TE_00002027	MITE/DTA
TE_00001981	DNA/DTA
TE_00001780_INT	LTR/Gypsy
TE_00001941	DNA/DTC
TE_00001976_INT	LTR/Gypsy
TE_00002038	MITE/DTA
TE_00001994	MITE/DTA
TE_00001979_INT	LTR/Gypsy
TE_00001993	DNA/DTA
TE_00001952_LTR	LTR/Gypsy
TE_00002067	MITE/DTA
TE_00002010	DNA/DTC
TE_00002073_LTR	LTR/Gypsy
TE_00002006	MITE/DTA
TE_00001938_INT_01	LTR/Gypsy
TE_00002017	MITE/DTA
TE_00001944_01	DNA/DTA
TE_00002024	MITE/DTA
TE_00002111	MITE/DTA
TE_00002061	DNA/DTA
TE_00001899_INT	LTR/unknown
TE_00001967_INT_01	LTR/unknown
TE_00002117_LTR	LTR/unknown
TE_00002025	DNA/DTA
TE_00002092	MITE/DTA
TE_00002124	MITE/DTM
TE_00002032	DNA/Helitron
TE_00002054	DNA/DTM
TE_00002129	MITE/DTA
TE_00001976_INT_01	LTR/Gypsy
TE_00002059	MITE/DTA
TE_00002031	DNA/DTC
TE_00002043_INT	LTR/Gypsy
TE_00002042	DNA/DTM
TE_00000924_LTR	LTR/unknown
TE_00001988_LTR	LTR/Gypsy
TE_00002002_01	MITE/DTA
TE_00002066	MITE/DTA
TE_00002036	DNA/DTA
TE_00001992_LTR_01	LTR/Gypsy
TE_00001938_INT_02	LTR/Gypsy
TE_00002030	DNA/DTM
TE_00002033_INT	LTR/Gypsy
TE_00002087	DNA/DTA
TE_00002082	DNA/DTC
TE_00002096	DNA/DTA
TE_00001967_INT_02	LTR/unknown
TE_00002104	MITE/DTA
TE_00002175_LTR	LTR/Gypsy
TE_00002114	MITE/DTA
TE_00002108	DNA/DTA
TE_00002106_LTR	LTR/Gypsy
TE_00002097_INT	LTR/Copia
TE_00001976_INT_02	LTR/Gypsy
TE_00002190	MITE/DTA
TE_00002074	DNA/DTA
TE_00002079	DNA/DTA
TE_00002110_INT	LTR/unknown
TE_00002090	DNA/DTA
TE_00002118_INT	LTR/Gypsy
TE_00002125	DNA/DTM
TE_00002086	DNA/DTM
TE_00002180	MITE/DTA
TE_00002174	MITE/DTA
TE_00002182	MITE/DTA
TE_00002187	MITE/DTA
TE_00002043_INT_01	LTR/Gypsy
TE_00001938_INT_03	LTR/Gypsy
TE_00002112_INT	LTR/Copia
TE_00002072_LTR	LTR/Gypsy
TE_00002091	DNA/Helitron
TE_00002198	MITE/DTA
TE_00002139_INT	LTR/Gypsy
TE_00002119_INT	LTR/Gypsy
TE_00002076_INT	LTR/Gypsy
TE_00002126	DNA/DTA
TE_00002166	MITE/DTA
TE_00002161	MITE/DTA
TE_00002110_INT_01	LTR/unknown
TE_00002118_INT_01	LTR/Gypsy
TE_00002113_INT	LTR/Gypsy
TE_00002150_INT	LTR/Gypsy
TE_00002183	MITE/DTA
TE_00002162	DNA/DTA
TE_00002100_INT_01	LTR/Gypsy
TE_00002194	MITE/DTA
TE_00002093_01	DNA/Helitron
TE_00002201	DNA/DTA
TE_00002196	MITE/DTA
TE_00002070_INT	LTR/Gypsy
TE_00002191	DNA/DTA
TE_00002232	MITE/DTC
TE_00002200	DNA/DTA
TE_00002139_INT_01	LTR/Gypsy
TE_00002169	DNA/DTA
TE_00002178	DNA/Helitron
TE_00002189	DNA/DTA
TE_00002184	DNA/DTM
TE_00002208	DNA/DTC
TE_00002288	MITE/DTA
TE_00002292	MITE/DTA
TE_00002293	MITE/DTA
TE_00002202_LTR	LTR/Gypsy
TE_00002266	MITE/DTA
TE_00002221	DNA/DTC
TE_00002118_INT_02	LTR/Gypsy
TE_00002185	DNA/DTA
TE_00002231	DNA/Helitron
TE_00002285	MITE/DTA
TE_00002206_INT	LTR/Copia
TE_00002195_INT	LTR/Gypsy
TE_00002241	DNA/DTC
TE_00002237	DNA/DTA
TE_00002201_01	DNA/DTA
TE_00002100_INT_02	LTR/Gypsy
TE_00002162_01	DNA/DTA
TE_00002302	MITE/DTA
TE_00002253	DNA/DTA
TE_00002246	DNA/DTC
TE_00002200_01	DNA/DTA
TE_00002093_02	DNA/Helitron
TE_00002298_LTR	LTR/Copia
TE_00002147_01	DNA/DTA
TE_00002342	MITE/DTA
TE_00002251	DNA/DTA
TE_00002139_INT_02	LTR/Gypsy
TE_00002214	DNA/DTA
TE_00002219	DNA/Helitron
TE_00002248_LTR	LTR/Gypsy
TE_00002257_INT	LTR/Gypsy
TE_00002267	MITE/DTA
TE_00002026_INT	LTR/Gypsy
TE_00002238_INT	LTR/Gypsy
TE_00002269	MITE/DTA
TE_00002300_LTR	LTR/Gypsy
TE_00002290	DNA/DTT
TE_00002301	MITE/DTA
TE_00002319	DNA/DTC
TE_00002308	MITE/DTA
TE_00002100_INT_03	LTR/Gypsy
TE_00002338	MITE/DTA
TE_00002299_INT	LTR/Gypsy
TE_00002274_INT	LTR/Gypsy
TE_00002207_INT	LTR/Gypsy
TE_00002372	MITE/DTA
TE_00002324	DNA/Helitron
TE_00002219_01	DNA/Helitron
TE_00002257_INT_01	LTR/Gypsy
TE_00002093_03	DNA/Helitron
TE_00002380	MITE/DTA
TE_00002248_LTR_01	LTR/Gypsy
TE_00002356	DNA/DTA
TE_00002398	MITE/DTA
TE_00002347	MITE/DTA
TE_00002333	DNA/DTA
TE_00002339	MITE/DTA
TE_00002279_INT	LTR/Gypsy
TE_00002353	DNA/DTA
TE_00002345	MITE/DTA
TE_00002344	MITE/DTA
TE_00002394	MITE/DTA
TE_00002395_LTR	LTR/unknown
TE_00002277_INT	LTR/unknown
TE_00002355	DNA/DTA
TE_00002341_INT	LTR/Gypsy
TE_00002369	MITE/DTA
TE_00002348_INT	LTR/Gypsy
TE_00002354	DNA/DTA
TE_00002374	DNA/DTA
TE_00002359	DNA/DTA
TE_00002381	MITE/DTA
TE_00002371	MITE/DTA
TE_00002350	DNA/DTA
TE_00002420	MITE/DTA
TE_00002444	MITE/DTM
TE_00002376	DNA/DTA
TE_00002257_INT_02	LTR/Gypsy
TE_00002428	MITE/DTA
TE_00002310	DNA/DTA
TE_00002361	DNA/DTA
TE_00002274_INT_01	LTR/Gypsy
TE_00002365_INT	LTR/Gypsy
TE_00002219_02	DNA/Helitron
TE_00002343_LTR	LTR/Gypsy
TE_00002385	DNA/DTA
TE_00002388	DNA/DTA
TE_00002362	DNA/DTC
TE_00002393	MITE/DTA
TE_00002455	MITE/DTA
TE_00002459	MITE/DTA
TE_00002300_LTR_02	LTR/Gypsy
TE_00002400	DNA/DTH
TE_00002423	MITE/DTA
TE_00002410	MITE/DTA
TE_00002433	DNA/DTA
TE_00002462	MITE/DTA
TE_00002278_INT	LTR/unknown
TE_00002409_LTR	LTR/unknown
TE_00002471	MITE/DTA
TE_00002367	DNA/DTA
TE_00002412	DNA/DTA
TE_00002257_INT_03	LTR/Gypsy
TE_00002299_INT_02	LTR/Gypsy
TE_00002300_LTR_03	LTR/Gypsy
TE_00002415_INT	LTR/Gypsy
TE_00002388_01	DNA/DTA
TE_00002399_INT	LTR/Gypsy
TE_00002496	MITE/DTA
TE_00002219_03	DNA/Helitron
TE_00002446	MITE/DTA
TE_00002313_INT	LTR/Gypsy
TE_00002499	MITE/DTA
TE_00002382	DNA/DTM
TE_00002468	DNA/DTA
TE_00002432_INT	LTR/Copia
TE_00002443	DNA/DTA
TE_00002460_INT	LTR/Gypsy
TE_00002405_LTR	LTR/Gypsy
TE_00002456	DNA/DTA
TE_00002469	MITE/DTA
TE_00002509	MITE/DTA
TE_00002473_INT	LTR/Gypsy
TE_00002479	DNA/DTA
TE_00002522	DNA/DTM
TE_00002463	MITE/DTA
TE_00002425	DNA/DTA
TE_00002524	DNA/DTA
TE_00002408_INT	LTR/Gypsy
TE_00002436	DNA/DTA
TE_00002493	MITE/DTA
TE_00002485	DNA/DTA
TE_00002476_INT	LTR/unknown
TE_00002478	DNA/DTC
TE_00002467	DNA/DTM
TE_00002435	DNA/DTH
TE_00002513	MITE/DTA
TE_00002460_INT_01	LTR/Gypsy
TE_00002511	DNA/DTA
TE_00002544	MITE/DTA
TE_00002528	MITE/DTC
TE_00002562	MITE/DTA
TE_00002500_LTR	LTR/Gypsy
TE_00002584	MITE/DTA
TE_00002504	DNA/DTA
TE_00002432_INT_01	LTR/Copia
TE_00002521	DNA/DTA
TE_00002557	MITE/DTA
TE_00002529	MITE/DTA
TE_00002483	DNA/DTC
TE_00002456_01	DNA/DTA
TE_00002576	MITE/DTA
TE_00002517_INT	LTR/Gypsy
TE_00002558	MITE/DTA
TE_00002429_INT	LTR/unknown
TE_00002541	DNA/DTC
TE_00002536	DNA/DTM
TE_00002520	DNA/DTA
TE_00002547	MITE/DTA
TE_00002506_INT	LTR/Gypsy
TE_00002502_INT	LTR/Gypsy
TE_00002596_INT	LTR/unknown
TE_00002518	DNA/DTA
TE_00002540_INT	LTR/unknown
TE_00002548	MITE/DTA
TE_00002492_LTR	LTR/unknown
TE_00002567	DNA/DTT
TE_00002570_LTR	LTR/Gypsy
TE_00002553_INT	LTR/Gypsy
TE_00002497_INT	LTR/unknown
TE_00002542	DNA/Helitron
TE_00002652_LTR	LTR/Gypsy
TE_00002538	DNA/DTA
TE_00002573	MITE/DTA
TE_00002566	DNA/DTA
TE_00002432_INT_02	LTR/Copia
TE_00002629	MITE/DTA
TE_00002627	MITE/DTA
TE_00002583	DNA/DTA
TE_00002456_02	DNA/DTA
TE_00002591	MITE/DTA
TE_00002580	DNA/DTA
TE_00002546	DNA/DTA
TE_00002581	DNA/DTA
TE_00002661	MITE/DTA
TE_00002460_INT_02	LTR/Gypsy
TE_00002597	DNA/DTA
TE_00002617	MITE/DTA
TE_00002567_01	DNA/DTT
TE_00002624	MITE/DTA
TE_00002611	MITE/DTA
TE_00002571_LTR	LTR/Gypsy
TE_00002610	DNA/DTM
TE_00002575_INT	LTR/Gypsy
TE_00002590	DNA/DTM
TE_00002553_INT_01	LTR/Gypsy
TE_00002599_INT	LTR/unknown
TE_00002630	DNA/DTA
TE_00002687	MITE/DTA
TE_00002642	MITE/DTA
TE_00002623_INT	LTR/Gypsy
TE_00002640	MITE/DTA
TE_00002645	MITE/DTA
TE_00002706	MITE/DTA
TE_00002654_LTR	LTR/Gypsy
TE_00002633_INT	LTR/Gypsy
TE_00002612	DNA/DTA
TE_00002680	MITE/DTA
TE_00002669	MITE/DTA
TE_00002646	DNA/DTA
TE_00002725	MITE/DTA
TE_00002606_INT	LTR/Gypsy
TE_00002735	MITE/DTA
TE_00002540_INT_02	LTR/unknown
TE_00002656_INT	LTR/Gypsy
TE_00002577	DNA/DTC
TE_00002686	MITE/DTA
TE_00002608	DNA/DTA
TE_00002553_INT_02	LTR/Gypsy
TE_00002753_LTR	LTR/Gypsy
TE_00002670_INT	LTR/unknown
TE_00002684	DNA/DTC
TE_00002630_01	DNA/DTA
TE_00002689	MITE/DTM
TE_00002708	MITE/DTA
TE_00002648_INT	LTR/Gypsy
TE_00002779_LTR	LTR/unknown
TE_00002633_INT_01	LTR/Gypsy
TE_00002712	DNA/DTC
TE_00002650	DNA/DTA
TE_00002692_INT	LTR/Gypsy
TE_00002723	MITE/DTA
TE_00002704	DNA/DTA
TE_00002765	MITE/DTA
TE_00002741	DNA/DTA
TE_00002729_INT	LTR/unknown
TE_00002717	DNA/DTA
TE_00002646_01	DNA/DTA
TE_00002716	DNA/DTC
TE_00002715	DNA/DTA
TE_00002756	MITE/DTA
TE_00002738_INT	LTR/unknown
TE_00002656_INT_01	LTR/Gypsy
TE_00002785	MITE/DTA
TE_00002709_INT	LTR/Gypsy
TE_00002630_02	DNA/DTA
TE_00002794	MITE/DTA
TE_00002745_INT	LTR/Gypsy
TE_00002728_INT	LTR/unknown
TE_00002750	MITE/DTA
TE_00002770	MITE/DTA
TE_00002749	DNA/DTA
TE_00002764	DNA/DTA
TE_00002805	MITE/DTA
TE_00002633_INT_02	LTR/Gypsy
TE_00002704_01	DNA/DTA
TE_00002692_INT_01	LTR/Gypsy
TE_00002789	DNA/DTA
TE_00002809	MITE/DTA
TE_00002766	DNA/DTA
TE_00002814	MITE/DTA
TE_00002798	MITE/DTA
TE_00002733	DNA/DTA
TE_00002821	MITE/DTA
TE_00002653_LTR	LTR/Gypsy
TE_00002688_INT	LTR/Gypsy
TE_00002775	DNA/DTA
TE_00002758	DNA/DTA
TE_00002849	MITE/DTA
TE_00002738_INT_01	LTR/unknown
TE_00002656_INT_02	LTR/Gypsy
TE_00002791	MITE/DTA
TE_00002831	MITE/DTA
TE_00002782	MITE/DTA
TE_00002763	DNA/DTC
TE_00002709_INT_01	LTR/Gypsy
TE_00002838	MITE/DTA
TE_00002757	DNA/DTA
TE_00002871	MITE/DTA
TE_00002792_INT	LTR/unknown
TE_00002749_01	DNA/DTA
TE_00002851	DNA/DTA
TE_00002780_INT	LTR/Copia
TE_00002784	DNA/DTA
TE_00002633_INT_03	LTR/Gypsy
TE_00002743_01	DNA/DTA
TE_00002866	MITE/DTA
TE_00002692_INT_02	LTR/Gypsy
TE_00002900_LTR	LTR/Gypsy
TE_00002873	MITE/DTA
TE_00002807	DNA/DTM
TE_00002760_LTR	LTR/Gypsy
TE_00002816	MITE/DTA
TE_00002817	MITE/DTA
TE_00002795	DNA/Helitron
TE_00002886	MITE/DTA
TE_00002916	MITE/DTA
TE_00002738_INT_02	LTR/unknown
TE_00002832	MITE/DTA
TE_00002825	DNA/DTA
TE_00002800	DNA/DTA
TE_00002803	DNA/DTA
TE_00002709_INT_02	LTR/Gypsy
TE_00002792_INT_01	LTR/unknown
TE_00002844	DNA/DTM
TE_00002853_INT	LTR/Copia
TE_00002922	MITE/DTM
TE_00002781_INT	LTR/unknown
TE_00002858	MITE/DTA
TE_00002883	DNA/DTC
TE_00002856	MITE/DTA
TE_00002864_INT	LTR/Copia
TE_00002947_LTR	LTR/Gypsy
TE_00002852	DNA/DTA
TE_00002812_INT	LTR/unknown
TE_00002834	DNA/DTA
TE_00002904_LTR	LTR/Gypsy
TE_00002885	DNA/DTA
TE_00002869	DNA/DTA
TE_00002895	MITE/DTA
TE_00002857	DNA/DTA
TE_00002841_INT	LTR/Copia
TE_00002896	DNA/DTA
TE_00002934	MITE/DTA
TE_00002911	MITE/DTA
TE_00002938	MITE/DTA
TE_00002952	MITE/DTA
TE_00002813	DNA/DTA
TE_00002928	MITE/DTA
TE_00002953	MITE/DTA
TE_00002987	DNA/DTM
TE_00002759_02	DNA/DTH
TE_00002930_INT	LTR/Gypsy
TE_00002944	MITE/DTA
TE_00002981	MITE/DTA
TE_00003023_LTR	LTR/Copia
TE_00002946	MITE/DTA
TE_00003001	MITE/DTA
TE_00002956_LTR	LTR/Gypsy
TE_00002926	MITE/DTA
TE_00002923_INT	LTR/Gypsy
TE_00003033_LTR	LTR/Gypsy
TE_00003007	MITE/DTA
TE_00003008	MITE/DTA
TE_00002897_INT	LTR/Gypsy
TE_00002863_01	DNA/DTM
TE_00002899	DNA/DTA
TE_00003026	MITE/DTA
TE_00002976	MITE/DTA
TE_00002965	DNA/DTA
TE_00003028	MITE/DTA
TE_00002971	DNA/DTA
TE_00003044	MITE/DTA
TE_00002966_INT	LTR/Gypsy
TE_00002984_LTR	LTR/unknown
TE_00002990	MITE/DTA
TE_00002925_LTR	LTR/Gypsy
TE_00002980_INT	LTR/Gypsy
TE_00003050	DNA/DTA
TE_00002930_INT_01	LTR/Gypsy
TE_00002969	DNA/Helitron
TE_00002979	DNA/DTA
TE_00002985	DNA/DTA
TE_00003039	MITE/DTA
TE_00002957_INT	LTR/Gypsy
TE_00003018	MITE/DTA
TE_00003012	DNA/DTA
TE_00003022	MITE/DTA
TE_00002995_INT	LTR/Gypsy
TE_00002983	DNA/DTA
TE_00003059_LTR	LTR/Gypsy
TE_00003077	MITE/DTA
TE_00003043	MITE/DTA
TE_00003045	MITE/DTA
TE_00003090	MITE/DTA
TE_00002991	DNA/DTA
TE_00003053	MITE/DTA
TE_00003046	DNA/DTA
TE_00003050_01	DNA/DTA
TE_00003024	DNA/DTC
TE_00003135	DNA/DTA
TE_00002950_INT	LTR/Gypsy
TE_00003056	DNA/DTA
TE_00003065	MITE/DTA
TE_00002988_INT	LTR/unknown
TE_00003031	DNA/Helitron
TE_00002980_INT_01	LTR/Gypsy
TE_00003027_INT	LTR/Gypsy
TE_00003149	MITE/DTA
TE_00003036_INT	LTR/Gypsy
TE_00003038_INT	LTR/Copia
TE_00003003	DNA/DTM
TE_00003136	MITE/DTA
TE_00003076	MITE/DTA
TE_00002969_01	DNA/Helitron
TE_00003158	MITE/DTA
TE_00003062	DNA/DTA
TE_00003097	MITE/DTA
TE_00003091	DNA/DTA
TE_00003154	MITE/DTA
TE_00003153	MITE/DTA
TE_00003017_INT	LTR/Gypsy
TE_00003048_INT	LTR/Gypsy
TE_00003128	MITE/DTA
TE_00003152_LTR	LTR/Copia
TE_00003156_LTR	LTR/Gypsy
TE_00003106	MITE/DTA
TE_00003084_INT	LTR/Gypsy
TE_00003094_INT	LTR/Copia
TE_00003115	DNA/DTA
TE_00003117	DNA/DTC
TE_00002980_INT_02	LTR/Gypsy
TE_00003163_INT	LTR/unknown
TE_00003132	DNA/DTA
TE_00003025	DNA/DTA
TE_00002988_INT_01	LTR/unknown
TE_00003139	MITE/DTA
TE_00003105	DNA/DTM
TE_00003137_INT	LTR/Gypsy
TE_00003140	MITE/DTA
TE_00003107	DNA/DTA
TE_00003145	DNA/DTA
TE_00003134	MITE/DTA
TE_00003130	DNA/DTC
TE_00003092_LTR	LTR/Gypsy
TE_00003148	MITE/DTA
TE_00003188	DNA/DTA
TE_00003193	MITE/DTA
TE_00003138_INT	LTR/Gypsy
TE_00003147_INT	LTR/Gypsy
TE_00003141_INT	LTR/unknown
TE_00003120	DNA/DTC
TE_00003143_INT	LTR/Gypsy
TE_00003157	MITE/DTA
TE_00003177_LTR	LTR/Gypsy
TE_00003159	MITE/DTA
TE_00003207	MITE/DTA
TE_00003094_INT_01	LTR/Copia
TE_00003217	MITE/DTA
TE_00003112	DNA/DTM
TE_00003230	MITE/DTA
TE_00003167	DNA/DTA
TE_00003187	DNA/DTA
TE_00003105_01	DNA/DTM
TE_00003100	DNA/Helitron
TE_00003262	MITE/DTA
TE_00003182	DNA/DTA
TE_00003179	MITE/DTA
TE_00003204	DNA/Helitron
TE_00003268	MITE/DTA
TE_00003133	DNA/DTC
TE_00003249	MITE/DTA
TE_00003141_INT_01	LTR/unknown
TE_00003254	MITE/DTA
TE_00003032_02	DNA/DTA
TE_00003178_INT	LTR/Copia
TE_00003198	DNA/Helitron
TE_00003147_INT_01	LTR/Gypsy
TE_00003150_INT_01	LTR/Gypsy
TE_00003209	MITE/DTM
TE_00003121_01	DNA/DTM
TE_00003211	MITE/DTA
TE_00003208	DNA/DTA
TE_00003221	MITE/DTA
TE_00003199_INT	LTR/Copia
TE_00003176_01	MITE/DTA
TE_00003293	DNA/DTM
TE_00003223	DNA/DTA
TE_00003040_INT	LTR/Copia
TE_00003245	DNA/DTA
TE_00003197_INT	LTR/unknown
TE_00003151_INT	LTR/Gypsy
TE_00003141_INT_02	LTR/unknown
TE_00003233	DNA/DTC
TE_00003081_INT	LTR/Gypsy
TE_00003229_LTR	LTR/Gypsy
TE_00003203_INT	LTR/Gypsy
TE_00003241	DNA/DTA
TE_00003235	DNA/DTH
TE_00003325	MITE/DTA
TE_00003150_INT_02	LTR/Gypsy
TE_00003282_LTR	LTR/Gypsy
TE_00003257_INT	LTR/Copia
TE_00003266	MITE/DTA
TE_00003279	DNA/DTA
TE_00003280	DNA/Helitron
TE_00003265	DNA/DTA
TE_00003288	MITE/DTA
TE_00003300	MITE/DTA
TE_00003264	DNA/DTA
TE_00003299_INT	LTR/Gypsy
TE_00003297	DNA/DTA
TE_00003277	DNA/DTA
TE_00003303	MITE/DTA
TE_00003363	MITE/DTA
TE_00003313	MITE/DTA
TE_00003273	DNA/DTC
TE_00003241_01	DNA/DTA
TE_00003311_INT	LTR/Gypsy
TE_00003324	MITE/DTA
TE_00003320	DNA/DTA
TE_00003358	MITE/DTA
TE_00003317	DNA/DTA
TE_00003329	DNA/Helitron
TE_00003323	MITE/DTA
TE_00003376	MITE/DTA
TE_00003314	MITE/DTA
TE_00003287	DNA/DTC
TE_00003378	MITE/DTA
TE_00003343_LTR	LTR/unknown
TE_00003334	DNA/DTA
TE_00003335	DNA/DTA
TE_00003388	MITE/DTA
TE_00003348	DNA/DTM
TE_00003400	MITE/DTA
TE_00003333_INT	LTR/Gypsy
TE_00003331	DNA/DTA
TE_00003299_INT_01	LTR/Gypsy
TE_00003404	MITE/DTA
TE_00003366	MITE/DTA
TE_00003417	MITE/DTA
TE_00003425	MITE/DTA
TE_00003319_INT	LTR/Gypsy
TE_00003391_LTR	LTR/Gypsy
TE_00003354	DNA/DTA
TE_00003385	DNA/DTA
TE_00003370_INT	LTR/Gypsy
TE_00003447	MITE/DTA
TE_00003338_LTR	LTR/Gypsy
TE_00003396	DNA/DTA
TE_00003452	MITE/DTA
TE_00003407	MITE/DTA
TE_00003398	DNA/DTA
TE_00003438	DNA/DTA
TE_00003431	DNA/DTA
TE_00003409	DNA/DTA
TE_00003403	DNA/DTA
TE_00003418	DNA/DTM
TE_00003432	DNA/DTC
TE_00003412_INT	LTR/Gypsy
TE_00003436_INT	LTR/Gypsy
TE_00003442	MITE/DTA
TE_00003426	DNA/DTC
TE_00003440	MITE/DTA
TE_00003350_LTR	LTR/unknown
TE_00003450	DNA/DTA
TE_00003435	DNA/DTA
TE_00003370_INT_01	LTR/Gypsy
TE_00003451	MITE/DTA
TE_00003422	DNA/DTA
TE_00003396_01	DNA/DTA
TE_00003397	DNA/DTC
TE_00003455	DNA/DTA
TE_00003429	DNA/DTC
TE_00003460	MITE/DTA
TE_00003504	MITE/DTA
TE_00003475_LTR	LTR/Gypsy
TE_00003415	DNA/DTA
TE_00003423_INT	LTR/Gypsy
TE_00003467	DNA/DTA
TE_00003458	DNA/DTA
TE_00003478	DNA/Helitron
TE_00003465_INT	LTR/Gypsy
TE_00003481	MITE/DTA
TE_00003477	DNA/DTM
TE_00003416_INT	LTR/Gypsy
TE_00003474_INT	LTR/Gypsy
TE_00003435_01	DNA/DTA
TE_00003370_INT_02	LTR/Gypsy
TE_00003412_INT_01	LTR/Gypsy
TE_00003540	MITE/DTA
TE_00003513	DNA/DTC
TE_00003543	MITE/DTA
TE_00003487_INT	LTR/Gypsy
TE_00003498	MITE/DTA
TE_00003552	MITE/DTA
TE_00003508	MITE/DTA
TE_00003584_LTR	LTR/Gypsy
TE_00003528	DNA/DTC
TE_00003499	MITE/DTA
TE_00003473	DNA/DTA
TE_00003510	DNA/DTA
TE_00003556	MITE/DTA
TE_00003555	DNA/Helitron
TE_00003492	DNA/DTM
TE_00003611	MITE/DTA
TE_00003585_LTR	LTR/Gypsy
TE_00003595	MITE/DTA
TE_00003380_INT	LTR/Gypsy
TE_00003495	DNA/DTM
TE_00003463	DNA/DTC
TE_00003494	DNA/Helitron
TE_00003598	MITE/DTA
TE_00003534	DNA/DTT
TE_00003337_INT	LTR/Gypsy
TE_00003539	DNA/DTA
TE_00003525_INT	LTR/Gypsy
TE_00003428_LTR	LTR/Gypsy
TE_00003524	DNA/DTC
TE_00003529_INT	LTR/Gypsy
TE_00003519	DNA/DTH
TE_00003617	MITE/DTA
TE_00003625_LTR	LTR/unknown
TE_00003631	MITE/DTA
TE_00003635	MITE/DTA
TE_00003566	MITE/DTA
TE_00003545	DNA/Helitron
TE_00003554_INT	LTR/Gypsy
TE_00003591_INT	LTR/unknown
TE_00003602_INT	LTR/unknown
TE_00003520	DNA/DTA
TE_00003621	MITE/DTA
TE_00003680	MITE/DTA
TE_00003583	DNA/DTA
TE_00003529_INT_01	LTR/Gypsy
TE_00003610	DNA/DTA
TE_00003597	DNA/DTA
TE_00003525_INT_01	LTR/Gypsy
TE_00003618	DNA/DTC
TE_00003639	MITE/DTA
TE_00003632	DNA/DTA
TE_00003696	MITE/DTA
TE_00003728	MITE/DTA
TE_00003627_INT	LTR/Gypsy
TE_00003653	DNA/DTA
TE_00003629	DNA/DTA
TE_00003532_INT_01	LTR/Gypsy
TE_00003561	DNA/DTA
TE_00003664	MITE/DTA
TE_00003714	MITE/DTA
TE_00003557_INT	LTR/Gypsy
TE_00003720	MITE/DTA
TE_00003668	DNA/DTA
TE_00003663	MITE/DTA
TE_00003677	MITE/DTA
TE_00003637	DNA/DTA
TE_00003730	MITE/DTA
TE_00003644	DNA/DTA
TE_00003560	DNA/DTC
TE_00003745	MITE/DTA
TE_00003679	DNA/DTM
TE_00003755	MITE/DTA
TE_00003623	DNA/DTC
TE_00003669	DNA/DTA
TE_00003786	MITE/DTA
TE_00003650_INT	LTR/Gypsy
TE_00003692	DNA/DTA
TE_00003678	DNA/DTA
TE_00003765	MITE/DTA
TE_00003768_INT	LTR/Gypsy
TE_00003773	MITE/DTA
TE_00003708	MITE/DTA
TE_00003713	DNA/DTM
TE_00003754	DNA/DTA
TE_00003703	DNA/DTM
TE_00003736	MITE/DTA
TE_00003647_01	DNA/DTM
TE_00003697_LTR	LTR/Gypsy
TE_00003699_INT	LTR/Gypsy
TE_00003716_INT	LTR/unknown
TE_00003757	MITE/DTA
TE_00003748	DNA/DTA
TE_00003758	MITE/DTA
TE_00003779	DNA/DTT
TE_00003650_INT_01	LTR/Gypsy
TE_00003782	MITE/DTA
TE_00003707_INT	LTR/unknown
TE_00003769	MITE/DTA
TE_00003776	MITE/DTA
TE_00003741_INT	LTR/unknown
TE_00003704_INT	LTR/unknown
TE_00003801	DNA/DTA
TE_00003793	MITE/DTA
TE_00003705	DNA/DTC
TE_00003775	MITE/DTA
TE_00003772	MITE/DTA
TE_00003781	MITE/DTA
TE_00003734	DNA/DTA
TE_00003831	MITE/DTA
TE_00003812	MITE/DTA
TE_00003703_01	DNA/DTM
TE_00003761_INT	LTR/unknown
TE_00003729_LTR	LTR/Gypsy
TE_00003774	DNA/DTA
TE_00003792	DNA/DTA
TE_00003739_INT	LTR/Gypsy
TE_00003843	MITE/DTA
TE_00003808	MITE/DTA
TE_00003790	DNA/DTC
TE_00003807	MITE/DTA
TE_00003811_INT	LTR/unknown
TE_00003718	DNA/DTA
TE_00003865	MITE/DTA
TE_00003815	MITE/DTA
TE_00003756_INT	LTR/unknown
TE_00003895_LTR	LTR/Gypsy
TE_00003821	DNA/DTC
TE_00003814	MITE/DTA
TE_00003801_01	DNA/DTA
TE_00003704_INT_01	LTR/unknown
TE_00003820	DNA/DTA
TE_00003813_INT	LTR/Gypsy
TE_00003825	MITE/DTA
TE_00003751_01	DNA/DTA
TE_00003760	DNA/Helitron
TE_00003863	MITE/DTA
TE_00003824	DNA/DTA
TE_00003823	DNA/DTA
TE_00003845	MITE/DTA
TE_00003761_INT_01	LTR/unknown
TE_00003853	MITE/DTA
TE_00003856	MITE/DTA
TE_00003911	MITE/DTA
TE_00003852	MITE/DTA
TE_00003851	MITE/DTA
TE_00003866	MITE/DTA
TE_00003862	MITE/DTA
TE_00003801_02	DNA/DTA
TE_00003870	DNA/DTA
TE_00003846	DNA/DTM
TE_00003885	MITE/DTA
TE_00003879	MITE/DTA
TE_00003867	DNA/DTC
TE_00003704_INT_02	LTR/unknown
TE_00003882	MITE/DTA
TE_00003880	DNA/DTA
TE_00003896	MITE/DTA
TE_00003890	DNA/DTM
TE_00003813_INT_01	LTR/Gypsy
TE_00003875_INT	LTR/Copia
TE_00003887_LTR	LTR/Gypsy
TE_00003943	DNA/DTM
TE_00003925	MITE/DTA
TE_00003903	MITE/DTA
TE_00003898	DNA/DTA
TE_00003892_INT	LTR/Gypsy
TE_00003761_INT_02	LTR/unknown
TE_00003741_INT_02	LTR/unknown
TE_00003916	MITE/DTA
TE_00003913	DNA/DTC
TE_00003801_03	DNA/DTA
TE_00003966	MITE/DTA
TE_00003943_01	DNA/DTM
TE_00003922	MITE/DTA
TE_00003876_INT	LTR/Gypsy
TE_00003926	DNA/DTA
TE_00003934	MITE/DTA
TE_00003923	DNA/DTA
TE_00004010	MITE/DTA
TE_00003912_INT	LTR/Gypsy
TE_00003917_INT	LTR/Gypsy
TE_00003936_INT	LTR/unknown
TE_00003947	DNA/DTA
TE_00003880_01	DNA/DTA
TE_00003918_INT	LTR/Gypsy
TE_00003929	DNA/DTA
TE_00003889_INT_01	LTR/unknown
TE_00003948	MITE/DTA
TE_00003914_INT	LTR/unknown
TE_00003899	DNA/DTA
TE_00003941_INT	LTR/Gypsy
TE_00003937	DNA/DTA
TE_00003968	DNA/DTA
TE_00003959	DNA/DTA
TE_00004029	MITE/DTA
TE_00003960	DNA/DTA
TE_00004027	MITE/DTA
TE_00003931_INT	LTR/unknown
TE_00003985	MITE/DTA
TE_00004004_INT	LTR/Gypsy
TE_00003971	DNA/DTA
TE_00004005	MITE/DTA
TE_00003970	DNA/DTA
TE_00003956_INT	LTR/Gypsy
TE_00003915_INT_01	LTR/unknown
TE_00004022	MITE/DTA
TE_00003990_INT	LTR/Gypsy
TE_00003889_INT_02	LTR/unknown
TE_00004001	MITE/DTA
TE_00003988_INT	LTR/Gypsy
TE_00004061	MITE/DTA
TE_00004059	MITE/DTA
TE_00004016_INT	LTR/Gypsy
TE_00004012	DNA/DTM
TE_00004033_INT	LTR/Gypsy
TE_00004020	DNA/DTA
TE_00003993_INT	LTR/Gypsy
TE_00004000	DNA/DTC
TE_00004084	MITE/DTA
TE_00004058	MITE/DTA
TE_00004006_INT	LTR/Gypsy
TE_00004089	MITE/DTA
TE_00004045	MITE/DTA
TE_00004038	MITE/DTA
TE_00003994_LTR	LTR/Gypsy
TE_00003999_INT	LTR/Gypsy
TE_00003936_INT_02	LTR/unknown
TE_00004024_INT	LTR/Gypsy
TE_00003889_INT_03	LTR/unknown
TE_00003915_INT_02	LTR/unknown
TE_00003931_INT_01	LTR/unknown
TE_00003958_INT_01	LTR/Gypsy
TE_00004020_01	DNA/DTA
TE_00003988_INT_01	LTR/Gypsy
TE_00004075	MITE/DTA
TE_00003941_INT_02	LTR/Gypsy
TE_00004057	DNA/DTA
TE_00004070_INT	LTR/Gypsy
TE_00004023_LTR	LTR/Gypsy
TE_00004073	DNA/DTA
TE_00004067_INT	LTR/Gypsy
TE_00004086	MITE/DTA
TE_00004072	DNA/Helitron
TE_00004121	DNA/DTH
TE_00004087	DNA/DTM
TE_00004042	DNA/DTA
TE_00004117	MITE/DTA
TE_00004076_INT	LTR/Gypsy
TE_00004037	DNA/DTA
TE_00004093_INT	LTR/unknown
TE_00004090_INT	LTR/Gypsy
TE_00003915_INT_03	LTR/unknown
TE_00004148	MITE/DTA
TE_00004097	MITE/DTA
TE_00004095	DNA/DTA
TE_00004100	MITE/DTA
TE_00004094	DNA/DTC
TE_00004131	MITE/DTA
TE_00004110	MITE/DTA
TE_00004132	MITE/DTA
TE_00003988_INT_02	LTR/Gypsy
TE_00004106	DNA/DTT
TE_00004112_INT	LTR/Gypsy
TE_00004115	MITE/DTC
TE_00004104_INT	LTR/Gypsy
TE_00004067_INT_01	LTR/Gypsy
TE_00004070_INT_01	LTR/Gypsy
TE_00004114	DNA/Helitron
TE_00004120	MITE/DTA
TE_00004163	MITE/DTA
TE_00004068	DNA/DTA
TE_00004113_INT	LTR/Copia
TE_00004091_LTR	LTR/Gypsy
TE_00004109_INT	LTR/Gypsy
TE_00003982_INT	LTR/Gypsy
TE_00004090_INT_01	LTR/Gypsy
TE_00004209	MITE/DTA
TE_00004116_INT	LTR/Gypsy
TE_00004081_LTR	LTR/Gypsy
TE_00004157	MITE/DTA
TE_00004197	MITE/DTA
TE_00004139	DNA/DTA
TE_00004140	DNA/DTA
TE_00004049_INT	LTR/unknown
TE_00004203	MITE/DTA
TE_00004175	MITE/DTA
TE_00004103	DNA/DTC
TE_00004124_INT	LTR/Gypsy
TE_00004112_INT_01	LTR/Gypsy
TE_00004128	DNA/Helitron
TE_00004093_INT_01	LTR/unknown
TE_00004145	DNA/DTH
TE_00004186_LTR	LTR/Gypsy
TE_00004158	MITE/DTA
TE_00004239	MITE/DTA
TE_00004070_INT_02	LTR/Gypsy
TE_00004253	MITE/DTA
TE_00004170	MITE/DTA
TE_00004178	MITE/DTA
TE_00004185	MITE/DTA
TE_00004182	MITE/DTA
TE_00004187	MITE/DTA
TE_00004210	MITE/DTA
TE_00004190	DNA/DTM
TE_00004090_INT_02	LTR/Gypsy
TE_00004226	MITE/DTA
TE_00004179_INT	LTR/Gypsy
TE_00004159_LTR	LTR/Gypsy
TE_00004282	MITE/DTA
TE_00004112_INT_02	LTR/Gypsy
TE_00004173_INT	LTR/Gypsy
TE_00004205	DNA/DTA
TE_00004113_INT_01	LTR/Copia
TE_00004219	MITE/DTA
TE_00004214_LTR	LTR/Gypsy
TE_00004194_INT	LTR/Gypsy
TE_00004070_INT_03	LTR/Gypsy
TE_00004165	DNA/DTA
TE_00004211	DNA/DTA
TE_00004215	MITE/DTA
TE_00004223	MITE/DTA
TE_00004307	MITE/DTA
TE_00004216	DNA/DTA
TE_00004183	DNA/DTA
TE_00004231	MITE/DTA
TE_00004246	MITE/DTA
TE_00004314	MITE/DTA
TE_00004240	MITE/DTA
TE_00004154_LTR	LTR/Gypsy
TE_00004234_INT	LTR/Gypsy
TE_00004124_INT_01	LTR/Gypsy
TE_00004162_INT	LTR/Gypsy
TE_00004311	MITE/DTA
TE_00004312	MITE/DTA
TE_00004315	MITE/DTA
TE_00004179_INT_01	LTR/Gypsy
TE_00004318	MITE/DTA
TE_00004237_INT	LTR/Gypsy
TE_00004214_LTR_01	LTR/Gypsy
TE_00004264	DNA/DTA
TE_00004173_INT_01	LTR/Gypsy
TE_00004222_INT	LTR/unknown
TE_00004206	DNA/DTA
TE_00004249_INT	LTR/Gypsy
TE_00004349	MITE/DTA
TE_00004267	DNA/DTC
TE_00004353	MITE/DTA
TE_00004101_INT_01	LTR/Gypsy
TE_00004287	DNA/DTA
TE_00004335	MITE/DTA
TE_00004303	MITE/DTA
TE_00004283	MITE/DTA
TE_00004276	DNA/DTC
TE_00004234_INT_01	LTR/Gypsy
TE_00004299	MITE/DTA
TE_00004346	MITE/DTA
TE_00004309	MITE/DTA
TE_00004358	MITE/DTA
TE_00004124_INT_02	LTR/Gypsy
TE_00004297_INT	LTR/Gypsy
TE_00004290_INT	LTR/Gypsy
TE_00004274_INT	LTR/unknown
TE_00004292	DNA/DTA
TE_00004316	DNA/DTA
TE_00004108_INT	LTR/unknown
TE_00004378	MITE/DTA
TE_00004275	DNA/Helitron
TE_00004325_LTR	LTR/Gypsy
TE_00004393	MITE/DTA
TE_00004387	MITE/DTA
TE_00004300	DNA/DTA
TE_00004276_01	DNA/DTC
TE_00004324	DNA/DTA
TE_00004332	DNA/Helitron
TE_00004338	MITE/DTA
TE_00004373	MITE/DTA
TE_00004344	MITE/DTA
TE_00004234_INT_02	LTR/Gypsy
TE_00004236_INT	LTR/Gypsy
TE_00004337	DNA/DTA
TE_00004342	DNA/DTA
TE_00004290_INT_01	LTR/Gypsy
TE_00004368	DNA/DTM
TE_00004286_01	DNA/DTA
TE_00004302_INT	LTR/Gypsy
TE_00004370	DNA/DTT
TE_00004371	DNA/DTA
TE_00004321	DNA/DTA
TE_00004415	MITE/DTA
TE_00004365_INT	LTR/Gypsy
TE_00004274_INT_01	LTR/unknown
TE_00004376	MITE/DTA
TE_00004295_INT	LTR/Gypsy
TE_00004380	DNA/DTA
TE_00004382_INT	LTR/Gypsy
TE_00004384	MITE/DTA
TE_00004423	MITE/DTA
TE_00004334	DNA/DTA
TE_00004325_LTR_01	LTR/Gypsy
TE_00004431	MITE/DTA
TE_00004395	DNA/DTM
TE_00004433	MITE/DTA
TE_00004379_INT	LTR/Gypsy
TE_00004443	MITE/DTA
TE_00004396	DNA/DTA
TE_00004374_INT	LTR/Gypsy
TE_00004280_INT	LTR/Copia
TE_00004278_INT	LTR/Copia
TE_00004438_LTR	LTR/Gypsy
TE_00004237_INT_02	LTR/Gypsy
TE_00004398	DNA/DTA
TE_00004426_LTR	LTR/Gypsy
TE_00004290_INT_02	LTR/Gypsy
TE_00004399	DNA/DTC
TE_00004420	DNA/DTM
TE_00004461	MITE/DTA
TE_00004324_01	DNA/DTA
TE_00004331_INT	LTR/unknown
TE_00004488_LTR	LTR/Gypsy
TE_00004416	MITE/DTA
TE_00004365_INT_01	LTR/Gypsy
TE_00004451_LTR	LTR/unknown
TE_00004471	MITE/DTA
TE_00004500_LTR	LTR/Gypsy
TE_00004424	DNA/DTA
TE_00004486	MITE/DTA
TE_00004407_INT	LTR/Gypsy
TE_00004369_01	DNA/DTA
TE_00004447_LTR	LTR/Gypsy
TE_00004442	MITE/DTA
TE_00004458	MITE/DTA
TE_00004396_01	DNA/DTA
TE_00004429_LTR	LTR/Gypsy
TE_00004379_INT_01	LTR/Gypsy
TE_00004374_INT_01	LTR/Gypsy
TE_00004398_01	DNA/DTA
TE_00004524	MITE/DTA
TE_00004401	DNA/DTA
TE_00004453	MITE/DTA
TE_00004464	DNA/DTA
TE_00004511	MITE/DTA
TE_00004466	DNA/DTM
TE_00004467	DNA/DTA
TE_00004545_LTR	LTR/unknown
TE_00004449	DNA/DTA
TE_00004487	MITE/DTA
TE_00004557_LTR	LTR/Gypsy
TE_00004480_INT	LTR/Copia
TE_00004463	DNA/DTC
TE_00004495	DNA/DTA
TE_00004374_INT_02	LTR/Gypsy
TE_00004530_LTR	LTR/Gypsy
TE_00004406_INT	LTR/unknown
TE_00004476_INT	LTR/Gypsy
TE_00004394_INT	LTR/unknown
TE_00004454_LTR	LTR/Gypsy
TE_00004519_INT	LTR/unknown
TE_00004567	MITE/DTA
TE_00004589	DNA/DTA
TE_00004516	DNA/DTC
TE_00004512	DNA/DTA
TE_00004539	DNA/DTC
TE_00004482_INT	LTR/Copia
TE_00004578	MITE/DTA
TE_00004579	MITE/DTA
TE_00004503	DNA/DTA
TE_00004499	DNA/Helitron
TE_00004543	DNA/DTC
TE_00004484	DNA/DTM
TE_00004507_INT	LTR/Copia
TE_00004596	DNA/DTA
TE_00004552	DNA/DTA
TE_00004560	MITE/DTA
TE_00004489_INT	LTR/Gypsy
TE_00004555	DNA/DTA
TE_00004626_LTR	LTR/Gypsy
TE_00004548	DNA/DTA
TE_00004629	MITE/DTA
TE_00004476_INT_01	LTR/Gypsy
TE_00004479_INT_01	LTR/unknown
TE_00004563	MITE/DTA
TE_00004593	MITE/DTA
TE_00004533	DNA/Helitron
TE_00004574	MITE/DTA
TE_00004649	MITE/DTA
TE_00004651	DNA/DTA
TE_00004508_LTR	LTR/Copia
TE_00004659	MITE/DTA
TE_00004571	MITE/DTA
TE_00004592	MITE/DTA
TE_00004640	MITE/DTA
TE_00004505_INT	LTR/Gypsy
TE_00004591_INT	LTR/Gypsy
TE_00004597_LTR	LTR/unknown
TE_00004595	DNA/DTC
TE_00004517	DNA/Helitron
TE_00004568_LTR	LTR/Copia
TE_00004583_INT	LTR/unknown
TE_00004602	MITE/DTA
TE_00004575_INT	LTR/Gypsy
TE_00004601	DNA/DTC
TE_00004489_INT_01	LTR/Gypsy
TE_00004494_INT_01	LTR/Copia
TE_00004638	DNA/DTC
TE_00004472_INT	LTR/unknown
TE_00004655	MITE/DTC
TE_00004627	DNA/DTM
TE_00004641	MITE/DTA
TE_00004533_01	DNA/Helitron
TE_00004720	MITE/DTA
TE_00004652	MITE/DTA
TE_00004636	DNA/DTA
TE_00004591_INT_01	LTR/Gypsy
TE_00004631	DNA/DTC
TE_00004657	MITE/DTA
TE_00004642_LTR	LTR/Gypsy
TE_00004665	MITE/DTA
TE_00004637	DNA/Helitron
TE_00004623	DNA/DTA
TE_00004714_INT	LTR/Gypsy
TE_00004565_LTR	LTR/Gypsy
TE_00004686	DNA/DTM
TE_00004699	MITE/DTA
TE_00004666	DNA/DTA
TE_00004725	MITE/DTA
TE_00004675	DNA/DTA
TE_00004489_INT_02	LTR/Gypsy
TE_00004677	MITE/DTA
TE_00004632_INT	LTR/unknown
TE_00004646_INT	LTR/Gypsy
TE_00004654	DNA/Helitron
TE_00004678	MITE/DTA
TE_00004679	DNA/DTA
TE_00004634	DNA/DTA
TE_00004758	MITE/DTA
TE_00004664_LTR	LTR/Gypsy
TE_00004497_INT_01	LTR/unknown
TE_00004676	DNA/DTA
TE_00004703	DNA/DTC
TE_00004769	MITE/DTA
TE_00004716	MITE/DTM
TE_00004709_LTR	LTR/Gypsy
TE_00004777	MITE/DTA
TE_00004722	MITE/DTM
TE_00004729	MITE/DTA
TE_00004795_LTR	LTR/unknown
TE_00004768	MITE/DTA
TE_00004696	DNA/DTC
TE_00004685	DNA/DTM
TE_00004546_01	DNA/DTA
TE_00004756	DNA/DTA
TE_00004808	MITE/DTA
TE_00004723_INT	LTR/Gypsy
TE_00004748	MITE/DTA
TE_00004809	MITE/DTA
TE_00004750_INT	LTR/Copia
TE_00004817	DNA/DTM
TE_00004765	MITE/DTA
TE_00004744	DNA/DTA
TE_00004825	MITE/DTA
TE_00004747	MITE/DTA
TE_00004773_INT	LTR/Gypsy
TE_00004803	MITE/DTM
TE_00004759	DNA/DTA
TE_00004732	DNA/DTA
TE_00004826	MITE/DTA
TE_00004749_INT	LTR/Gypsy
TE_00004741_INT	LTR/Gypsy
TE_00004776	DNA/DTA
TE_00004781	DNA/DTA
TE_00004779	MITE/DTA
TE_00004787	DNA/DTM
TE_00004789	MITE/DTA
TE_00004857	MITE/DTA
TE_00004797_INT	LTR/Gypsy
TE_00004790	DNA/DTA
TE_00004864	MITE/DTA
TE_00004739_INT	LTR/Gypsy
TE_00004723_INT_01	LTR/Gypsy
TE_00004816	MITE/DTA
TE_00004875	MITE/DTA
TE_00004796	DNA/DTA
TE_00004907	MITE/DTA
TE_00004838_LTR	LTR/Gypsy
TE_00004883	MITE/DTA
TE_00004794	DNA/DTM
TE_00004834	MITE/DTA
TE_00004923_LTR	LTR/Copia
TE_00004766_01	DNA/DTA
TE_00004929_LTR	LTR/Gypsy
TE_00004860	DNA/DTA
TE_00004730_LTR	LTR/Gypsy
TE_00004846	DNA/DTA
TE_00004911	MITE/DTA
TE_00004879	MITE/DTA
TE_00004859	DNA/DTA
TE_00004824	DNA/DTC
TE_00004951	MITE/DTA
TE_00004839	DNA/DTA
TE_00004856	MITE/DTA
TE_00004849	MITE/DTA
TE_00004926	MITE/DTA
TE_00004836_LTR	LTR/Copia
TE_00004827	DNA/Helitron
TE_00004871	MITE/DTA
TE_00004971	MITE/DTA
TE_00004786	DNA/DTC
TE_00004881	MITE/DTA
TE_00004847	DNA/DTA
TE_00004884	DNA/DTA
TE_00004877	MITE/DTA
TE_00004887	DNA/DTA
TE_00004961_LTR	LTR/Gypsy
TE_00004917_LTR	LTR/Copia
TE_00004863	MITE/DTA
TE_00004924	MITE/DTA
TE_00004835	DNA/DTA
TE_00004760_INT	LTR/Gypsy
TE_00004930	DNA/DTM
TE_00004912	DNA/Helitron
TE_00005015	DNA/DTM
TE_00004916_INT	LTR/unknown
TE_00004920	DNA/DTA
TE_00004895	DNA/DTC
TE_00004925	DNA/DTA
TE_00004945	MITE/DTA
TE_00005007	MITE/DTA
TE_00004937_LTR	LTR/Gypsy
TE_00005013	MITE/DTA
TE_00004830_01	DNA/DTA
TE_00004953	MITE/DTA
TE_00005019	MITE/DTA
TE_00004931_INT	LTR/Gypsy
TE_00004982	MITE/DTA
TE_00004962	DNA/DTA
TE_00004968_INT	LTR/Gypsy
TE_00004989	DNA/DTA
TE_00004870	DNA/DTA
TE_00004973_INT	LTR/Gypsy
TE_00004993	DNA/DTM
TE_00004991	DNA/DTA
TE_00004952_INT	LTR/Gypsy
TE_00005001	MITE/DTA
TE_00004943_INT	LTR/Gypsy
TE_00004963	DNA/DTA
TE_00005008	DNA/DTA
TE_00004983	DNA/DTA
TE_00005004	MITE/DTA
TE_00005024	MITE/DTA
TE_00005006	MITE/DTA
TE_00004976_INT	LTR/Gypsy
TE_00005003	MITE/DTA
TE_00004975_INT	LTR/unknown
TE_00005057	MITE/DTA
TE_00005010	DNA/DTA
TE_00004938	DNA/DTA
TE_00004990_INT	LTR/unknown
TE_00005042	MITE/DTA
TE_00004931_INT_01	LTR/Gypsy
TE_00004987	DNA/Helitron
TE_00005009	DNA/DTA
TE_00005022	MITE/DTA
TE_00005027	DNA/DTM
TE_00004968_INT_01	LTR/Gypsy
TE_00005078	MITE/DTA
TE_00004969_INT	LTR/Gypsy
TE_00005048	MITE/DTA
TE_00005032	MITE/DTA
TE_00004973_INT_01	LTR/Gypsy
TE_00004932_INT_01	LTR/Gypsy
TE_00005021_INT	LTR/Gypsy
TE_00005020_INT	LTR/Gypsy
TE_00005030_INT	LTR/Gypsy
TE_00004916_INT_02	LTR/unknown
TE_00005047_INT	LTR/Gypsy
TE_00005111	MITE/DTA
TE_00005037	DNA/DTA
TE_00005077	MITE/DTA
TE_00005051	MITE/DTA
TE_00004869_INT	LTR/Gypsy
TE_00005064	MITE/DTA
TE_00004975_INT_01	LTR/unknown
TE_00004990_INT_01	LTR/unknown
TE_00005095	MITE/DTA
TE_00005018_01	DNA/DTA
TE_00005074	MITE/DTA
TE_00005076	MITE/DTA
TE_00005080	MITE/DTA
TE_00005082	MITE/DTA
TE_00005060	DNA/DTA
TE_00005083	MITE/DTA
TE_00005053_LTR	LTR/unknown
TE_00004973_INT_02	LTR/Gypsy
TE_00005155	DNA/DTA
TE_00005043_INT	LTR/Gypsy
TE_00005030_INT_01	LTR/Gypsy
TE_00005052_INT	LTR/unknown
TE_00005090	DNA/DTA
TE_00005093_INT	LTR/Gypsy
TE_00005103	DNA/DTC
TE_00005094_INT	LTR/Copia
TE_00005046_INT	LTR/Gypsy
TE_00005020_INT_01	LTR/Gypsy
TE_00005132	MITE/DTA
TE_00005121	MITE/DTA
TE_00005196	MITE/DTA
TE_00004975_INT_02	LTR/unknown
TE_00005165_INT	LTR/Gypsy
TE_00005123_LTR	LTR/Gypsy
TE_00005204	MITE/DTA
TE_00005138	MITE/DTA
TE_00005133	DNA/DTA
TE_00005134	DNA/DTA
TE_00005176	MITE/DTA
TE_00005157_INT	LTR/Gypsy
TE_00005144	DNA/DTM
TE_00005098	DNA/DTA
TE_00005161	DNA/Helitron
TE_00005081_INT	LTR/Gypsy
TE_00005099	DNA/DTA
TE_00005195	MITE/DTA
TE_00005175	MITE/DTA
TE_00005140_INT	LTR/unknown
TE_00005158	DNA/DTC
TE_00005198	MITE/DTA
TE_00005130_LTR	LTR/Gypsy
TE_00005093_INT_01	LTR/Gypsy
TE_00005172_INT	LTR/unknown
TE_00005046_INT_01	LTR/Gypsy
TE_00005186	DNA/DTC
TE_00005180	DNA/DTC
TE_00005184	DNA/DTA
TE_00005182	DNA/DTA
TE_00005192_INT	LTR/Gypsy
TE_00005281	MITE/DTA
TE_00005210_INT	LTR/Gypsy
TE_00005214	DNA/DTA
TE_00005232	DNA/DTA
TE_00005220	DNA/DTA
TE_00005287	MITE/DTA
TE_00005098_01	DNA/DTA
TE_00005140_INT_01	LTR/unknown
TE_00005093_INT_02	LTR/Gypsy
TE_00005228_INT	LTR/Gypsy
TE_00005229	DNA/DTC
TE_00005207	DNA/DTC
TE_00005237	DNA/DTA
TE_00005303	MITE/DTM
TE_00005240	MITE/DTA
TE_00005254	MITE/DTA
TE_00005242	DNA/Helitron
TE_00005310	MITE/DTA
TE_00005311	MITE/DTA
TE_00005261	MITE/DTA
TE_00005246	DNA/DTA
TE_00005152_01	DNA/DTC
TE_00005258_INT	LTR/Gypsy
TE_00005234	DNA/DTC
TE_00005277	MITE/DTA
TE_00005271	MITE/DTA
TE_00005192_INT_01	LTR/Gypsy
TE_00005274	MITE/DTA
TE_00005210_INT_01	LTR/Gypsy
TE_00005227_INT	LTR/Copia
TE_00005239	DNA/DTA
TE_00005187_INT	LTR/Gypsy
TE_00005294	MITE/DTA
TE_00005292	MITE/DTA
TE_00005265	DNA/DTA
TE_00005276_LTR	LTR/Gypsy
TE_00005309	MITE/DTA
TE_00005093_INT_03	LTR/Gypsy
TE_00005228_INT_01	LTR/Gypsy
TE_00005267_INT	LTR/Gypsy
TE_00005293	DNA/DTA
TE_00005300_LTR	LTR/unknown
TE_00005380	MITE/DTA
TE_00005305_INT	LTR/Gypsy
TE_00005236_INT	LTR/unknown
TE_00005316	MITE/DTA
TE_00005315	MITE/DTA
TE_00005207_01	DNA/DTC
TE_00005308	DNA/DTA
TE_00005318	DNA/DTA
TE_00005152_02	DNA/DTC
TE_00005286_INT	LTR/Gypsy
TE_00005325	MITE/DTA
TE_00005320	MITE/DTA
TE_00005298_INT	LTR/Gypsy
TE_00005210_INT_02	LTR/Gypsy
TE_00005335	MITE/DTA
TE_00005192_INT_02	LTR/Gypsy
TE_00005329	DNA/DTA
TE_00005251_INT	LTR/Gypsy
TE_00005323	DNA/DTH
TE_00005416	MITE/DTA
TE_00005391	MITE/DTA
TE_00005384	MITE/DTA
TE_00005339	MITE/DTA
TE_00005333	DNA/DTA
TE_00005340	MITE/DTA
TE_00005375	MITE/DTA
TE_00005338	DNA/DTA
TE_00005342	DNA/DTA
TE_00005352	MITE/DTA
TE_00005379	DNA/DTA
TE_00005370	MITE/DTA
TE_00005421	MITE/DTA
TE_00005386	MITE/DTA
TE_00005371	DNA/DTA
TE_00005442	MITE/DTA
TE_00005328_01	MITE/DTA
TE_00005374	DNA/DTA
TE_00005433	MITE/DTA
TE_00005280_INT_01	LTR/Gypsy
TE_00005387	DNA/DTA
TE_00005394_INT	LTR/unknown
TE_00005381	DNA/DTC
TE_00005402	DNA/DTA
TE_00005372_INT	LTR/Gypsy
TE_00005491	DNA/DTA
TE_00005415	MITE/DTA
TE_00005258_INT_01	LTR/Gypsy
TE_00005404	DNA/DTA
TE_00005317_INT	LTR/Gypsy
TE_00005407	DNA/DTM
TE_00005412_INT	LTR/Gypsy
TE_00005377	DNA/DTC
TE_00005427	MITE/DTA
TE_00005479_LTR	LTR/Gypsy
TE_00005426	DNA/DTA
TE_00005393	DNA/Helitron
TE_00005423	DNA/DTA
TE_00005428	MITE/DTA
TE_00005430	DNA/DTM
TE_00005417_INT	LTR/unknown
TE_00005369	DNA/DTA
TE_00005447	DNA/DTA
TE_00005453	MITE/DTA
TE_00005444	DNA/DTA
TE_00005382_INT	LTR/Gypsy
TE_00005518	MITE/DTA
TE_00005549	DNA/DTA
TE_00005432	DNA/Helitron
TE_00005550	MITE/DTA
TE_00005456	DNA/DTA
TE_00005408_INT	LTR/unknown
TE_00005466	DNA/Helitron
TE_00005441	DNA/DTA
TE_00005454_INT	LTR/unknown
TE_00005412_INT_01	LTR/Gypsy
TE_00005478	MITE/DTA
TE_00005488	MITE/DTA
TE_00005498	MITE/DTA
TE_00005555	MITE/DTA
TE_00005346_INT_01	LTR/unknown
TE_00005480_INT	LTR/unknown
TE_00005393_01	DNA/Helitron
TE_00005508	MITE/DTA
TE_00005506	DNA/DTA
TE_00005502	DNA/DTA
TE_00005525	MITE/DTA
TE_00005514	MITE/DTA
TE_00005583	MITE/DTA
TE_00005520	DNA/DTT
TE_00005495	DNA/DTA
TE_00005519_INT	LTR/Copia
TE_00005505_INT	LTR/Copia
TE_00005481	DNA/DTC
TE_00005452_INT	LTR/Gypsy
TE_00005564_LTR	LTR/Copia
TE_00005533_INT	LTR/Gypsy
TE_00005486_INT	LTR/unknown
TE_00005422	DNA/DTT
TE_00005591	MITE/DTA
TE_00005408_INT_01	LTR/unknown
TE_00005547	MITE/DTA
TE_00005558	MITE/DTA
TE_00005412_INT_02	LTR/Gypsy
TE_00005596	MITE/DTA
TE_00005531_LTR	LTR/unknown
TE_00005563	MITE/DTC
TE_00005417_INT_01	LTR/unknown
TE_00005493_INT_01	LTR/Copia
TE_00005607	MITE/DTA
TE_00005609	MITE/DTA
TE_00005577	MITE/DTA
TE_00005578	MITE/DTA
TE_00005506_01	DNA/DTA
TE_00005393_02	DNA/Helitron
TE_00005513_LTR	LTR/unknown
TE_00005541	DNA/Helitron
TE_00005554_INT	LTR/unknown
TE_00005553	DNA/DTA
TE_00005532_INT	LTR/Gypsy
TE_00005519_INT_01	LTR/Copia
TE_00005634	MITE/DTA
TE_00005664	MITE/DTA
TE_00005587_LTR	LTR/Gypsy
TE_00005566	DNA/DTA
TE_00005565_INT	LTR/Gypsy
TE_00005533_INT_01	LTR/Gypsy
TE_00005452_INT_01	LTR/Gypsy
TE_00005600	MITE/DTA
TE_00005602	MITE/DTA
TE_00005595	MITE/DTA
TE_00005592	MITE/DTA
TE_00005626	DNA/DTA
TE_00005493_INT_02	LTR/Copia
TE_00005548	DNA/DTA
TE_00005588	DNA/DTA
TE_00005537_INT	LTR/Gypsy
TE_00005586_INT	LTR/Gypsy
TE_00005624	MITE/DTA
TE_00005606	MITE/DTA
TE_00005614	MITE/DTA
TE_00005615	DNA/DTC
TE_00005632	DNA/DTA
TE_00005619	MITE/DTA
TE_00005662	MITE/DTA
TE_00005587_LTR_01	LTR/Gypsy
TE_00005631	MITE/DTA
TE_00005714	MITE/DTA
TE_00005648	DNA/DTA
TE_00005651	MITE/DTA
TE_00005693	MITE/DTA
TE_00005655	DNA/DTM
TE_00005582	DNA/DTM
TE_00005452_INT_02	LTR/Gypsy
TE_00005665	MITE/DTA
TE_00005652	DNA/DTC
TE_00005493_INT_03	LTR/Copia
TE_00005643	DNA/DTA
TE_00005689	MITE/DTA
TE_00005645_INT	LTR/Gypsy
TE_00005663_INT	LTR/Gypsy
TE_00005676	MITE/DTA
TE_00005675_INT	LTR/Gypsy
TE_00005678	DNA/DTA
TE_00005677	MITE/DTA
TE_00005586_INT_01	LTR/Gypsy
TE_00005691	DNA/DTA
TE_00005685	DNA/Helitron
TE_00005670	DNA/DTC
TE_00005611	DNA/DTM
TE_00005755	MITE/DTA
TE_00005601_LTR	LTR/Copia
TE_00005703	MITE/DTA
TE_00005813_LTR	LTR/Gypsy
TE_00005663_INT_01	LTR/Gypsy
TE_00005716	DNA/DTA
TE_00005711_INT	LTR/Gypsy
TE_00005722_INT	LTR/Gypsy
TE_00005724_INT	LTR/Gypsy
TE_00005734	DNA/DTA
TE_00005587_LTR_03	LTR/Gypsy
TE_00005696	DNA/DTA
TE_00005749_INT	LTR/unknown
TE_00005763_INT	LTR/unknown
TE_00005758	MITE/DTA
TE_00005822	MITE/DTA
TE_00005775	MITE/DTA
TE_00005757	DNA/DTA
TE_00005640_INT_01	LTR/Gypsy
TE_00005764_INT	LTR/unknown
TE_00005647_INT	LTR/unknown
TE_00005801	MITE/DTA
TE_00005776	MITE/DTA
TE_00005663_INT_02	LTR/Gypsy
TE_00005788	MITE/DTA
TE_00005794	MITE/DTA
TE_00005627_INT_01	LTR/unknown
TE_00005798_INT	LTR/Gypsy
TE_00005705_01	DNA/DTM
TE_00005844	MITE/DTA
TE_00005746_INT	LTR/Gypsy
TE_00005724_INT_01	LTR/Gypsy
TE_00005824	DNA/DTC
TE_00005711_INT_01	LTR/Gypsy
TE_00005815	DNA/DTA
TE_00005852	MITE/DTA
TE_00005715	DNA/DTC
TE_00005709_LTR	LTR/Gypsy
TE_00005818	DNA/DTA
TE_00005679_INT	LTR/Gypsy
TE_00005789	DNA/Helitron
TE_00005814	DNA/DTA
TE_00005821	MITE/DTA
TE_00005797_INT	LTR/Gypsy
TE_00005870	MITE/DTA
TE_00005748_INT	LTR/Gypsy
TE_00005839	MITE/DTA
TE_00005922_LTR	LTR/Gypsy
TE_00005764_INT_01	LTR/unknown
TE_00005819	DNA/DTA
TE_00005712_INT_01	LTR/Gypsy
TE_00005845_INT	LTR/Gypsy
TE_00005841_INT	LTR/unknown
TE_00005842	DNA/DTA
TE_00005831_INT	LTR/Gypsy
TE_00005880	DNA/DTC
TE_00005851_INT	LTR/Gypsy
TE_00005889	DNA/DTC
TE_00005863	MITE/DTA
TE_00005733_INT_01	LTR/Gypsy
TE_00005789_01	DNA/Helitron
TE_00005913	DNA/DTA
TE_00005754	DNA/DTA
TE_00005935	MITE/DTA
TE_00005884	MITE/DTA
TE_00005900	MITE/DTA
TE_00005866	DNA/DTC
TE_00005949	MITE/DTA
TE_00005849	DNA/DTM
TE_00005897	DNA/DTA
TE_00005764_INT_02	LTR/unknown
TE_00005898	DNA/DTC
TE_00005973	MITE/DTA
TE_00005819_01	DNA/DTA
TE_00005909	MITE/DTA
TE_00005845_INT_01	LTR/Gypsy
TE_00005912	DNA/DTA
TE_00005924	MITE/DTA
TE_00005921	MITE/DTA
TE_00005963	MITE/DTA
TE_00005878	DNA/DTA
TE_00005926	MITE/DTA
TE_00005932	MITE/DTA
TE_00005997	MITE/DTA
TE_00005894	DNA/DTC
TE_00005915	DNA/DTC
TE_00005974	MITE/DTA
TE_00005843_INT	LTR/unknown
TE_00005983	MITE/DTA
TE_00005940	MITE/DTA
TE_00006010	MITE/DTM
TE_00005904	DNA/DTA
TE_00005920	DNA/DTA
TE_00005937	MITE/DTA
TE_00005938	MITE/DTA
TE_00005934	MITE/DTA
TE_00005941	DNA/DTA
TE_00005942	DNA/DTA
TE_00005789_02	DNA/Helitron
TE_00005988	MITE/DTA
TE_00005939	DNA/DTM
TE_00006003_LTR	LTR/Copia
TE_00005764_INT_03	LTR/unknown
TE_00005943	DNA/DTA
TE_00005885	DNA/DTA
TE_00005864_01	DNA/DTA
TE_00005845_INT_02	LTR/Gypsy
TE_00005819_02	DNA/DTA
TE_00005967	MITE/DTA
TE_00005961	DNA/DTC
TE_00005972	MITE/DTA
TE_00005965	DNA/DTA
TE_00005966_INT	LTR/Gypsy
TE_00006004	DNA/DTA
TE_00006068	MITE/DTM
TE_00006039	MITE/DTA
TE_00005960_INT	LTR/Gypsy
TE_00005977_INT	LTR/Copia
TE_00005945_INT	LTR/unknown
TE_00006045_LTR	LTR/Gypsy
TE_00006002	DNA/DTA
TE_00005980_INT	LTR/Gypsy
TE_00006017	MITE/DTA
TE_00005845_INT_03	LTR/Gypsy
TE_00006035	MITE/DTA
TE_00006096_LTR	LTR/Gypsy
TE_00006083	MITE/DTA
TE_00006009_INT	LTR/unknown
TE_00006085	MITE/DTA
TE_00006030	DNA/DTA
TE_00006031_INT	LTR/Gypsy
TE_00005951	DNA/DTM
TE_00006026_INT	LTR/unknown
TE_00006038	DNA/DTA
TE_00006049	MITE/DTA
TE_00006053	MITE/DTA
TE_00005996_LTR	LTR/Gypsy
TE_00006040_INT	LTR/Gypsy
TE_00006041	MITE/DTA
TE_00006012	DNA/DTA
TE_00005832_INT	LTR/Gypsy
TE_00006028	DNA/DTA
TE_00006013	DNA/DTT
TE_00006052	MITE/DTA
TE_00006027	DNA/DTA
TE_00006076_LTR	LTR/Gypsy
TE_00005960_INT_01	LTR/Gypsy
TE_00006123_LTR	LTR/Gypsy
TE_00006073	MITE/DTA
TE_00005966_INT_01	LTR/Gypsy
TE_00006075_LTR	LTR/Gypsy
TE_00006037	DNA/DTA
TE_00006029_INT	LTR/Gypsy
TE_00006008	DNA/DTA
TE_00006059_INT	LTR/Gypsy
TE_00006153	MITE/DTA
TE_00006043_INT	LTR/unknown
TE_00006009_INT_01	LTR/unknown
TE_00006107	DNA/DTH
TE_00006173_INT	LTR/Gypsy
TE_00006194	MITE/DTC
TE_00006040_INT_01	LTR/Gypsy
TE_00006093	MITE/DTA
TE_00006106	MITE/DTA
TE_00006097	DNA/DTA
TE_00006090	DNA/DTA
TE_00006099	DNA/DTA
TE_00006127	MITE/DTA
TE_00006192	MITE/DTA
TE_00005966_INT_02	LTR/Gypsy
TE_00005960_INT_02	LTR/Gypsy
TE_00006167	MITE/DTA
TE_00006138	DNA/DTC
TE_00006100_INT	LTR/unknown
TE_00006124	DNA/DTA
TE_00006129_INT	LTR/unknown
TE_00006009_INT_02	LTR/unknown
TE_00006147_INT	LTR/unknown
TE_00006143_INT	LTR/Gypsy
TE_00006040_INT_02	LTR/Gypsy
TE_00006109_LTR	LTR/Gypsy
TE_00006162_INT	LTR/Gypsy
TE_00006165	DNA/DTM
TE_00006248_LTR	LTR/Gypsy
TE_00006171	DNA/DTA
TE_00006150	DNA/DTC
TE_00006185	MITE/DTA
TE_00006187_INT	LTR/Gypsy
TE_00006244	DNA/DTA
TE_00006189	MITE/DTA
TE_00006160	DNA/DTA
TE_00006141	DNA/Helitron
TE_00006191	DNA/DTA
TE_00006198	MITE/DTA
TE_00006059_INT_02	LTR/Gypsy
TE_00006206	MITE/DTA
TE_00005960_INT_03	LTR/Gypsy
TE_00006163	DNA/DTA
TE_00006218	MITE/DTA
TE_00006211	DNA/DTC
TE_00006181_LTR_01	LTR/Gypsy
TE_00006233	MITE/DTA
TE_00006226	MITE/DTA
TE_00006009_INT_03	LTR/unknown
TE_00006164_INT	LTR/unknown
TE_00006113_01	DNA/DTC
TE_00006111_LTR	LTR/Gypsy
TE_00006040_INT_03	LTR/Gypsy
TE_00006225	MITE/DTA
TE_00006162_INT_01	LTR/Gypsy
TE_00006232	MITE/DTA
TE_00006249	MITE/DTA
TE_00006280_LTR	LTR/Gypsy
TE_00006197_INT	LTR/unknown
TE_00006229_INT	LTR/Gypsy
TE_00006239	MITE/DTA
TE_00006278	MITE/DTM
TE_00006242_INT	LTR/Gypsy
TE_00006259	DNA/DTM
TE_00006257	DNA/DTA
TE_00006187_INT_01	LTR/Gypsy
TE_00006228	DNA/DTC
TE_00006305	MITE/DTC
TE_00006220_INT	LTR/unknown
TE_00006009_INT_04	LTR/unknown
TE_00006260	DNA/DTA
TE_00006270	MITE/DTA
TE_00006271_LTR	LTR/unknown
TE_00006243_LTR	LTR/Gypsy
TE_00006262	DNA/DTT
TE_00006162_INT_02	LTR/Gypsy
TE_00006269_INT	LTR/Gypsy
TE_00006275	DNA/DTC
TE_00006229_INT_01	LTR/Gypsy
TE_00006336	MITE/DTA
TE_00006204_INT	LTR/Gypsy
TE_00006362	MITE/DTA
TE_00006299	MITE/DTA
TE_00006245_INT	LTR/Gypsy
TE_00006241_INT	LTR/unknown
TE_00006367	MITE/DTA
TE_00006304	DNA/DTM
TE_00006228_01	DNA/DTC
TE_00006406	MITE/DTA
TE_00006390	MITE/DTA
TE_00006213_INT_01	LTR/Gypsy
TE_00006328_INT	LTR/Gypsy
TE_00006285	DNA/Helitron
TE_00006333	DNA/DTH
TE_00006262_01	DNA/DTT
TE_00006344	DNA/DTA
TE_00006274_LTR	LTR/Gypsy
TE_00006269_INT_01	LTR/Gypsy
TE_00006268_INT	LTR/unknown
TE_00006346	MITE/DTA
TE_00006250_INT	LTR/unknown
TE_00006396	MITE/DTA
TE_00006341	DNA/DTA
TE_00006408	MITE/DTA
TE_00006261	DNA/DTA
TE_00006164_INT_02	LTR/unknown
TE_00006349	DNA/DTA
TE_00006365	DNA/DTA
TE_00006301_INT	LTR/Gypsy
TE_00006338_INT	LTR/Gypsy
TE_00006312	DNA/DTA
TE_00006366	DNA/DTM
TE_00006354_INT	LTR/unknown
TE_00006361_INT	LTR/unknown
TE_00006330	DNA/DTA
TE_00006380	MITE/DTA
TE_00006399	MITE/DTA
TE_00006350_LTR	LTR/unknown
TE_00006383	MITE/DTA
TE_00006371	DNA/DTA
TE_00006295_INT	LTR/Gypsy
TE_00006394	MITE/DTA
TE_00006377	DNA/Helitron
TE_00006411_INT	LTR/Gypsy
TE_00006256_INT_01	LTR/Gypsy
TE_00006472	MITE/DTA
TE_00006398	DNA/DTA
TE_00006335_INT_01	LTR/unknown
TE_00006401	MITE/DTA
TE_00006269_INT_02	LTR/Gypsy
TE_00006364_INT	LTR/Gypsy
TE_00006349_01	DNA/DTA
TE_00006418	MITE/DTA
TE_00006423	DNA/DTA
TE_00006405	MITE/DTA
TE_00006417	DNA/DTC
TE_00006338_INT_01	LTR/Gypsy
TE_00006388	DNA/Helitron
TE_00006495	MITE/DTA
TE_00006449	DNA/DTC
TE_00006430	MITE/DTA
TE_00006416	MITE/DTA
TE_00006312_01	DNA/DTA
TE_00006428_INT	LTR/Gypsy
TE_00006361_INT_01	LTR/unknown
TE_00006350_LTR_01	LTR/unknown
TE_00006444	DNA/DTA
TE_00006438_LTR	LTR/Gypsy
TE_00006354_INT_01	LTR/unknown
TE_00006468	MITE/DTA
TE_00006446	DNA/Helitron
TE_00006436_INT	LTR/Gypsy
TE_00006460	MITE/DTA
TE_00006466	DNA/DTA
TE_00006506	MITE/DTA
TE_00006429_INT	LTR/unknown
TE_00006377_01	DNA/Helitron
TE_00006442_INT	LTR/Gypsy
TE_00006469_INT	LTR/unknown
TE_00006338_INT_02	LTR/Gypsy
TE_00006522	MITE/DTA
TE_00006556	DNA/DTM
TE_00006475	MITE/DTA
TE_00006458_INT	LTR/Copia
TE_00006535_INT	LTR/Gypsy
TE_00006349_02	DNA/DTA
TE_00006450	DNA/DTM
TE_00006397_LTR	LTR/Gypsy
TE_00006361_INT_02	LTR/unknown
TE_00006485	MITE/DTA
TE_00006561	MITE/DTA
TE_00006566	MITE/DTA
TE_00006477	DNA/DTA
TE_00006500_INT	LTR/Gypsy
TE_00006436_INT_01	LTR/Gypsy
TE_00006482_INT	LTR/Gypsy
TE_00006577	MITE/DTA
TE_00006516	MITE/DTA
TE_00006583	MITE/DTA
TE_00006517	MITE/DTA
TE_00006525	MITE/DTA
TE_00006530	MITE/DTA
TE_00006521	DNA/DTA
TE_00006496_LTR	LTR/Gypsy
TE_00006559	MITE/DTA
TE_00006492	DNA/DTC
TE_00006550	DNA/DTC
TE_00006553	DNA/DTT
TE_00006467_INT	LTR/unknown
TE_00006505_INT	LTR/unknown
TE_00006549	DNA/DTM
TE_00006582	MITE/DTA
TE_00006576	MITE/DTA
TE_00006436_INT_02	LTR/Gypsy
TE_00006469_INT_01	LTR/unknown
TE_00006459_INT_01	LTR/Gypsy
TE_00006614	MITE/DTA
TE_00006596	DNA/DTC
TE_00006600	MITE/DTA
TE_00006630	MITE/DTA
TE_00006655	MITE/DTA
TE_00006548_INT	LTR/Gypsy
TE_00006426_02	DNA/DTT
TE_00006597	MITE/DTA
TE_00006484_LTR	LTR/Gypsy
TE_00006579	DNA/DTA
TE_00006593	DNA/DTA
TE_00006488_INT_01	LTR/unknown
TE_00006676	MITE/DTA
TE_00006678_LTR	LTR/Gypsy
TE_00006604	MITE/DTA
TE_00006595_LTR	LTR/unknown
TE_00006649	MITE/DTA
TE_00006686	MITE/DTA
TE_00006555_01	MITE/DTA
TE_00006654	MITE/DTA
TE_00006532_INT	LTR/unknown
TE_00006607	MITE/DTA
TE_00006659	MITE/DTA
TE_00006587	DNA/Helitron
TE_00006638	MITE/DTA
TE_00006608	MITE/DTA
TE_00006705	MITE/DTA
TE_00006706_LTR	LTR/Gypsy
TE_00006675	MITE/DTM
TE_00006684	MITE/DTA
TE_00006590_LTR	LTR/unknown
TE_00006574_INT	LTR/Gypsy
TE_00006620	DNA/DTC
TE_00006628	MITE/DTA
TE_00006626	MITE/DTA
TE_00006557_INT	LTR/unknown
TE_00006563_INT	LTR/unknown
TE_00006645	DNA/DTA
TE_00006633	DNA/DTA
TE_00006662	MITE/DTA
TE_00006639	DNA/DTA
TE_00006750	MITE/DTM
TE_00006663	DNA/DTA
TE_00006753	DNA/Helitron
TE_00006674	MITE/DTA
TE_00006609_INT_01	LTR/unknown
TE_00006641	DNA/DTH
TE_00006690	MITE/DTA
TE_00006657	DNA/DTT
TE_00006670	DNA/DTA
TE_00006749	MITE/DTA
TE_00006703	MITE/DTA
TE_00006673	DNA/DTM
TE_00006461_INT	LTR/unknown
TE_00006687	DNA/DTA
TE_00006672	DNA/DTM
TE_00006784_LTR	LTR/Gypsy
TE_00006696	DNA/DTA
TE_00006683	DNA/Helitron
TE_00006713	MITE/DTA
TE_00006716	MITE/DTA
TE_00006712	MITE/DTA
TE_00006693	DNA/DTA
TE_00006700	DNA/DTA
TE_00006800_LTR	LTR/Gypsy
TE_00006724	MITE/DTA
TE_00006720	DNA/DTM
TE_00006733	DNA/DTA
TE_00006732	MITE/DTA
TE_00006741	MITE/DTA
TE_00006822	MITE/DTA
TE_00006737	DNA/DTA
TE_00006657_01	DNA/DTT
TE_00006708_INT	LTR/Gypsy
TE_00006742	DNA/DTA
TE_00006696_01	DNA/DTA
TE_00006773	MITE/DTA
TE_00006751_INT	LTR/Gypsy
TE_00006735_INT	LTR/Copia
TE_00006761	MITE/DTA
TE_00006766	MITE/DTA
TE_00006768	MITE/DTA
TE_00006819	MITE/DTA
TE_00006785	MITE/DTA
TE_00006764	DNA/DTA
TE_00006760_INT	LTR/Gypsy
TE_00006570_INT_01	LTR/Gypsy
TE_00006765	MITE/DTA
TE_00006788	MITE/DTA
TE_00006792	MITE/DTA
TE_00006739	DNA/DTA
TE_00006756_INT	LTR/Gypsy
TE_00006779	DNA/DTA
TE_00006794	DNA/DTA
TE_00006762	DNA/DTA
TE_00006744	DNA/DTA
TE_00006803	MITE/DTA
TE_00006737_01	DNA/DTA
TE_00006759_INT	LTR/Gypsy
TE_00006807	MITE/DTA
TE_00006809	MITE/DTA
TE_00006851	MITE/DTA
TE_00006789_INT	LTR/Gypsy
TE_00006757_INT	LTR/Gypsy
TE_00006751_INT_01	LTR/Gypsy
TE_00006873	MITE/DTA
TE_00006798	DNA/DTA
TE_00006830_INT	LTR/Copia
TE_00006825	MITE/DTA
TE_00006890	DNA/DTA
TE_00006845	MITE/DTA
TE_00006879	MITE/DTA
TE_00006734_INT_01	LTR/unknown
TE_00006907	MITE/DTA
TE_00006802_INT	LTR/unknown
TE_00006840	DNA/DTA
TE_00006820	DNA/DTA
TE_00006861	DNA/DTA
TE_00006885	MITE/DTC
TE_00006720_02	DNA/DTM
TE_00006917	MITE/DTA
TE_00006751_INT_02	LTR/Gypsy
TE_00006927	MITE/DTA
TE_00006841	DNA/DTM
TE_00006871	DNA/DTA
TE_00006877	MITE/DTA
TE_00006805_INT	LTR/unknown
TE_00006876_INT	LTR/Gypsy
TE_00006888	DNA/DTC
TE_00006848	DNA/DTA
TE_00006878	DNA/DTA
TE_00006870_INT	LTR/Gypsy
TE_00006849	DNA/Helitron
TE_00006954	MITE/DTA
TE_00006821_INT	LTR/Gypsy
TE_00006702_INT	LTR/unknown
TE_00006824_LTR	LTR/Gypsy
TE_00006955	MITE/DTA
TE_00006904	MITE/DTA
TE_00006960	MITE/DTA
TE_00006840_01	DNA/DTA
TE_00006895	MITE/DTA
TE_00006925	DNA/DTC
TE_00006992_LTR	LTR/Gypsy
TE_00006874_LTR	LTR/Gypsy
TE_00006751_INT_03	LTR/Gypsy
TE_00006949	DNA/DTA
TE_00006909	DNA/DTA
TE_00006964_LTR	LTR/Copia
TE_00006919	DNA/DTA
TE_00006940	MITE/DTA
TE_00006876_INT_01	LTR/Gypsy
TE_00006972	MITE/DTA
TE_00006902_INT	LTR/Gypsy
TE_00006930_INT	LTR/Copia
TE_00006870_INT_01	LTR/Gypsy
TE_00007003_LTR	LTR/Gypsy
TE_00006946	DNA/DTA
TE_00006929	DNA/DTC
TE_00006916	DNA/DTA
TE_00007020	MITE/DTA
TE_00006969	MITE/DTA
TE_00006952	DNA/DTA
TE_00006849_01	DNA/Helitron
TE_00006973	MITE/DTA
TE_00006937	DNA/Helitron
TE_00007039	MITE/DTA
TE_00006989_LTR_01	LTR/Copia
TE_00006957	DNA/DTA
TE_00007001	MITE/DTA
TE_00006983	MITE/DTA
TE_00006959_INT	LTR/Copia
TE_00007005	DNA/DTA
TE_00006980_INT	LTR/Gypsy
TE_00006876_INT_02	LTR/Gypsy
TE_00006997	DNA/DTA
TE_00006974_INT	LTR/unknown
TE_00006883_INT	LTR/Gypsy
TE_00007009	MITE/DTA
TE_00007029	DNA/Helitron
TE_00007081	DNA/DTA
TE_00006994	DNA/DTA
TE_00007031	DNA/Helitron
TE_00006943_INT	LTR/unknown
TE_00006998_INT	LTR/Gypsy
TE_00006849_02	DNA/Helitron
TE_00007100	MITE/DTA
TE_00007025_INT	LTR/unknown
TE_00006937_01	DNA/Helitron
TE_00007051	DNA/DTA
TE_00006957_01	DNA/DTA
TE_00007093	MITE/DTA
TE_00007068	MITE/DTA
TE_00006987_LTR	LTR/unknown
TE_00007146_LTR	LTR/Gypsy
TE_00006993_LTR_01	LTR/unknown
TE_00007147	MITE/DTC
TE_00007044	DNA/DTC
TE_00007151	MITE/DTM
TE_00007073	DNA/DTC
TE_00007090	MITE/DTA
TE_00007057_LTR	LTR/unknown
TE_00007074	DNA/DTA
TE_00007091	DNA/DTC
TE_00007085	MITE/DTA
TE_00007107	DNA/DTH
TE_00007082	MITE/DTA
TE_00007104	MITE/DTA
TE_00007027_INT	LTR/Gypsy
TE_00007110	MITE/DTA
TE_00007105	DNA/DTA
TE_00007099	DNA/DTM
TE_00007092_INT	LTR/Gypsy
TE_00007101_LTR	LTR/Gypsy
TE_00007095	DNA/DTA
TE_00007114	DNA/DTA
TE_00007119	DNA/DTA
TE_00007126	MITE/DTA
TE_00006990_LTR	LTR/Gypsy
TE_00007071	DNA/DTM
TE_00007156	MITE/DTA
TE_00007123_INT	LTR/Gypsy
TE_00007108	DNA/DTA
TE_00007115	DNA/DTA
TE_00007203	MITE/DTA
TE_00007089_INT	LTR/unknown
TE_00007228	MITE/DTA
TE_00007132	DNA/Helitron
TE_00007211	MITE/DTA
TE_00007140_INT	LTR/unknown
TE_00007120	DNA/DTA
TE_00007118	DNA/DTC
TE_00007168	MITE/DTA
TE_00007163	MITE/DTA
TE_00007176	MITE/DTA
TE_00007220	MITE/DTA
TE_00006965_INT	LTR/unknown
TE_00007170	MITE/DTA
TE_00007078_INT	LTR/unknown
TE_00007174	MITE/DTA
TE_00007184	MITE/DTA
TE_00007204	MITE/DTA
TE_00007095_01	DNA/DTA
TE_00007267_LTR	LTR/unknown
TE_00007185	DNA/DTA
TE_00007247	MITE/DTA
TE_00007194	DNA/DTA
TE_00007150_INT	LTR/Gypsy
TE_00007195_INT	LTR/Gypsy
TE_00007253	MITE/DTA
TE_00007261	MITE/DTA
TE_00007125_LTR	LTR/Gypsy
TE_00007209	DNA/DTA
TE_00007219	MITE/DTA
TE_00007160_INT	LTR/Gypsy
TE_00007227	DNA/DTC
TE_00007217	DNA/DTC
TE_00007193	DNA/DTA
TE_00007216_INT	LTR/unknown
TE_00007296	DNA/DTA
TE_00007298	MITE/DTA
TE_00007221_INT	LTR/Gypsy
TE_00007230	DNA/DTM
TE_00007322	MITE/DTA
TE_00007299	MITE/DTA
TE_00007326	MITE/DTA
TE_00007177_LTR	LTR/Gypsy
TE_00007195_INT_01	LTR/Gypsy
TE_00007252_LTR	LTR/Gypsy
TE_00007258	DNA/DTA
TE_00007232	DNA/DTA
TE_00007095_02	DNA/DTA
TE_00007314	MITE/DTA
TE_00007157_INT	LTR/unknown
TE_00007269	DNA/DTA
TE_00007244_INT	LTR/Gypsy
TE_00007274	DNA/Helitron
TE_00007215	DNA/DTA
TE_00007330	MITE/DTA
TE_00007266_INT	LTR/unknown
TE_00007251	DNA/DTM
TE_00007167_INT	LTR/Gypsy
TE_00007334	DNA/DTA
TE_00007259_INT	LTR/Gypsy
TE_00007291	DNA/DTM
TE_00007364_LTR	LTR/Copia
TE_00007366	MITE/DTA
TE_00007301	MITE/DTA
TE_00007289	DNA/DTC
TE_00007216_INT_01	LTR/unknown
TE_00007175_LTR_02	LTR/Gypsy
TE_00007277_INT	LTR/unknown
TE_00007306_INT	LTR/Gypsy
TE_00007375_INT	LTR/unknown
TE_00007312	DNA/DTA
TE_00007397	MITE/DTM
TE_00007355	DNA/Helitron
TE_00007338	DNA/DTA
TE_00007303_INT	LTR/Gypsy
TE_00007406	MITE/DTA
TE_00007340	MITE/DTA
TE_00007389	DNA/DTH
TE_00007266_INT_01	LTR/unknown
TE_00007347	DNA/DTA
TE_00007313_INT	LTR/Gypsy
TE_00007346	DNA/DTM
TE_00007398	MITE/DTA
TE_00007341_INT	LTR/Gypsy
TE_00007342	DNA/DTA
TE_00007363	DNA/DTA
TE_00007404	MITE/DTA
TE_00007352_INT	LTR/Gypsy
TE_00007368	DNA/DTA
TE_00007216_INT_02	LTR/unknown
TE_00007306_INT_01	LTR/Gypsy
TE_00007349	DNA/DTC
TE_00007423	MITE/DTA
TE_00007369	DNA/DTT
TE_00007396	MITE/DTA
TE_00007367_INT	LTR/Gypsy
TE_00007383_INT	LTR/Gypsy
TE_00007354	DNA/DTA
TE_00007290_LTR	LTR/Gypsy
TE_00007373_INT	LTR/Gypsy
TE_00007266_INT_02	LTR/unknown
TE_00007351	DNA/DTA
TE_00007332_INT	LTR/unknown
TE_00007394	DNA/DTA
TE_00007402	MITE/DTA
TE_00007391	DNA/DTA
TE_00007341_INT_01	LTR/Gypsy
TE_00007415	MITE/DTA
TE_00007456	MITE/DTA
TE_00007333_INT_01	LTR/Gypsy
TE_00007401	MITE/DTA
TE_00007483	MITE/DTA
TE_00007412	DNA/DTA
TE_00007374	DNA/DTA
TE_00007405	DNA/DTA
TE_00007352_INT_01	LTR/Gypsy
TE_00007349_01	DNA/DTC
TE_00007446	MITE/DTA
TE_00007388_INT	LTR/unknown
TE_00007306_INT_02	LTR/Gypsy
TE_00007465	DNA/DTA
TE_00007471	MITE/DTA
TE_00007464	MITE/DTA
TE_00007387_LTR	LTR/Gypsy
TE_00007383_INT_01	LTR/Gypsy
TE_00007490	MITE/DTA
TE_00007411	DNA/DTC
TE_00007438	DNA/DTC
TE_00007437_INT	LTR/Gypsy
TE_00007499	MITE/DTA
TE_00007400	DNA/DTM
TE_00007500	MITE/DTA
TE_00007460	MITE/DTA
TE_00007321_INT	LTR/unknown
TE_00007447	MITE/DTA
TE_00007472	MITE/DTA
TE_00007341_INT_02	LTR/Gypsy
TE_00007429_LTR	LTR/Gypsy
TE_00007313_INT_02	LTR/Gypsy
TE_00007506	MITE/DTA
TE_00007489_LTR	LTR/Gypsy
TE_00007485	DNA/DTM
TE_00007427_INT	LTR/Gypsy
TE_00007436_INT	LTR/Gypsy
TE_00007514_LTR	LTR/Gypsy
TE_00007469	MITE/DTA
TE_00007519	MITE/DTA
TE_00007521	MITE/DTA
TE_00007454_INT	LTR/Gypsy
TE_00007410_INT	LTR/Gypsy
TE_00007479	DNA/DTH
TE_00007313_INT_03	LTR/Gypsy
TE_00007437_INT_01	LTR/Gypsy
TE_00007540	MITE/DTA
TE_00007542	MITE/DTA
TE_00007424_INT	LTR/unknown
TE_00007444_INT	LTR/unknown
TE_00007572	MITE/DTA
TE_00007524	MITE/DTA
TE_00007515	DNA/DTM
TE_00007526	DNA/DTC
TE_00007208_INT	LTR/unknown
TE_00007518	DNA/DTA
TE_00007580	MITE/DTA
TE_00007454_INT_01	LTR/Gypsy
TE_00007503	DNA/DTA
TE_00007495_LTR	LTR/Gypsy
TE_00007538	MITE/DTA
TE_00007512	DNA/Helitron
TE_00007516	DNA/DTH
TE_00007504	DNA/DTM
TE_00007546	MITE/DTA
TE_00007591	MITE/DTA
TE_00007498	DNA/DTA
TE_00007376_INT	LTR/unknown
TE_00007558	MITE/DTA
TE_00007577	MITE/DTA
TE_00007508_INT	LTR/unknown
TE_00007609	MITE/DTA
TE_00007625	DNA/DTA
TE_00007477	DNA/DTA
TE_00007491_01	DNA/DTA
TE_00007568	MITE/DTA
TE_00007589	MITE/DTA
TE_00007571	DNA/DTM
TE_00007642	MITE/DTA
TE_00007585_INT	LTR/Gypsy
TE_00007583	DNA/DTC
TE_00007481_INT	LTR/Gypsy
TE_00007448_INT	LTR/Gypsy
TE_00007512_01	DNA/Helitron
TE_00007575	DNA/DTA
TE_00007598	MITE/DTA
TE_00007614	MITE/DTA
TE_00007607	MITE/DTA
TE_00007611	MITE/DTA
TE_00007561_INT	LTR/Gypsy
TE_00007565	DNA/DTA
TE_00007610_INT	LTR/Gypsy
TE_00007636	MITE/DTA
TE_00007645	MITE/DTA
TE_00007617	DNA/DTM
TE_00007606_INT	LTR/Gypsy
TE_00007613_INT	LTR/Copia
TE_00007647	MITE/DTA
TE_00007657	MITE/DTA
TE_00007698_INT	LTR/Gypsy
TE_00007618_INT	LTR/Gypsy
TE_00007641_INT	LTR/Gypsy
TE_00007564_INT	LTR/Gypsy
TE_00007699	MITE/DTA
TE_00007563_INT	LTR/Gypsy
TE_00007602	DNA/DTC
TE_00007731	MITE/DTA
TE_00007587_INT	LTR/unknown
TE_00007653_LTR	LTR/Gypsy
TE_00007639	DNA/DTA
TE_00007481_INT_01	LTR/Gypsy
TE_00007715	MITE/DTA
TE_00007585_INT_01	LTR/Gypsy
TE_00007482_INT	LTR/unknown
TE_00007695	MITE/DTA
TE_00007753	MITE/DTM
TE_00007729	MITE/DTA
TE_00007733	MITE/DTA
TE_00007737	MITE/DTA
TE_00007674_INT	LTR/Gypsy
TE_00007651	DNA/Helitron
TE_00007767_LTR	LTR/Gypsy
TE_00007684	MITE/DTA
TE_00007688_INT	LTR/Gypsy
TE_00007666	DNA/DTA
TE_00007722_LTR	LTR/Gypsy
TE_00007689	MITE/DTA
TE_00007687_INT	LTR/Gypsy
TE_00007686	DNA/DTC
TE_00007757	MITE/DTA
TE_00007654	DNA/DTA
TE_00007641_INT_01	LTR/Gypsy
TE_00007793	DNA/DTM
TE_00007474_02	DNA/DTC
TE_00007668_LTR	LTR/Gypsy
TE_00007685_INT	LTR/unknown
TE_00007710	MITE/DTA
TE_00007610_INT_01	LTR/Gypsy
TE_00007776	MITE/DTA
TE_00007563_INT_01	LTR/Gypsy
TE_00007746	MITE/DTA
TE_00007736	MITE/DTA
TE_00007800	MITE/DTA
TE_00007754	DNA/DTA
TE_00007741	MITE/DTA
TE_00007745	MITE/DTA
TE_00007725_INT	LTR/unknown
TE_00007815	MITE/DTA
TE_00007690_INT	LTR/Gypsy
TE_00007718	DNA/Helitron
TE_00007674_INT_01	LTR/Gypsy
TE_00007818	MITE/DTA
TE_00007794	DNA/DTA
TE_00007763	MITE/DTA
TE_00007700_INT	LTR/unknown
TE_00007807_LTR	LTR/Gypsy
TE_00007771	MITE/DTA
TE_00006440_LTR	LTR/unknown
TE_00007841	MITE/DTA
TE_00007789	MITE/DTA
TE_00007716_01	DNA/DTM
TE_00007871	MITE/DTA
TE_00007812_INT	LTR/Copia
TE_00007876	DNA/DTA
TE_00007825_INT	LTR/Gypsy
TE_00007824	MITE/DTA
TE_00007836	MITE/DTA
TE_00007641_INT_03	LTR/Gypsy
TE_00007718_01	DNA/Helitron
TE_00007832	DNA/DTA
TE_00007822_INT	LTR/Gypsy
TE_00007891	MITE/DTA
TE_00007758_LTR	LTR/Gypsy
TE_00007846	DNA/DTC
TE_00007756_01	DNA/DTA
TE_00007837_LTR	LTR/Gypsy
TE_00007834	MITE/DTA
TE_00007872	MITE/DTA
TE_00007791_INT	LTR/Gypsy
TE_00007840_INT	LTR/Gypsy
TE_00007897	MITE/DTA
TE_00007854	MITE/DTA
TE_00007850	DNA/DTA
TE_00007862	DNA/DTM
TE_00007889	DNA/DTA
TE_00007819	DNA/DTA
TE_00007927	MITE/DTA
TE_00007916	MITE/DTA
TE_00007866	DNA/DTA
TE_00007829_INT	LTR/unknown
TE_00007853_INT	LTR/Gypsy
TE_00007843	DNA/DTA
TE_00007844	DNA/DTA
TE_00007812_INT_01	LTR/Copia
TE_00007873	DNA/DTA
TE_00007881_LTR	LTR/unknown
TE_00007887	MITE/DTA
TE_00007878	DNA/DTC
TE_00007822_INT_01	LTR/Gypsy
TE_00007852_INT	LTR/Gypsy
TE_00007718_02	DNA/Helitron
TE_00007840_INT_01	LTR/Gypsy
TE_00007940	MITE/DTA
TE_00007905	DNA/DTA
TE_00007811_INT	LTR/unknown
TE_00007851	DNA/DTC
TE_00007910	MITE/DTA
TE_00007902	DNA/DTA
TE_00007816_INT_01	LTR/Gypsy
TE_00007908	DNA/DTA
TE_00007909	DNA/Helitron
TE_00007866_01	DNA/DTA
TE_00007904_INT	LTR/Gypsy
TE_00007812_INT_02	LTR/Copia
TE_00007967	MITE/DTA
TE_00007934	MITE/DTA
TE_00007926_INT	LTR/unknown
TE_00007870_LTR	LTR/Gypsy
TE_00007989	MITE/DTA
TE_00007912	DNA/Helitron
TE_00007747_INT	LTR/unknown
TE_00007963	MITE/DTA
TE_00007907_LTR	LTR/unknown
TE_00007837_LTR_01	LTR/Gypsy
TE_00007840_INT_02	LTR/Gypsy
TE_00007760_02	DNA/DTA
TE_00007947	MITE/DTA
TE_00007923_INT	LTR/Gypsy
TE_00007954	MITE/DTA
TE_00007946	MITE/DTA
TE_00007921_LTR	LTR/Gypsy
TE_00007918_INT	LTR/Copia
TE_00007942_INT	LTR/Gypsy
TE_00007917	DNA/DTA
TE_00007961	MITE/DTA
TE_00007966_LTR	LTR/Gypsy
TE_00008004	MITE/DTA
TE_00007971	MITE/DTA
TE_00007904_INT_01	LTR/Gypsy
TE_00007972	MITE/DTA
TE_00007970	MITE/DTA
TE_00007969_INT	LTR/Gypsy
TE_00007941	DNA/DTA
TE_00007982	MITE/DTA
TE_00008028	MITE/DTA
TE_00007979	MITE/DTA
TE_00007984	DNA/DTM
TE_00007840_INT_03	LTR/Gypsy
TE_00007986	MITE/DTA
TE_00007981	MITE/DTM
TE_00007933_LTR	LTR/Gypsy
TE_00007923_INT_01	LTR/Gypsy
TE_00008003	MITE/DTA
TE_00007999	DNA/DTA
TE_00008045	MITE/DTA
TE_00008010	DNA/DTA
TE_00008006	DNA/DTA
TE_00008050	MITE/DTA
TE_00008068_LTR	LTR/Gypsy
TE_00007904_INT_02	LTR/Gypsy
TE_00008015_LTR	LTR/Gypsy
TE_00008024	MITE/DTA
TE_00007969_INT_01	LTR/Gypsy
TE_00008014	DNA/DTA
TE_00008022	DNA/DTA
TE_00008007_INT	LTR/Gypsy
TE_00007840_INT_04	LTR/Gypsy
TE_00008029	MITE/DTA
TE_00008001	DNA/DTM
TE_00008012	DNA/DTA
TE_00008008_INT	LTR/Gypsy
TE_00007975_INT_01	LTR/Gypsy
TE_00007999_01	DNA/DTA
TE_00008006_01	DNA/DTA
TE_00008049	MITE/DTA
TE_00007895_INT	LTR/Gypsy
TE_00007998_INT	LTR/unknown
TE_00008033	DNA/DTM
TE_00008038	DNA/DTC
TE_00008055	MITE/DTA
TE_00007950_INT_01	LTR/Gypsy
TE_00008078	MITE/DTA
TE_00008027	DNA/DTC
TE_00008094	MITE/DTA
TE_00008046_INT	LTR/Gypsy
TE_00007969_INT_02	LTR/Gypsy
TE_00008018_INT	LTR/Copia
TE_00008087_LTR	LTR/Gypsy
TE_00008007_INT_01	LTR/Gypsy
TE_00008079	DNA/DTA
TE_00008102	MITE/DTA
TE_00008069	MITE/DTA
TE_00008061_INT	LTR/Gypsy
TE_00008014_01	DNA/DTA
TE_00008074	DNA/DTA
TE_00008065_INT	LTR/Gypsy
TE_00008071	DNA/DTA
TE_00008017_LTR	LTR/Gypsy
TE_00008075	DNA/Helitron
TE_00007885_INT	LTR/Copia
TE_00007958_LTR_01	LTR/Copia
TE_00008120	MITE/DTA
TE_00008001_01	DNA/DTM
TE_00008121	MITE/DTA
TE_00008060	DNA/DTC
TE_00008058	DNA/DTA
TE_00008153	MITE/DTA
TE_00008090	DNA/DTA
TE_00008085	MITE/DTA
TE_00007976_02	DNA/DTA
TE_00008096	MITE/DTA
TE_00008116	DNA/DTM
TE_00008046_INT_01	LTR/Gypsy
TE_00007969_INT_03	LTR/Gypsy
TE_00008022_02	DNA/DTA
TE_00008093	DNA/DTC
TE_00008126	MITE/DTA
TE_00008095_INT	LTR/Gypsy
TE_00008152	MITE/DTA
TE_00008103	MITE/DTA
TE_00008007_INT_02	LTR/Gypsy
TE_00008146	MITE/DTA
TE_00008091	DNA/DTA
TE_00008127	DNA/DTC
TE_00008082	DNA/DTA
TE_00008110_INT	LTR/Gypsy
TE_00008061_INT_01	LTR/Gypsy
TE_00008113	DNA/DTA
TE_00008109	DNA/DTA
TE_00008123	DNA/DTA
TE_00008115	MITE/DTA
TE_00008129	MITE/DTA
TE_00008122	DNA/DTA
TE_00008119	DNA/DTA
TE_00008130	MITE/DTA
TE_00008143	MITE/DTA
TE_00008046_INT_02	LTR/Gypsy
TE_00008200	MITE/DTA
TE_00008106_INT	LTR/Gypsy
TE_00008147	MITE/DTA
TE_00008064_01	DNA/DTA
TE_00008095_INT_01	LTR/Gypsy
TE_00008150_INT	LTR/Copia
TE_00008065_INT_01	LTR/Gypsy
TE_00008132_INT	LTR/Gypsy
TE_00008088	DNA/DTA
TE_00008176	DNA/DTA
TE_00008168	MITE/DTA
TE_00008160_INT	LTR/Gypsy
TE_00008110_INT_01	LTR/Gypsy
TE_00008229	MITE/DTC
TE_00008169	MITE/DTA
TE_00008061_INT_02	LTR/Gypsy
TE_00008214	MITE/DTA
TE_00008162	DNA/DTA
TE_00008175	DNA/DTA
TE_00008180_INT	LTR/unknown
TE_00008122_01	DNA/DTA
TE_00008141_INT	LTR/unknown
TE_00008187_INT	LTR/Gypsy
TE_00008185	DNA/DTA
TE_00008062_INT	LTR/Gypsy
TE_00008202	MITE/DTA
TE_00008197_INT	LTR/unknown
TE_00008095_INT_02	LTR/Gypsy
TE_00008205	MITE/DTA
TE_00008251	MITE/DTA
TE_00008164	DNA/DTA
TE_00008207	MITE/DTA
TE_00008210_INT	LTR/Copia
TE_00008228	MITE/DTA
TE_00008250_LTR	LTR/Gypsy
TE_00008110_INT_02	LTR/Gypsy
TE_00008204_INT	LTR/unknown
TE_00008111_INT	LTR/Gypsy
TE_00008213	DNA/DTA
TE_00008222	MITE/DTA
TE_00008271	MITE/DTA
TE_00008206	DNA/DTC
TE_00008218	DNA/DTA
TE_00008216	DNA/DTA
TE_00008224_INT	LTR/Gypsy
TE_00008241	MITE/DTA
TE_00008231	DNA/DTA
TE_00008294	MITE/DTA
TE_00008186_LTR	LTR/Gypsy
TE_00008243	DNA/DTA
TE_00008193	DNA/DTM
TE_00008110_INT_03	LTR/Gypsy
TE_00008240_INT	LTR/Gypsy
TE_00008259	DNA/DTA
TE_00008246	DNA/DTA
TE_00008249_LTR	LTR/Gypsy
TE_00008278	MITE/DTA
TE_00008270	DNA/DTA
TE_00008256	DNA/DTA
TE_00008218_01	DNA/DTA
TE_00008277	MITE/DTA
TE_00008282	MITE/DTA
TE_00008276	DNA/DTT
TE_00008224_INT_01	LTR/Gypsy
TE_00008287	MITE/DTA
TE_00008318_LTR	LTR/Gypsy
TE_00008206_01	DNA/DTC
TE_00008286	MITE/DTA
TE_00008197_INT_01	LTR/unknown
TE_00008283	MITE/DTA
TE_00008327	DNA/DTA
TE_00008233_LTR	LTR/Gypsy
TE_00008110_INT_04	LTR/Gypsy
TE_00008336	MITE/DTA
TE_00008312_LTR	LTR/Gypsy
TE_00008305	DNA/DTA
TE_00008150_INT_02	LTR/Copia
TE_00008225_01	DNA/DTA
TE_00008292	DNA/DTC
TE_00008239_LTR	LTR/Gypsy
TE_00008306	MITE/DTA
TE_00008220_INT	LTR/Gypsy
TE_00008273	DNA/DTA
TE_00008307	MITE/DTA
TE_00008298	DNA/Helitron
TE_00008311	DNA/DTA
TE_00008265_INT	LTR/unknown
TE_00008288_LTR	LTR/Gypsy
TE_00008385	MITE/DTA
TE_00008326	DNA/DTA
TE_00008354	MITE/DTA
TE_00008411	MITE/DTA
TE_00008353	DNA/DTA
TE_00008328_INT	LTR/Gypsy
TE_00008439	MITE/DTA
TE_00008350_INT	LTR/Gypsy
TE_00008362	MITE/DTA
TE_00008364_INT	LTR/Gypsy
TE_00008430	MITE/DTA
TE_00008360_INT	LTR/Gypsy
TE_00008358	DNA/DTA
TE_00008371	DNA/DTA
TE_00008379	MITE/DTA
TE_00008390	MITE/DTA
TE_00008397	MITE/DTA
TE_00008380	MITE/DTA
TE_00008386	MITE/DTA
TE_00008448	MITE/DTA
TE_00008321	DNA/Helitron
TE_00008343_LTR	LTR/Gypsy
TE_00008345	DNA/Helitron
TE_00008373	DNA/DTA
TE_00008300_INT	LTR/Gypsy
TE_00008369	DNA/DTC
TE_00008407_INT	LTR/Gypsy
TE_00008403	DNA/Helitron
TE_00008416	MITE/DTA
TE_00008328_INT_01	LTR/Gypsy
TE_00008342	DNA/DTC
TE_00008460	DNA/DTC
TE_00008422	DNA/DTA
TE_00008365_01	DNA/DTA
TE_00008364_INT_01	LTR/Gypsy
TE_00008402_INT	LTR/Gypsy
TE_00008408	DNA/DTA
TE_00008405_LTR	LTR/Gypsy
TE_00008484	MITE/DTA
TE_00008441_LTR	LTR/Gypsy
TE_00008512	DNA/DTA
TE_00008443	MITE/DTA
TE_00008382	DNA/DTC
TE_00008436	DNA/DTA
TE_00008398	DNA/DTA
TE_00008455_LTR	LTR/Gypsy
TE_00008452	DNA/DTA
TE_00008440_01	MITE/DTA
TE_00008474	MITE/DTA
TE_00008481	MITE/DTA
TE_00008462	DNA/DTA
TE_00008475	DNA/DTC
TE_00008402_INT_01	LTR/Gypsy
TE_00008477	DNA/DTM
TE_00008489	DNA/DTA
TE_00008468_INT	LTR/Gypsy
TE_00008494	MITE/DTA
TE_00008469_INT	LTR/Gypsy
TE_00008420_01	DNA/DTA
TE_00008510	MITE/DTA
TE_00008506	MITE/DTA
TE_00008516_INT	LTR/unknown
TE_00008491	DNA/Helitron
TE_00008502	DNA/DTM
TE_00008517	DNA/DTA
TE_00008496	DNA/DTM
TE_00008459	DNA/DTA
TE_00008515_INT	LTR/Gypsy
TE_00008471_INT	LTR/Gypsy
TE_00008513_LTR	LTR/Gypsy
TE_00008519	MITE/DTA
TE_00008464_INT	LTR/Gypsy
TE_00008571	MITE/DTA
TE_00008529	DNA/DTC
TE_00008402_INT_02	LTR/Gypsy
TE_00008574	MITE/DTM
TE_00008373_02	DNA/DTA
TE_00008454_INT	LTR/Gypsy
TE_00008531	DNA/DTA
TE_00008504_INT	LTR/Gypsy
TE_00008518	DNA/DTA
TE_00008535	MITE/DTA
TE_00008509_INT	LTR/unknown
TE_00008292_03	DNA/DTC
TE_00008540	MITE/DTA
TE_00008624	MITE/DTA
TE_00008543	MITE/DTA
TE_00008542	DNA/DTH
TE_00008555	MITE/DTA
TE_00008603	MITE/DTA
TE_00008554	DNA/DTA
TE_00008515_INT_01	LTR/Gypsy
TE_00008557	MITE/DTA
TE_00008559_INT	LTR/Gypsy
TE_00008572	DNA/DTA
TE_00008633	MITE/DTA
TE_00008604	MITE/DTA
TE_00008581	DNA/DTA
TE_00008563	DNA/DTC
TE_00008547	DNA/DTA
TE_00008649	MITE/DTA
TE_00008590	DNA/DTA
TE_00008444_INT	LTR/Gypsy
TE_00008515_INT_02	LTR/Gypsy
TE_00008576_INT	LTR/unknown
TE_00008629	MITE/DTA
TE_00008607	DNA/Helitron
TE_00008621	MITE/DTA
TE_00008578_INT	LTR/Copia
TE_00008631	DNA/DTA
TE_00008650_LTR	LTR/Gypsy
TE_00008559_INT_01	LTR/Gypsy
TE_00008653	MITE/DTA
TE_00008634	DNA/DTA
TE_00008619_INT	LTR/unknown
TE_00008642_INT	LTR/unknown
TE_00008620_INT	LTR/unknown
TE_00008632_INT	LTR/Gypsy
TE_00008644	MITE/DTA
TE_00008672	MITE/DTA
TE_00008648	DNA/DTA
TE_00008638_LTR	LTR/Gypsy
TE_00008654_INT	LTR/Gypsy
TE_00008611	DNA/DTA
TE_00008515_INT_03	LTR/Gypsy
TE_00008664_INT	LTR/Gypsy
TE_00008577_01	DNA/DTC
TE_00008658_INT	LTR/Gypsy
TE_00008576_INT_01	LTR/unknown
TE_00008656_INT	LTR/Gypsy
TE_00008673_INT	LTR/Gypsy
TE_00008631_01	DNA/DTA
TE_00008639_INT	LTR/Gypsy
TE_00008652	DNA/DTA
TE_00008613	DNA/DTC
TE_00008676	MITE/DTA
TE_00008636	DNA/DTA
TE_00008678	MITE/DTA
TE_00008677	DNA/DTA
TE_00008728	MITE/DTA
TE_00008583_LTR_01	LTR/Gypsy
TE_00008619_INT_01	LTR/unknown
TE_00008709	MITE/DTA
TE_00008630_INT	LTR/Gypsy
TE_00008641_INT	LTR/Copia
TE_00008663_INT	LTR/Gypsy
TE_00008655	DNA/Helitron
TE_00008682	DNA/DTA
TE_00008700	MITE/DTA
TE_00008685_INT	LTR/Copia
TE_00008673_INT_01	LTR/Gypsy
TE_00008716	DNA/DTA
TE_00008576_INT_02	LTR/unknown
TE_00008696_INT	LTR/Gypsy
TE_00008564	MITE/DTA
TE_00008658_INT_01	LTR/Gypsy
TE_00008584_INT_01	LTR/Gypsy
TE_00008715	MITE/DTA
TE_00008770	MITE/DTA
TE_00008636_01	DNA/DTA
TE_00008703_INT	LTR/Gypsy
TE_00008730	DNA/DTM
TE_00008732	MITE/DTA
TE_00008680_INT	LTR/unknown
TE_00008759	MITE/DTA
TE_00008739	MITE/DTA
TE_00008706_INT	LTR/Copia
TE_00008727	MITE/DTA
TE_00008720_INT	LTR/unknown
TE_00008786	MITE/DTA
TE_00008743	MITE/DTA
TE_00008764	DNA/DTA
TE_00008747_INT	LTR/unknown
TE_00008744	MITE/DTA
TE_00008797	MITE/DTA
TE_00008808	MITE/DTA
TE_00008733	DNA/DTA
TE_00008731	DNA/DTA
TE_00008817	MITE/DTA
TE_00008658_INT_02	LTR/Gypsy
TE_00008767	MITE/DTA
TE_00008737	DNA/DTC
TE_00008849	MITE/DTA
TE_00008696_INT_01	LTR/Gypsy
TE_00008773	DNA/DTM
TE_00008784	DNA/DTA
TE_00008838	MITE/DTM
TE_00008837	MITE/DTA
TE_00008841	MITE/DTA
TE_00008754_INT	LTR/Gypsy
TE_00008758	DNA/DTA
TE_00008790	DNA/DTC
TE_00008778	DNA/DTA
TE_00008680_INT_01	LTR/unknown
TE_00008619_INT_03	LTR/unknown
TE_00008782	DNA/DTA
TE_00008720_INT_01	LTR/unknown
TE_00008795_INT	LTR/unknown
TE_00008846_LTR	LTR/Gypsy
TE_00008752	DNA/DTC
TE_00008785_INT	LTR/Gypsy
TE_00008772	DNA/DTA
TE_00008863	MITE/DTA
TE_00008799	MITE/DTA
TE_00008679_INT	LTR/Gypsy
TE_00008873	MITE/DTA
TE_00008877	MITE/DTA
TE_00008890	MITE/DTA
TE_00008894	MITE/DTA
TE_00008834	DNA/DTA
TE_00008899	MITE/DTA
TE_00008696_INT_02	LTR/Gypsy
TE_00008818	DNA/DTM
TE_00008760_01	DNA/DTA
TE_00008803_INT	LTR/Gypsy
TE_00008839	DNA/DTA
TE_00008771	DNA/DTT
TE_00008919	MITE/DTA
TE_00008851	DNA/Helitron
TE_00008889	MITE/DTA
TE_00008871	DNA/DTM
TE_00008945	MITE/DTA
TE_00008855_INT	LTR/unknown
TE_00008874	MITE/DTA
TE_00008876	DNA/DTA
TE_00008879	MITE/DTA
TE_00008857	DNA/DTA
TE_00008896	DNA/DTA
TE_00008888	DNA/DTA
TE_00008883	DNA/DTA
TE_00008895	DNA/DTA
TE_00008818_01	DNA/DTM
TE_00008720_INT_03	LTR/unknown
TE_00008907_INT	LTR/Gypsy
TE_00008912	DNA/DTA
TE_00008834_01	DNA/DTA
TE_00008850	DNA/DTA
TE_00008972_LTR	LTR/Gypsy
TE_00008911_INT	LTR/Copia
TE_00008984	MITE/DTA
TE_00008937	DNA/DTA
TE_00008987	MITE/DTA
TE_00008951	DNA/DTA
TE_00009016	MITE/DTA
TE_00008881_LTR	LTR/Gypsy
TE_00009005	MITE/DTA
TE_00009004	MITE/DTA
TE_00008956	MITE/DTA
TE_00009032	MITE/DTM
TE_00008957	DNA/DTA
TE_00008953_INT	LTR/Gypsy
TE_00008927_INT	LTR/Gypsy
TE_00008862	DNA/DTC
TE_00008934	DNA/Helitron
TE_00009052_LTR	LTR/Gypsy
TE_00008988	DNA/DTA
TE_00008822_INT	LTR/unknown
TE_00009035	MITE/DTA
TE_00008994	MITE/DTA
TE_00008978	DNA/DTA
TE_00008989	DNA/DTA
TE_00009068	DNA/DTA
TE_00009070_LTR	LTR/Gypsy
TE_00008943	DNA/DTA
TE_00008964	DNA/DTA
TE_00008918_INT_01	LTR/unknown
TE_00008967	DNA/DTM
TE_00009081	DNA/DTM
TE_00008975	DNA/DTA
TE_00009000	DNA/DTA
TE_00008920_INT_01	LTR/Gypsy
TE_00009057	MITE/DTA
TE_00009009	MITE/DTA
TE_00008963_INT	LTR/Gypsy
TE_00009066	MITE/DTA
TE_00009011	MITE/DTA
TE_00009019_INT	LTR/Gypsy
TE_00008976_INT	LTR/Gypsy
TE_00009028	DNA/DTC
TE_00009093	MITE/DTA
TE_00008981_01	DNA/DTA
TE_00008907_INT_02	LTR/Gypsy
TE_00009098	MITE/DTA
TE_00008918_INT_02	LTR/unknown
TE_00009104	DNA/Helitron
TE_00009056	DNA/Helitron
TE_00008896_02	DNA/DTA
TE_00009110	MITE/DTA
TE_00009008_INT	LTR/Gypsy
TE_00008993_INT	LTR/unknown
TE_00008978_01	DNA/DTA
TE_00009076	DNA/DTA
TE_00009071_INT	LTR/Gypsy
TE_00008596_LTR	LTR/unknown
TE_00009073_INT	LTR/unknown
TE_00009108	MITE/DTM
TE_00009019_INT_01	LTR/Gypsy
TE_00009085	MITE/DTA
TE_00008997	DNA/DTC
TE_00009075_INT	LTR/Gypsy
TE_00009102	DNA/DTA
TE_00009079	DNA/DTA
TE_00009086	MITE/DTA
TE_00009074	DNA/DTC
TE_00009118	MITE/DTA
TE_00008941_INT	LTR/unknown
TE_00009054_LTR_01	LTR/Gypsy
TE_00009099_INT	LTR/Gypsy
TE_00009114	MITE/DTA
TE_00008953_INT_03	LTR/Gypsy
TE_00009071_INT_01	LTR/Gypsy
TE_00009092	DNA/DTA
TE_00009186	MITE/DTA
TE_00009119	DNA/DTA
TE_00009073_INT_01	LTR/unknown
TE_00009134	DNA/DTA
TE_00009019_INT_02	LTR/Gypsy
TE_00009084_INT_01	LTR/unknown
TE_00009203	MITE/DTA
TE_00008999_02	DNA/DTA
TE_00009142_INT	LTR/Copia
TE_00009207	MITE/DTM
TE_00009212	DNA/DTM
TE_00009130	DNA/DTC
TE_00009219	MITE/DTA
TE_00009106	DNA/DTA
TE_00009140_INT	LTR/unknown
TE_00009159	DNA/DTC
TE_00009166	DNA/DTA
TE_00009169	DNA/DTA
TE_00009237	MITE/DTA
TE_00009193	DNA/DTA
TE_00009245	MITE/DTA
TE_00009248	MITE/DTA
TE_00009073_INT_02	LTR/unknown
TE_00009019_INT_03	LTR/Gypsy
TE_00009194	MITE/DTA
TE_00009208_INT	LTR/Gypsy
TE_00009211	MITE/DTA
TE_00009089_INT	LTR/unknown
TE_00009084_INT_02	LTR/unknown
TE_00009164	DNA/DTA
TE_00008999_03	DNA/DTA
TE_00009279_LTR	LTR/Copia
TE_00009229	DNA/DTA
TE_00009209_INT	LTR/Gypsy
TE_00009222	DNA/DTA
TE_00009175_LTR	LTR/Gypsy
TE_00009230	DNA/DTA
TE_00009239	DNA/DTC
TE_00009234	MITE/DTA
TE_00009227_INT	LTR/Gypsy
TE_00009240	MITE/DTA
TE_00009241	DNA/DTA
TE_00009285	MITE/DTA
TE_00009183_INT	LTR/unknown
TE_00009308_LTR	LTR/Gypsy
TE_00009172_LTR	LTR/unknown
TE_00009247	MITE/DTA
TE_00009215	DNA/DTA
TE_00009236_INT	LTR/unknown
TE_00009204_INT	LTR/unknown
TE_00009255	DNA/Helitron
TE_00009253	DNA/DTM
TE_00009084_INT_03	LTR/unknown
TE_00009283	MITE/DTA
TE_00009251	DNA/DTA
TE_00009261_INT	LTR/Gypsy
TE_00009258_INT	LTR/Gypsy
TE_00009252_INT	LTR/Gypsy
TE_00009268_LTR	LTR/unknown
TE_00009281	MITE/DTA
TE_00009346	MITE/DTA
TE_00009273	MITE/DTA
TE_00009269	DNA/DTA
TE_00009230_01	DNA/DTA
TE_00009257_INT	LTR/unknown
TE_00009227_INT_01	LTR/Gypsy
TE_00009331	DNA/DTA
TE_00009263	DNA/DTA
TE_00009280	MITE/DTA
TE_00009154_INT_01	LTR/Gypsy
TE_00009301_INT	LTR/unknown
TE_00009360	MITE/DTA
TE_00009299	MITE/DTA
TE_00009292	DNA/DTA
TE_00009313_INT	LTR/unknown
TE_00009306_INT	LTR/Gypsy
TE_00009040_INT	LTR/unknown
TE_00009316	DNA/DTA
TE_00009353_LTR	LTR/Gypsy
TE_00009290_LTR	LTR/unknown
TE_00009356	MITE/DTA
TE_00009312_INT	LTR/Gypsy
TE_00009327_INT	LTR/Gypsy
TE_00009305	DNA/DTA
TE_00009383	MITE/DTA
TE_00009335	DNA/DTA
TE_00009243_INT	LTR/Gypsy
TE_00009367_LTR	LTR/Gypsy
TE_00009334_LTR	LTR/Gypsy
TE_00009329	DNA/DTA
TE_00009287_INT	LTR/unknown
TE_00009342	MITE/DTA
TE_00009315_INT	LTR/Gypsy
TE_00009236_INT_01	LTR/unknown
TE_00009352	DNA/DTA
TE_00009321	DNA/DTA
TE_00009339	DNA/DTT
TE_00009359	MITE/DTA
TE_00009385	MITE/DTA
TE_00009349_INT	LTR/Gypsy
TE_00009314_01	MITE/DTA
TE_00009375	MITE/DTM
TE_00009316_01	DNA/DTA
TE_00009377	MITE/DTA
TE_00009328	DNA/DTA
TE_00009398	DNA/DTC
TE_00009382	MITE/DTA
TE_00009327_INT_01	LTR/Gypsy
TE_00009362_INT	LTR/Gypsy
TE_00009312_INT_01	LTR/Gypsy
TE_00009379	DNA/DTA
TE_00009437	MITE/DTA
TE_00009440	MITE/DTA
TE_00009395	MITE/DTA
TE_00009272_01	DNA/DTC
TE_00009178_INT	LTR/Gypsy
TE_00009459	MITE/DTA
TE_00009389	DNA/DTA
TE_00009394	MITE/DTA
TE_00009315_INT_01	LTR/Gypsy
TE_00009403	DNA/DTA
TE_00009397	MITE/DTA
TE_00009381	DNA/DTA
TE_00009335_01	DNA/DTA
TE_00009455	DNA/DTA
TE_00009306_INT_02	LTR/Gypsy
TE_00009481	MITE/DTA
TE_00009411	DNA/Helitron
TE_00009460	MITE/DTA
TE_00009349_INT_01	LTR/Gypsy
TE_00009412_INT	LTR/Gypsy
TE_00009453	MITE/DTA
TE_00009339_01	DNA/DTT
TE_00009425	MITE/DTA
TE_00009418	MITE/DTA
TE_00009327_INT_02	LTR/Gypsy
TE_00009428	MITE/DTA
TE_00009420_LTR	LTR/unknown
TE_00009430	DNA/DTA
TE_00009513	MITE/DTM
TE_00009480	MITE/DTA
TE_00009315_INT_02	LTR/Gypsy
TE_00009312_INT_02	LTR/Gypsy
TE_00009446	DNA/DTH
TE_00009438	DNA/DTA
TE_00009376	DNA/DTC
TE_00009403_01	DNA/DTA
TE_00009458	DNA/DTM
TE_00009530	DNA/DTA
TE_00009510	MITE/DTA
TE_00009306_INT_03	LTR/Gypsy
TE_00009441	DNA/Helitron
TE_00009412_INT_01	LTR/Gypsy
TE_00009349_INT_02	LTR/Gypsy
TE_00009406	DNA/DTA
TE_00009488_LTR	LTR/unknown
TE_00007750_LTR	LTR/unknown
TE_00009445	DNA/DTM
TE_00009497	MITE/DTA
TE_00009452	DNA/DTA
TE_00009527	MITE/DTA
TE_00009483	MITE/DTA
TE_00009464	DNA/DTM
TE_00009485	DNA/DTA
TE_00009327_INT_03	LTR/Gypsy
TE_00009402_INT	LTR/Gypsy
TE_00009386_LTR	LTR/Copia
TE_00009509	MITE/DTA
TE_00009541	MITE/DTA
TE_00009487	DNA/DTA
TE_00009466_INT	LTR/Gypsy
TE_00009465_INT	LTR/Gypsy
TE_00009306_INT_04	LTR/Gypsy
TE_00009479_INT	LTR/Gypsy
TE_00009565	MITE/DTA
TE_00009570	MITE/DTA
TE_00009556	MITE/DTA
TE_00009594_LTR	LTR/Gypsy
TE_00009572_LTR	LTR/Gypsy
TE_00009578	MITE/DTA
TE_00009412_INT_02	LTR/Gypsy
TE_00009536	DNA/DTC
TE_00009586	MITE/DTA
TE_00009441_01	DNA/Helitron
TE_00009592	DNA/DTM
TE_00009526_INT	LTR/unknown
TE_00009551	MITE/DTA
TE_00009491_LTR	LTR/Gypsy
TE_00009540_INT	LTR/Gypsy
TE_00009537_INT	LTR/Gypsy
TE_00009542	DNA/DTA
TE_00009612	MITE/DTA
TE_00009611	MITE/DTA
TE_00009559	MITE/DTA
TE_00009522_INT	LTR/Gypsy
TE_00009553	MITE/DTA
TE_00009561	MITE/DTA
TE_00009557	DNA/DTC
TE_00009623	MITE/DTA
TE_00009625	MITE/DTA
TE_00009563	DNA/DTA
TE_00009449_LTR	LTR/Gypsy
TE_00009584	MITE/DTA
TE_00009603	DNA/DTC
TE_00009583	MITE/DTA
TE_00009532	DNA/DTA
TE_00009566	DNA/DTA
TE_00009637	MITE/DTA
TE_00009639	MITE/DTA
TE_00009591	MITE/DTA
TE_00009616_LTR	LTR/Gypsy
TE_00009642	MITE/DTA
TE_00009585	MITE/DTA
TE_00009484_INT	LTR/Gypsy
TE_00009523_01	DNA/DTA
TE_00009577	DNA/DTA
TE_00009598	DNA/DTA
TE_00009521_INT_01	LTR/Gypsy
TE_00009614	MITE/DTA
TE_00009663	MITE/DTA
TE_00009534_LTR	LTR/unknown
TE_00009537_INT_01	LTR/Gypsy
TE_00009549	DNA/DTA
TE_00009596_LTR	LTR/Gypsy
TE_00009597	DNA/DTA
TE_00009564_LTR	LTR/Gypsy
TE_00009678	MITE/DTA
TE_00009621	DNA/Helitron
TE_00009646	DNA/DTA
TE_00009684	MITE/DTA
TE_00009566_01	DNA/DTA
TE_00009628	DNA/DTM
TE_00009634	DNA/DTC
TE_00009620_INT	LTR/Gypsy
TE_00009629_INT	LTR/Gypsy
TE_00009708	MITE/DTA
TE_00009658	MITE/DTA
TE_00009640	DNA/DTA
TE_00009447_INT_02	LTR/Gypsy
TE_00009673	MITE/DTA
TE_00009666	DNA/DTA
TE_00009498_INT	LTR/Gypsy
TE_00009537_INT_02	LTR/Gypsy
TE_00009569_INT	LTR/unknown
TE_00009741	MITE/DTA
TE_00009661	DNA/DTC
TE_00009685	MITE/DTA
TE_00009665	DNA/DTA
TE_00009521_INT_02	LTR/Gypsy
TE_00009669_LTR	LTR/Copia
TE_00009644_INT	LTR/Gypsy
TE_00009643_INT	LTR/Copia
TE_00009750	MITE/DTA
TE_00009656_LTR	LTR/Gypsy
TE_00009767	MITE/DTA
TE_00009640_01	DNA/DTA
TE_00009629_INT_01	LTR/Gypsy
TE_00009715	MITE/DTA
TE_00009704	DNA/DTA
TE_00009632	DNA/DTA
TE_00009782	MITE/DTA
TE_00009718	MITE/DTA
TE_00009714	DNA/DTA
TE_00009784	DNA/DTM
TE_00009711	DNA/DTC
TE_00009645_01	DNA/DTA
TE_00009699_INT	LTR/Gypsy
TE_00009723_INT	LTR/Gypsy
TE_00009721_LTR	LTR/unknown
TE_00009742	DNA/DTA
TE_00009713_INT	LTR/unknown
TE_00009732_LTR	LTR/Gypsy
TE_00009756_INT	LTR/Gypsy
TE_00009669_LTR_01	LTR/Copia
TE_00009795	MITE/DTA
TE_00009766	DNA/DTA
TE_00009690_INT	LTR/unknown
TE_00009769	MITE/DTA
TE_00009629_INT_02	LTR/Gypsy
TE_00009814	DNA/DTA
TE_00009779	MITE/DTA
TE_00009832	MITE/DTA
TE_00009781_INT	LTR/Gypsy
TE_00009774_INT	LTR/Gypsy
TE_00009775	MITE/DTA
TE_00009752_INT	LTR/Gypsy
TE_00009783	MITE/DTA
TE_00009754_INT	LTR/Gypsy
TE_00009788	MITE/DTA
TE_00009757_INT	LTR/Gypsy
TE_00009723_INT_01	LTR/Gypsy
TE_00009797	DNA/DTA
TE_00009773_INT	LTR/Gypsy
TE_00009713_INT_01	LTR/unknown
TE_00009801	DNA/DTA
TE_00009841	MITE/DTA
TE_00009840	DNA/DTC
TE_00009809_LTR	LTR/unknown
TE_00009806	MITE/DTA
TE_00009676_INT	LTR/unknown
TE_00009776_LTR	LTR/unknown
TE_00009803	DNA/DTA
TE_00009860	MITE/DTA
TE_00009815	MITE/DTA
TE_00009808	DNA/DTA
TE_00009755	DNA/DTA
TE_00009812	MITE/DTA
TE_00009772	DNA/DTC
TE_00009629_INT_03	LTR/Gypsy
TE_00009820_LTR	LTR/Gypsy
TE_00009789_INT	LTR/Gypsy
TE_00009904	DNA/DTA
TE_00009567_INT_03	LTR/unknown
TE_00009884	MITE/DTA
TE_00009829	DNA/DTC
TE_00009824_LTR	LTR/Copia
TE_00009811	DNA/DTA
TE_00009833_INT	LTR/Gypsy
TE_00009713_INT_02	LTR/unknown
TE_00009847	MITE/DTA
TE_00009854	MITE/DTA
TE_00009659_INT	LTR/unknown
TE_00009849_INT	LTR/Gypsy
TE_00009919	MITE/DTA
TE_00009880	DNA/DTC
TE_00009943	MITE/DTA
TE_00009855	DNA/DTA
TE_00009798	DNA/Helitron
TE_00009871	DNA/DTA
TE_00009808_01	DNA/DTA
TE_00009810	DNA/DTA
TE_00009878	MITE/DTA
TE_00009653_INT	LTR/unknown
TE_00009865	DNA/DTA
TE_00009923_LTR	LTR/Gypsy
TE_00009936	MITE/DTA
TE_00009858	DNA/DTA
TE_00009896	MITE/DTA
TE_00009931	MITE/DTA
TE_00009897	MITE/DTA
TE_00009838	DNA/DTA
TE_00009866_INT	LTR/Gypsy
TE_00009823	DNA/DTC
TE_00009837_LTR	LTR/Gypsy
TE_00009902	DNA/DTM
TE_00009966	MITE/DTA
TE_00009911	DNA/DTT
TE_00009964	MITE/DTA
TE_00009920	MITE/DTA
TE_00009888_INT	LTR/unknown
TE_00009872	DNA/Helitron
TE_00009717_INT	LTR/unknown
TE_00009901_INT	LTR/unknown
TE_00009862_LTR	LTR/Gypsy
TE_00009932	MITE/DTA
TE_00009899	DNA/DTA
TE_00010007	MITE/DTA
TE_00009928	DNA/DTM
TE_00009944	MITE/DTA
TE_00009984	MITE/DTA
TE_00009849_INT_01	LTR/Gypsy
TE_00009875_LTR	LTR/Gypsy
TE_00009958	MITE/DTA
TE_00009952	DNA/DTA
TE_00010025	MITE/DTA
TE_00010031	MITE/DTA
TE_00010032	MITE/DTA
TE_00009970	MITE/DTA
TE_00009968	DNA/DTA
TE_00010018	MITE/DTA
TE_00009980	MITE/DTA
TE_00009881_INT	LTR/Copia
TE_00009986_INT	LTR/unknown
TE_00009921_INT	LTR/Gypsy
TE_00009839	DNA/DTC
TE_00009990	MITE/DTA
TE_00010003	DNA/DTA
TE_00009862_LTR_01	LTR/Gypsy
TE_00009989	DNA/DTC
TE_00009981	DNA/DTA
TE_00010013	MITE/DTA
TE_00009967_INT	LTR/unknown
TE_00010005	MITE/DTA
TE_00010002	MITE/DTA
TE_00009961	DNA/DTA
TE_00010012	MITE/DTA
TE_00010054	MITE/DTA
TE_00010070	MITE/DTA
TE_00009987	DNA/DTA
TE_00009849_INT_02	LTR/Gypsy
TE_00010009_INT	LTR/unknown
TE_00010068	MITE/DTA
TE_00009901_INT_01	LTR/unknown
TE_00010040	DNA/DTA
TE_00010001_LTR	LTR/unknown
TE_00010041	DNA/DTA
TE_00010014_INT	LTR/Gypsy
TE_00010091	MITE/DTA
TE_00010082	MITE/DTA
TE_00009979_LTR	LTR/Gypsy
TE_00010029_INT	LTR/Gypsy
TE_00009881_INT_01	LTR/Copia
TE_00010043	MITE/DTA
TE_00010047	MITE/DTA
TE_00010046	MITE/DTA
TE_00010044	DNA/DTM
TE_00009921_INT_01	LTR/Gypsy
TE_00009981_01	DNA/DTA
TE_00010053	MITE/DTA
TE_00010037_INT	LTR/unknown
TE_00010065	MITE/DTA
TE_00010116	MITE/DTM
TE_00010067	MITE/DTA
TE_00009862_LTR_02	LTR/Gypsy
TE_00010147_LTR	LTR/Gypsy
TE_00010074	DNA/DTA
TE_00010080	DNA/DTA
TE_00010144	MITE/DTA
TE_00010029_INT_01	LTR/Gypsy
TE_00010087_INT	LTR/Gypsy
TE_00010100	MITE/DTA
TE_00010075_INT	LTR/Gypsy
TE_00010078	DNA/DTM
TE_00010089_INT	LTR/unknown
TE_00010098	DNA/DTM
TE_00010106	DNA/DTC
TE_00009926_INT	LTR/Gypsy
TE_00009903_INT	LTR/Gypsy
TE_00010103	DNA/DTC
TE_00009868_LTR	LTR/unknown
TE_00010076	DNA/DTM
TE_00010154_LTR	LTR/Gypsy
TE_00010107	DNA/Helitron
TE_00010111	MITE/DTA
TE_00010058_INT	LTR/Gypsy
TE_00010109_INT	LTR/Gypsy
TE_00010071	DNA/Helitron
TE_00010120	MITE/DTA
TE_00010037_INT_01	LTR/unknown
TE_00010090_INT	LTR/Gypsy
TE_00010161	MITE/DTA
TE_00010079_INT	LTR/Gypsy
TE_00010114	DNA/DTC
TE_00010117	DNA/Helitron
TE_00010069_LTR	LTR/Gypsy
TE_00010094	DNA/DTM
TE_00010112	DNA/Helitron
TE_00010135_INT	LTR/Gypsy
TE_00010146	MITE/DTA
TE_00010145	MITE/DTA
TE_00010131_LTR	LTR/Gypsy
TE_00010127	DNA/DTA
TE_00010124	DNA/DTA
TE_00010123_INT	LTR/Gypsy
TE_00010089_INT_01	LTR/unknown
TE_00010136_INT	LTR/Gypsy
TE_00010153	DNA/DTA
TE_00000199_INT	LTR/Gypsy
TE_00010109_INT_01	LTR/Gypsy
TE_00010009_INT_02	LTR/unknown
TE_00010087_INT_01	LTR/Gypsy
TE_00000017_n2	unknown
TE_00010168	MITE/DTA
TE_00010172	DNA/DTC
TE_00010117_01	DNA/Helitron
TE_00000261_INT	LTR/Gypsy
TE_00000175_LTR	LTR/Retrovirus
TE_00010109_INT_02	LTR/Gypsy
TE_00000396_LTR	LTR/Gypsy
TE_00010150	DNA/DTM
TE_00010160_INT	LTR/Gypsy
TE_00010151_LTR_01	LTR/Gypsy
TE_00000419_n2	MITE/DTM
TE_00010136_INT_01	LTR/Gypsy
TE_00010110_LTR	LTR/Gypsy
TE_00000317_LTR	LTR/Gypsy
TE_00000142_INT	LTR/Copia
TE_00010073_INT	LTR/unknown
TE_00000131_INT	LTR/unknown
TE_00010136_INT_02	LTR/Gypsy
TE_00000753_n2	MITE/DTM
TE_00000312_INT	LTR/Copia
TE_00000596_INT	LTR/Gypsy
TE_00000556_LTR	LTR/Gypsy
TE_00000933_LTR	LTR/unknown
TE_00000911_n2	DNA/DTH
TE_00000580_LTR	LTR/Gypsy
TE_00001118_INT	LTR/unknown
TE_00000446_INT	LTR/unknown
TE_00001132_LTR	LTR/Gypsy
TE_00001179_LTR	LTR/Gypsy
TE_00001124_INT	LTR/unknown
TE_00001219_INT	LTR/unknown
TE_00001374_INT	LTR/Gypsy
TE_00001013_INT	LTR/Gypsy
TE_00001306_LTR_n2	LTR/Copia
TE_00001192_n2	DNA/DTC
TE_00001057_INT	LTR/Retrovirus
TE_00000887_INT	LTR/Gypsy
TE_00001627_LTR	LTR/unknown
TE_00001382_n2	DNA/DTM
TE_00001735_LTR	LTR/Gypsy
TE_00001666_LTR	LTR/Gypsy
TE_00000919_LTR	LTR/unknown
TE_00001707_n2	DNA/DTC
TE_00001833_LTR	LTR/Gypsy
TE_00001462_LTR	LTR/Gypsy
TE_00001686_LTR	LTR/unknown
TE_00001436_LTR	LTR/Retrovirus
TE_00001844_LTR	LTR/Gypsy
TE_00001461_LTR	LTR/Gypsy
TE_00001696_LTR	LTR/Copia
TE_00002075_n2	DNA/DTC
TE_00001985_n2	DNA/DTC
TE_00001932_INT	LTR/Gypsy
TE_00002158_n2	DNA/DTT
TE_00002476_LTR	LTR/Gypsy
TE_00002371_LTR	LTR/unknown
TE_00002056_INT	LTR/Gypsy
TE_00002416_LTR	LTR/unknown
TE_00002167_INT	LTR/Gypsy
TE_00002645_INT	LTR/Retrovirus
TE_00002438_n2	DNA/DTM
TE_00002838_n2	DNA/DTM
TE_00003004_LTR	LTR/Gypsy
TE_00002676_INT_n2	LTR/Copia
TE_00003003_LTR	LTR/Gypsy
TE_00002601_n2	DNA/DTT
TE_00003083_INT	LTR/Gypsy
TE_00003090_n2	DNA/DTC
TE_00003098_n2	MITE/DTC
TE_00003117_n2	MITE/DTH
TE_00002888_n2	DNA/DTM
TE_00003367_n2	MITE/DTM
TE_00001692_INT	LTR/Retrovirus
TE_00002933_INT	LTR/unknown
TE_00003162_INT_n2	LTR/Copia
TE_00003366_LTR	LTR/Gypsy
TE_00003189_n2	DNA/DTC
TE_00003179_INT	LTR/Retrovirus
TE_00004012_n2	LINE/I-Jockey
TE_00003951_n2	LINE/RTE-BovB
TE_00003920_n2	LINE/Penelope
TE_00003639_INT	LTR/Copia
TE_00004062_n2	LINE/RTE-X
TE_00003958	LINE/I-Jockey
TE_00003972_n2	LINE/RTE-BovB
TE_00003970_n2	LINE/RTE-X
TE_00004014_n2	LINE/I-Jockey
TE_00003866_n2	DNA/Helitron
TE_00004030_n2	LINE/RTE-RTE
TE_00003937_n2	LINE/Penelope
TE_00003925_n2	LINE/RTE-BovB
TE_00003929_n2	LINE/Penelope
TE_00003876	LINE/CR1
TE_00003639_INT_01	LTR/Copia
TE_00004018_n2	LINE/Rex-Babar
TE_00004029_n2	LINE/CR1
TE_00004017_n2_01	LINE/CR1
TE_00004103_n2	LINE/Penelope
TE_00004054_n2	LINE/CR1
TE_00003922_n2	LINE/CR1
TE_00004050_n2	LINE/Rex-Babar
TE_00003917	LINE/RTE-X
TE_00003380_INT_n2	LTR/Copia
TE_00004017_n2_02	LINE/CR1
TE_00004108	LINE/CR1
TE_00003973	LINE/Rex-Babar
TE_00004107_n2	LINE/RTE-X
TE_00003995_n2	LINE/CR1
TE_00004001_n2	LINE/CR1
TE_00004032	LINE/CR1
TE_00004100_n2	LINE/CR1
TE_00004011_n2_01	LINE/CR1
TE_00004050_n2_01	LINE/Rex-Babar
TE_00003915_02	LINE/RTE-X
TE_00004087_n2_01	LINE/CR1
TE_00003930_n2_02	LINE/L2
TE_00004100_n2_01	LINE/CR1
TE_00003930_n2_03	LINE/L2
TE_00004000_n2	LINE/CR1
TE_00004016_03	LINE/CR1
